1,1,1418.393,319.759,98.028,165.604,0.893612,-1,-1,-1
1,2,750.830,451.911,71.888,172.684,0.891221,-1,-1,-1
1,3,259.572,438.395,71.354,172.140,0.886437,-1,-1,-1
1,4,1463.852,472.665,78.852,172.920,0.886265,-1,-1,-1
1,5,1408.075,702.005,115.246,187.642,0.883740,-1,-1,-1
1,6,199.864,43.765,68.171,119.668,0.879632,-1,-1,-1
1,7,706.253,239.741,60.711,150.882,0.876133,-1,-1,-1
1,8,666.086,649.423,78.915,206.378,0.874492,-1,-1,-1
1,9,1673.435,11.276,51.959,130.105,0.872316,-1,-1,-1
1,10,31.586,796.072,109.726,194.914,0.871593,-1,-1,-1
1,11,1793.354,144.555,58.699,130.505,0.869785,-1,-1,-1
1,12,567.647,276.058,60.767,135.992,0.866364,-1,-1,-1
1,13,1091.250,45.828,42.189,100.595,0.863388,-1,-1,-1
1,14,1612.491,16.521,40.695,110.477,0.859956,-1,-1,-1
1,15,928.897,174.038,56.380,132.188,0.859725,-1,-1,-1
1,16,798.783,78.560,49.353,126.973,0.855695,-1,-1,-1
1,17,359.167,27.149,44.788,115.019,0.849810,-1,-1,-1
1,18,1204.102,127.916,49.362,140.317,0.846726,-1,-1,-1
1,19,1580.240,18.202,40.429,107.413,0.846372,-1,-1,-1
1,20,1140.947,950.456,104.333,129.533,0.845780,-1,-1,-1
1,21,852.856,70.572,40.898,129.527,0.842242,-1,-1,-1
1,22,905.398,0.062,35.292,84.497,0.839559,-1,-1,-1
1,23,1139.044,504.426,73.464,153.302,0.838586,-1,-1,-1
1,24,1386.081,55.236,36.893,130.818,0.837566,-1,-1,-1
1,25,728.913,0.268,44.119,109.519,0.828334,-1,-1,-1
1,26,1164.863,149.367,45.499,134.326,0.827855,-1,-1,-1
1,27,1303.699,7.717,40.671,102.705,0.822625,-1,-1,-1
1,28,990.287,102.257,48.636,133.350,0.819582,-1,-1,-1
1,29,891.461,89.792,43.580,124.832,0.817872,-1,-1,-1
1,30,569.453,201.898,49.887,116.503,0.817164,-1,-1,-1
1,31,1721.691,78.777,60.119,147.931,0.816838,-1,-1,-1
1,32,1690.316,149.875,59.866,134.724,0.812028,-1,-1,-1
1,33,92.609,131.120,52.168,119.892,0.809227,-1,-1,-1
1,34,1400.356,0.000,39.955,98.082,0.807607,-1,-1,-1
1,35,139.898,0.099,52.535,53.401,0.805158,-1,-1,-1
1,36,1819.663,0.005,37.624,53.009,0.792779,-1,-1,-1
1,37,1896.671,91.019,23.317,106.287,0.790739,-1,-1,-1
1,38,379.707,491.773,131.643,182.693,0.780297,-1,-1,-1
1,39,1278.037,47.067,34.818,77.082,0.741259,-1,-1,-1
1,40,343.778,496.285,74.120,149.296,0.668701,-1,-1,-1
1,41,784.378,0.001,30.964,15.401,0.651748,-1,-1,-1
1,42,1854.836,707.011,65.162,184.045,0.644265,-1,-1,-1
1,43,294.122,0.000,43.063,13.969,0.455351,-1,-1,-1
2,1,1422.514,322.750,96.765,162.514,0.892956,-1,-1,-1
2,3,256.967,442.214,70.623,167.878,0.882432,-1,-1,-1
2,4,1467.149,478.281,77.311,171.299,0.882031,-1,-1,-1
2,2,754.031,445.257,70.334,174.121,0.876347,-1,-1,-1
2,10,34.789,798.844,109.052,193.792,0.874218,-1,-1,-1
2,6,206.384,39.842,61.877,117.731,0.873778,-1,-1,-1
2,11,1794.103,148.763,58.924,129.900,0.873389,-1,-1,-1
2,7,708.872,233.847,56.930,142.337,0.872184,-1,-1,-1
2,5,1401.960,703.332,117.689,185.836,0.870923,-1,-1,-1
2,9,1675.447,11.845,51.455,129.521,0.865215,-1,-1,-1
2,12,569.000,281.276,60.922,134.349,0.863130,-1,-1,-1
2,15,928.496,177.658,57.316,136.764,0.862795,-1,-1,-1
2,13,1091.992,47.329,41.878,103.300,0.861652,-1,-1,-1
2,14,1613.495,16.329,40.744,111.849,0.858918,-1,-1,-1
2,20,1141.043,939.818,103.023,140.182,0.857428,-1,-1,-1
2,16,799.537,77.736,51.458,124.532,0.857307,-1,-1,-1
2,8,669.704,639.879,76.560,206.132,0.851531,-1,-1,-1
2,23,1138.642,494.830,74.060,156.955,0.850000,-1,-1,-1
2,18,1204.133,123.916,49.289,138.857,0.849492,-1,-1,-1
2,17,361.574,23.913,45.839,113.851,0.848909,-1,-1,-1
2,21,852.314,69.106,41.492,129.914,0.845630,-1,-1,-1
2,33,95.849,131.156,49.479,119.658,0.841564,-1,-1,-1
2,22,906.712,0.094,34.880,84.057,0.841325,-1,-1,-1
2,19,1582.197,18.266,40.406,106.774,0.840754,-1,-1,-1
2,24,1386.451,53.412,36.912,132.114,0.833342,-1,-1,-1
2,30,570.384,203.036,50.081,116.710,0.825862,-1,-1,-1
2,25,728.420,5.306,39.791,101.397,0.823461,-1,-1,-1
2,26,1167.137,147.283,45.498,135.151,0.822883,-1,-1,-1
2,31,1724.419,79.294,59.576,152.680,0.821272,-1,-1,-1
2,28,990.972,103.084,49.402,132.386,0.817497,-1,-1,-1
2,27,1302.625,6.769,41.769,102.985,0.817070,-1,-1,-1
2,34,1400.674,0.000,40.714,98.256,0.812542,-1,-1,-1
2,29,894.818,87.766,41.610,126.185,0.808621,-1,-1,-1
2,35,142.740,0.000,51.124,52.698,0.792376,-1,-1,-1
2,36,1819.782,0.000,38.099,52.388,0.788370,-1,-1,-1
2,37,1896.754,92.681,23.215,106.191,0.787406,-1,-1,-1
2,38,380.588,490.444,127.947,183.419,0.778378,-1,-1,-1
2,39,1278.554,46.247,33.318,76.976,0.747853,-1,-1,-1
2,32,1684.345,147.496,69.094,145.270,0.729361,-1,-1,-1
2,40,343.491,495.688,64.586,149.771,0.726474,-1,-1,-1
2,43,292.575,0.000,40.870,16.076,0.544473,-1,-1,-1
2,42,1855.997,708.967,64.003,139.537,0.522693,-1,-1,-1
2,41,777.993,0.098,37.422,14.277,0.297883,-1,-1,-1
3,1,1421.186,323.986,99.718,160.746,0.888319,-1,-1,-1
3,3,255.725,443.240,70.524,166.449,0.882113,-1,-1,-1
3,4,1468.658,480.480,76.609,169.539,0.880699,-1,-1,-1
3,10,36.846,799.463,107.935,193.308,0.878447,-1,-1,-1
3,11,1794.048,150.786,59.356,129.848,0.877254,-1,-1,-1
3,20,1140.896,936.202,103.171,143.078,0.876260,-1,-1,-1
3,6,208.894,37.413,59.625,115.930,0.876186,-1,-1,-1
3,2,755.148,441.929,69.321,172.570,0.872260,-1,-1,-1
3,15,927.977,179.091,58.086,136.671,0.870931,-1,-1,-1
3,7,709.817,230.661,56.166,140.827,0.869919,-1,-1,-1
3,5,1398.463,703.341,119.328,185.691,0.868409,-1,-1,-1
3,9,1676.063,12.133,51.938,129.195,0.866936,-1,-1,-1
3,8,670.978,635.818,75.590,201.925,0.866683,-1,-1,-1
3,12,569.915,280.874,61.069,136.245,0.865138,-1,-1,-1
3,14,1613.184,16.359,41.609,111.622,0.859853,-1,-1,-1
3,13,1091.640,48.961,42.556,105.429,0.858907,-1,-1,-1
3,16,799.767,76.623,51.850,123.882,0.856736,-1,-1,-1
3,17,363.031,21.759,46.889,115.588,0.849824,-1,-1,-1
3,18,1203.752,122.601,49.386,135.599,0.849696,-1,-1,-1
3,21,852.291,68.215,40.929,130.748,0.846915,-1,-1,-1
3,33,95.794,130.794,49.602,119.774,0.843802,-1,-1,-1
3,19,1582.370,18.693,41.015,106.656,0.836990,-1,-1,-1
3,24,1386.117,52.449,37.583,132.891,0.834641,-1,-1,-1
3,30,570.669,204.868,50.717,114.455,0.832066,-1,-1,-1
3,22,907.819,0.043,34.169,84.117,0.830830,-1,-1,-1
3,25,728.749,3.622,38.401,99.679,0.830435,-1,-1,-1
3,23,1137.994,494.059,74.630,152.424,0.830339,-1,-1,-1
3,31,1725.692,79.425,59.379,154.001,0.829440,-1,-1,-1
3,26,1167.725,146.437,45.635,135.429,0.829230,-1,-1,-1
3,29,895.355,87.123,42.190,126.529,0.820943,-1,-1,-1
3,34,1400.994,0.000,41.243,97.411,0.817596,-1,-1,-1
3,28,988.595,103.813,52.412,133.487,0.814610,-1,-1,-1
3,27,1301.505,6.353,43.082,103.114,0.810919,-1,-1,-1
3,38,384.456,489.868,123.476,183.906,0.809296,-1,-1,-1
3,42,1853.820,709.988,66.169,136.264,0.785140,-1,-1,-1
3,37,1896.884,95.387,23.116,103.304,0.782343,-1,-1,-1
3,32,1693.474,151.780,60.037,145.974,0.781862,-1,-1,-1
3,36,1819.623,0.000,38.391,52.180,0.781340,-1,-1,-1
3,44,748.621,0.000,67.994,51.910,0.771408,-1,-1,-1
3,35,146.640,0.000,48.864,51.088,0.767021,-1,-1,-1
3,40,344.211,495.242,60.830,150.117,0.766225,-1,-1,-1
3,39,1278.576,45.250,33.819,77.355,0.711263,-1,-1,-1
3,43,292.343,0.000,40.508,16.967,0.523702,-1,-1,-1
4,1,1447.564,325.615,75.145,159.289,0.888026,-1,-1,-1
4,4,1469.890,482.542,76.810,167.301,0.882252,-1,-1,-1
4,2,756.358,438.872,67.894,166.763,0.881579,-1,-1,-1
4,3,254.966,444.907,70.161,164.768,0.878000,-1,-1,-1
4,20,1141.195,929.702,102.660,149.754,0.876693,-1,-1,-1
4,10,38.361,800.520,106.768,192.267,0.876459,-1,-1,-1
4,11,1793.868,152.911,59.553,130.320,0.875324,-1,-1,-1
4,5,1396.448,704.061,119.766,184.869,0.872906,-1,-1,-1
4,15,927.713,180.801,57.896,136.829,0.868966,-1,-1,-1
4,7,710.796,228.206,54.915,141.759,0.867801,-1,-1,-1
4,12,570.576,281.572,60.733,135.934,0.865052,-1,-1,-1
4,6,211.488,35.743,56.608,114.654,0.864970,-1,-1,-1
4,13,1091.562,50.530,42.729,104.871,0.861625,-1,-1,-1
4,14,1613.318,16.401,42.263,111.709,0.861059,-1,-1,-1
4,23,1137.455,490.517,75.136,149.162,0.860873,-1,-1,-1
4,9,1676.882,12.173,52.432,128.931,0.859536,-1,-1,-1
4,17,364.250,20.050,50.803,115.531,0.858846,-1,-1,-1
4,16,799.928,75.996,52.024,123.782,0.857094,-1,-1,-1
4,8,672.092,629.994,75.316,193.334,0.853680,-1,-1,-1
4,21,851.877,67.712,41.073,130.722,0.847789,-1,-1,-1
4,18,1203.192,121.474,49.820,138.579,0.837918,-1,-1,-1
4,19,1582.923,18.821,41.262,106.245,0.837487,-1,-1,-1
4,24,1386.159,53.474,37.199,131.409,0.833148,-1,-1,-1
4,26,1168.222,145.532,46.134,135.386,0.832806,-1,-1,-1
4,25,728.948,1.887,38.379,98.447,0.830808,-1,-1,-1
4,33,95.600,130.032,49.859,120.088,0.829877,-1,-1,-1
4,30,571.246,206.362,50.009,114.318,0.829526,-1,-1,-1
4,34,1401.103,0.000,41.742,97.264,0.827593,-1,-1,-1
4,22,908.336,0.000,34.901,83.909,0.825388,-1,-1,-1
4,28,988.067,105.415,53.288,136.400,0.820656,-1,-1,-1
4,29,896.576,85.792,41.564,127.224,0.819907,-1,-1,-1
4,38,386.057,489.190,119.272,184.460,0.817429,-1,-1,-1
4,31,1727.552,81.094,58.706,152.525,0.811181,-1,-1,-1
4,27,1302.513,5.985,42.122,103.450,0.810123,-1,-1,-1
4,37,1897.171,95.173,22.829,103.577,0.776334,-1,-1,-1
4,36,1819.892,0.007,38.037,51.700,0.773000,-1,-1,-1
4,42,1853.922,707.411,66.078,137.653,0.772158,-1,-1,-1
4,40,344.191,495.017,59.684,150.184,0.770545,-1,-1,-1
4,32,1694.621,154.372,60.701,145.898,0.770130,-1,-1,-1
4,44,746.641,0.000,69.198,51.673,0.763552,-1,-1,-1
4,35,148.063,0.000,46.400,48.506,0.759697,-1,-1,-1
4,43,291.021,0.000,40.283,18.042,0.575230,-1,-1,-1
4,45,462.451,512.464,55.496,132.192,0.506978,-1,-1,-1
4,39,1280.123,44.799,33.111,77.560,0.449362,-1,-1,-1
5,1,1454.923,328.003,69.555,156.861,0.891839,-1,-1,-1
5,4,1470.317,484.658,77.387,165.778,0.882972,-1,-1,-1
5,3,252.188,446.425,71.585,163.044,0.881934,-1,-1,-1
5,5,1394.324,704.873,119.484,183.673,0.878650,-1,-1,-1
5,2,756.914,435.453,66.571,161.206,0.878375,-1,-1,-1
5,11,1793.966,154.392,60.190,131.783,0.872211,-1,-1,-1
5,10,38.855,801.231,106.497,191.491,0.872032,-1,-1,-1
5,15,926.996,182.300,58.214,136.815,0.867419,-1,-1,-1
5,7,711.277,225.631,54.542,143.914,0.866951,-1,-1,-1
5,14,1613.702,16.412,42.962,111.878,0.860160,-1,-1,-1
5,13,1092.056,51.652,42.424,104.953,0.859682,-1,-1,-1
5,6,213.986,33.884,54.305,115.344,0.856555,-1,-1,-1
5,20,1141.674,923.963,99.772,155.717,0.856422,-1,-1,-1
5,9,1678.007,12.267,52.528,128.475,0.856361,-1,-1,-1
5,17,365.668,18.477,52.578,116.276,0.855893,-1,-1,-1
5,12,571.380,283.719,60.731,134.399,0.855401,-1,-1,-1
5,8,672.521,624.484,75.170,189.494,0.853014,-1,-1,-1
5,16,800.130,74.686,52.211,124.460,0.851937,-1,-1,-1
5,21,851.557,67.169,40.956,131.038,0.850803,-1,-1,-1
5,18,1202.870,119.441,50.324,141.795,0.840284,-1,-1,-1
5,26,1168.094,144.197,47.119,134.991,0.835860,-1,-1,-1
5,19,1583.171,18.832,41.682,105.990,0.835356,-1,-1,-1
5,24,1386.102,51.452,37.855,133.234,0.833897,-1,-1,-1
5,25,728.805,0.452,38.106,97.234,0.833359,-1,-1,-1
5,23,1137.137,484.304,75.496,148.901,0.832365,-1,-1,-1
5,30,572.039,208.103,48.970,113.796,0.831711,-1,-1,-1
5,34,1401.108,0.000,42.138,97.064,0.819230,-1,-1,-1
5,29,898.269,86.918,39.841,125.039,0.815073,-1,-1,-1
5,38,385.571,489.053,87.652,184.375,0.814289,-1,-1,-1
5,22,908.726,0.000,34.988,83.567,0.812961,-1,-1,-1
5,28,990.249,106.627,51.351,140.007,0.810387,-1,-1,-1
5,31,1728.109,82.413,59.009,150.008,0.809824,-1,-1,-1
5,27,1303.350,5.796,41.253,103.535,0.807249,-1,-1,-1
5,32,1695.025,158.812,63.493,143.312,0.798668,-1,-1,-1
5,33,92.677,129.295,52.601,120.713,0.793922,-1,-1,-1
5,37,1897.575,95.661,22.425,102.887,0.775327,-1,-1,-1
5,40,344.182,494.345,59.193,150.691,0.769820,-1,-1,-1
5,36,1820.114,0.001,38.396,51.421,0.768403,-1,-1,-1
5,35,149.397,0.000,44.918,46.675,0.754295,-1,-1,-1
5,44,751.809,0.000,63.588,51.440,0.752413,-1,-1,-1
5,42,1853.708,696.670,66.285,181.747,0.741337,-1,-1,-1
5,43,290.890,0.000,40.529,18.314,0.575771,-1,-1,-1
5,45,461.500,512.155,56.428,133.005,0.446444,-1,-1,-1
5,39,1279.503,43.339,35.205,78.353,0.361024,-1,-1,-1
5,46,1280.119,44.369,34.224,77.602,0.537454,-1,-1,-1
6,1,1454.296,330.153,72.108,153.784,0.887376,-1,-1,-1
6,4,1470.817,485.815,77.801,163.755,0.886012,-1,-1,-1
6,3,250.790,448.661,73.225,161.493,0.880102,-1,-1,-1
6,5,1393.605,705.691,117.754,182.454,0.879911,-1,-1,-1
6,2,756.987,432.149,65.198,161.212,0.877587,-1,-1,-1
6,11,1794.009,155.198,60.703,132.534,0.869209,-1,-1,-1
6,7,711.572,223.746,54.952,145.163,0.865525,-1,-1,-1
6,14,1613.944,16.367,43.583,111.502,0.865119,-1,-1,-1
6,15,926.634,183.989,58.074,139.172,0.864998,-1,-1,-1
6,9,1678.291,12.418,52.912,127.827,0.859272,-1,-1,-1
6,6,216.251,31.646,52.185,116.934,0.858532,-1,-1,-1
6,8,672.336,619.309,75.392,186.448,0.858118,-1,-1,-1
6,12,571.334,285.044,61.819,132.776,0.857814,-1,-1,-1
6,13,1092.555,53.349,41.801,104.820,0.856557,-1,-1,-1
6,17,366.641,18.105,55.620,116.009,0.855216,-1,-1,-1
6,10,40.550,803.053,106.114,188.086,0.854330,-1,-1,-1
6,21,850.867,66.750,41.435,131.240,0.851713,-1,-1,-1
6,16,800.386,73.880,51.747,124.920,0.850181,-1,-1,-1
6,20,1142.014,918.122,100.780,161.845,0.849316,-1,-1,-1
6,32,1695.944,160.717,61.528,142.644,0.844346,-1,-1,-1
6,23,1136.986,484.113,75.583,143.876,0.843902,-1,-1,-1
6,25,727.626,0.000,39.618,95.551,0.842918,-1,-1,-1
6,31,1728.561,83.463,58.843,134.896,0.838771,-1,-1,-1
6,19,1584.496,19.026,41.125,105.212,0.835267,-1,-1,-1
6,18,1202.192,118.572,50.856,138.337,0.832833,-1,-1,-1
6,24,1386.539,50.982,37.647,133.420,0.832362,-1,-1,-1
6,26,1168.812,142.785,46.367,134.559,0.829808,-1,-1,-1
6,33,77.893,128.709,67.800,121.356,0.821109,-1,-1,-1
6,30,572.132,209.356,49.736,115.209,0.819985,-1,-1,-1
6,29,900.045,84.635,38.710,126.033,0.818285,-1,-1,-1
6,27,1303.486,5.386,41.133,103.410,0.814196,-1,-1,-1
6,34,1401.167,0.000,42.435,97.049,0.811436,-1,-1,-1
6,44,759.529,0.000,59.442,51.044,0.808257,-1,-1,-1
6,22,909.073,0.000,34.810,83.060,0.806875,-1,-1,-1
6,38,384.576,489.367,124.539,183.398,0.806413,-1,-1,-1
6,28,991.020,108.556,50.439,141.107,0.803084,-1,-1,-1
6,40,343.983,493.419,58.859,151.298,0.781810,-1,-1,-1
6,36,1820.083,0.006,38.674,51.059,0.768422,-1,-1,-1
6,37,1897.676,95.221,22.324,103.521,0.762981,-1,-1,-1
6,35,151.138,0.000,43.313,43.908,0.754414,-1,-1,-1
6,42,1853.761,665.590,66.147,201.105,0.644641,-1,-1,-1
6,43,289.394,0.000,42.076,18.179,0.552938,-1,-1,-1
6,39,1277.039,42.969,37.999,78.691,0.329556,-1,-1,-1
6,46,1280.080,43.547,34.331,78.252,0.534137,-1,-1,-1
7,4,1471.627,488.385,78.828,161.408,0.891018,-1,-1,-1
7,1,1455.389,333.120,71.611,159.096,0.881019,-1,-1,-1
7,2,757.325,429.034,63.229,155.834,0.880448,-1,-1,-1
7,3,249.075,451.052,75.188,165.375,0.878866,-1,-1,-1
7,5,1392.702,706.597,116.395,182.078,0.872395,-1,-1,-1
7,11,1794.118,156.147,61.179,131.323,0.868183,-1,-1,-1
7,6,218.364,30.320,51.383,117.486,0.867873,-1,-1,-1
7,14,1614.119,16.690,43.973,112.005,0.867521,-1,-1,-1
7,7,711.266,222.216,56.160,146.579,0.867135,-1,-1,-1
7,17,349.426,0.000,75.700,133.200,0.861286,-1,-1,-1
7,15,926.791,185.877,56.834,138.554,0.860590,-1,-1,-1
7,12,572.038,286.435,60.607,130.389,0.858744,-1,-1,-1
7,10,42.156,804.012,104.330,186.928,0.855908,-1,-1,-1
7,8,673.336,614.965,73.873,183.490,0.855556,-1,-1,-1
7,21,850.598,66.241,41.561,131.661,0.854151,-1,-1,-1
7,13,1092.898,54.818,41.694,105.492,0.852766,-1,-1,-1
7,9,1678.792,13.165,53.707,127.011,0.851509,-1,-1,-1
7,23,1137.560,480.035,75.373,142.656,0.846573,-1,-1,-1
7,16,800.469,73.793,51.296,124.604,0.842958,-1,-1,-1
7,20,1142.763,911.146,100.759,168.718,0.842880,-1,-1,-1
7,25,728.291,0.000,38.965,93.503,0.839651,-1,-1,-1
7,18,1203.467,117.660,49.743,138.940,0.832904,-1,-1,-1
7,26,1169.741,139.970,45.248,135.444,0.832617,-1,-1,-1
7,24,1386.528,51.159,37.757,133.106,0.830144,-1,-1,-1
7,19,1584.760,19.192,41.292,104.938,0.829886,-1,-1,-1
7,31,1729.626,85.568,58.390,142.858,0.827431,-1,-1,-1
7,30,572.943,210.997,48.278,114.953,0.824532,-1,-1,-1
7,44,759.226,0.171,62.212,49.923,0.819461,-1,-1,-1
7,33,78.184,128.516,67.158,121.178,0.818327,-1,-1,-1
7,34,1400.894,0.000,43.263,96.750,0.817892,-1,-1,-1
7,29,901.426,82.536,38.700,127.575,0.815221,-1,-1,-1
7,28,989.058,110.334,51.795,141.610,0.812801,-1,-1,-1
7,27,1303.321,4.929,41.196,103.381,0.812149,-1,-1,-1
7,38,385.042,487.777,89.548,184.654,0.807826,-1,-1,-1
7,22,909.591,0.000,34.375,82.703,0.804383,-1,-1,-1
7,40,344.209,493.525,58.565,150.691,0.792618,-1,-1,-1
7,32,1695.333,158.518,63.642,147.617,0.778298,-1,-1,-1
7,36,1820.407,0.009,38.139,50.396,0.770984,-1,-1,-1
7,37,1898.227,94.857,21.773,103.497,0.767936,-1,-1,-1
7,35,155.774,0.001,38.850,40.655,0.742200,-1,-1,-1
7,42,1853.860,700.175,66.130,151.946,0.657001,-1,-1,-1
7,43,288.627,0.000,42.361,18.177,0.608182,-1,-1,-1
7,45,462.612,507.425,54.267,137.165,0.306134,-1,-1,-1
7,39,1280.283,43.177,32.828,76.895,0.256941,-1,-1,-1
7,46,1280.070,42.794,32.423,79.130,0.412584,-1,-1,-1
8,4,1474.172,492.396,78.452,159.696,0.878810,-1,-1,-1
8,2,757.497,423.258,59.082,160.162,0.876010,-1,-1,-1
8,1,1459.226,339.806,70.647,165.676,0.875241,-1,-1,-1
8,3,247.584,457.995,77.628,174.816,0.875167,-1,-1,-1
8,5,1389.636,707.987,110.877,181.067,0.873460,-1,-1,-1
8,6,223.927,28.267,54.705,117.768,0.871029,-1,-1,-1
8,11,1795.444,157.241,62.382,129.618,0.867040,-1,-1,-1
8,14,1613.764,16.680,46.329,110.889,0.865846,-1,-1,-1
8,15,926.122,187.052,56.255,137.456,0.861996,-1,-1,-1
8,17,371.405,15.522,55.495,117.564,0.861115,-1,-1,-1
8,10,43.580,806.380,102.070,184.407,0.860753,-1,-1,-1
8,9,1680.290,14.269,53.417,127.098,0.860346,-1,-1,-1
8,7,711.080,219.518,56.737,149.304,0.859978,-1,-1,-1
8,20,1140.398,899.209,99.783,180.791,0.859028,-1,-1,-1
8,12,572.069,287.086,60.130,129.716,0.857302,-1,-1,-1
8,21,849.824,64.341,41.918,132.839,0.856039,-1,-1,-1
8,13,1093.579,55.901,42.039,104.381,0.853284,-1,-1,-1
8,25,728.415,0.000,40.216,92.924,0.845956,-1,-1,-1
8,8,661.020,606.878,88.141,191.236,0.845666,-1,-1,-1
8,16,800.067,72.129,47.727,125.926,0.841128,-1,-1,-1
8,23,1139.458,471.604,72.943,149.582,0.839152,-1,-1,-1
8,24,1386.042,50.854,37.726,132.492,0.835419,-1,-1,-1
8,26,1171.505,134.526,44.996,133.968,0.831494,-1,-1,-1
8,19,1587.023,19.463,39.761,105.328,0.830405,-1,-1,-1
8,18,1204.334,115.052,48.532,139.111,0.827760,-1,-1,-1
8,28,987.283,113.245,54.600,140.520,0.823996,-1,-1,-1
8,34,1400.122,0.000,44.877,95.800,0.818594,-1,-1,-1
8,31,1730.617,89.009,58.360,137.172,0.818308,-1,-1,-1
8,27,1303.199,4.131,41.188,103.555,0.817220,-1,-1,-1
8,22,908.296,0.000,35.996,83.348,0.814244,-1,-1,-1
8,29,903.684,80.384,38.212,124.414,0.810992,-1,-1,-1
8,42,1854.164,696.998,65.656,143.547,0.808643,-1,-1,-1
8,38,384.251,486.455,123.107,185.014,0.808212,-1,-1,-1
8,33,92.907,128.414,51.953,120.224,0.803350,-1,-1,-1
8,30,573.511,213.440,47.877,122.693,0.801430,-1,-1,-1
8,40,343.455,492.478,60.864,150.085,0.795799,-1,-1,-1
8,44,759.757,0.009,63.819,49.636,0.791546,-1,-1,-1
8,36,1820.657,0.021,37.691,49.786,0.777861,-1,-1,-1
8,37,1898.971,95.679,21.029,101.539,0.774381,-1,-1,-1
8,32,1695.533,157.538,63.702,149.594,0.722576,-1,-1,-1
8,35,159.662,0.000,33.981,37.159,0.685109,-1,-1,-1
8,43,278.023,0.000,53.158,17.186,0.549545,-1,-1,-1
8,45,461.387,511.060,54.690,133.666,0.490947,-1,-1,-1
8,46,1280.033,41.023,30.101,79.725,0.329954,-1,-1,-1
9,3,246.832,462.051,78.613,177.283,0.883685,-1,-1,-1
9,4,1475.590,494.894,78.626,167.792,0.880479,-1,-1,-1
9,1,1461.221,343.079,70.025,163.596,0.880207,-1,-1,-1
9,6,226.902,27.857,56.504,118.066,0.877085,-1,-1,-1
9,5,1389.928,709.699,106.660,178.609,0.872138,-1,-1,-1
9,11,1796.696,157.602,61.708,129.066,0.870471,-1,-1,-1
9,2,757.861,421.343,58.321,161.866,0.868281,-1,-1,-1
9,15,925.801,188.421,56.708,135.801,0.865567,-1,-1,-1
9,10,45.258,808.554,99.785,181.304,0.864033,-1,-1,-1
9,9,1680.788,15.414,53.357,129.184,0.863780,-1,-1,-1
9,7,710.960,218.093,56.791,150.260,0.861914,-1,-1,-1
9,20,1140.483,894.576,98.014,185.424,0.861136,-1,-1,-1
9,12,571.923,288.482,59.744,127.969,0.858972,-1,-1,-1
9,17,373.118,15.007,54.402,116.949,0.858343,-1,-1,-1
9,21,849.685,64.042,41.840,132.910,0.858038,-1,-1,-1
9,14,1613.581,16.673,46.848,110.559,0.857714,-1,-1,-1
9,8,674.328,603.736,75.279,194.261,0.854165,-1,-1,-1
9,13,1093.519,56.081,42.389,104.670,0.853759,-1,-1,-1
9,16,800.160,71.107,46.541,127.119,0.844373,-1,-1,-1
9,25,728.219,0.000,40.403,92.844,0.840462,-1,-1,-1
9,19,1588.112,19.509,39.087,106.781,0.836678,-1,-1,-1
9,26,1171.106,133.356,46.794,130.682,0.836105,-1,-1,-1
9,24,1385.896,51.420,37.026,131.442,0.835466,-1,-1,-1
9,23,1141.529,474.902,70.378,146.099,0.828895,-1,-1,-1
9,27,1304.290,3.932,39.868,103.031,0.828343,-1,-1,-1
9,18,1205.009,113.820,46.878,139.309,0.827637,-1,-1,-1
9,31,1732.151,90.413,57.359,136.324,0.827532,-1,-1,-1
9,40,343.412,492.118,59.991,151.432,0.826682,-1,-1,-1
9,29,903.738,79.042,39.348,122.540,0.824820,-1,-1,-1
9,22,908.050,0.000,36.470,84.068,0.820954,-1,-1,-1
9,34,1399.266,0.000,45.941,94.938,0.818736,-1,-1,-1
9,38,384.591,485.749,87.300,184.581,0.814145,-1,-1,-1
9,28,988.569,114.338,53.344,141.383,0.812106,-1,-1,-1
9,30,574.341,214.045,47.472,122.076,0.809655,-1,-1,-1
9,33,86.130,128.105,58.526,120.201,0.786949,-1,-1,-1
9,36,1820.294,0.024,37.645,49.631,0.779756,-1,-1,-1
9,37,1899.079,96.290,20.921,100.266,0.777492,-1,-1,-1
9,32,1695.166,159.578,66.446,147.286,0.776418,-1,-1,-1
9,42,1852.989,646.155,66.837,194.153,0.767099,-1,-1,-1
9,44,759.568,0.006,63.984,49.592,0.738722,-1,-1,-1
9,43,286.131,0.000,44.545,16.933,0.582895,-1,-1,-1
9,35,158.143,0.067,36.190,36.928,0.571049,-1,-1,-1
9,45,458.152,510.406,58.609,134.464,0.558294,-1,-1,-1
9,46,1276.979,41.009,32.657,80.188,0.437668,-1,-1,-1
10,4,1476.406,498.488,80.358,174.158,0.890171,-1,-1,-1
10,6,229.490,27.176,57.803,118.410,0.881799,-1,-1,-1
10,3,246.351,465.902,79.371,174.506,0.879883,-1,-1,-1
10,1,1462.126,346.075,70.026,165.556,0.878061,-1,-1,-1
10,11,1796.603,157.502,62.660,128.830,0.877008,-1,-1,-1
10,5,1390.016,710.356,104.029,178.018,0.869212,-1,-1,-1
10,2,757.931,419.247,57.399,163.849,0.867182,-1,-1,-1
10,9,1680.737,16.549,53.903,130.581,0.866398,-1,-1,-1
10,10,45.652,810.522,101.646,177.474,0.866157,-1,-1,-1
10,15,925.510,188.735,55.872,134.831,0.864075,-1,-1,-1
10,7,710.945,216.901,57.066,150.573,0.860829,-1,-1,-1
10,12,571.730,289.070,59.799,131.731,0.859634,-1,-1,-1
10,14,1613.121,16.294,48.044,110.993,0.859080,-1,-1,-1
10,8,674.787,600.559,75.330,196.839,0.855884,-1,-1,-1
10,21,849.286,63.386,42.139,133.404,0.855120,-1,-1,-1
10,17,374.688,12.050,52.769,118.778,0.852920,-1,-1,-1
10,13,1093.536,56.220,42.444,104.331,0.852259,-1,-1,-1
10,20,1137.198,888.661,99.461,191.339,0.851908,-1,-1,-1
10,16,799.895,70.316,44.588,128.235,0.841675,-1,-1,-1
10,24,1385.707,50.775,37.293,131.762,0.837985,-1,-1,-1
10,26,1171.312,131.214,47.335,128.794,0.837898,-1,-1,-1
10,19,1589.043,19.296,38.784,108.542,0.834310,-1,-1,-1
10,25,728.318,0.000,40.161,92.534,0.834247,-1,-1,-1
10,27,1303.155,3.235,40.849,103.179,0.829973,-1,-1,-1
10,18,1205.210,111.899,46.379,140.999,0.826570,-1,-1,-1
10,38,384.457,485.039,87.328,184.548,0.825009,-1,-1,-1
10,33,93.118,127.484,51.062,120.354,0.824071,-1,-1,-1
10,29,903.946,77.614,41.911,120.985,0.822962,-1,-1,-1
10,34,1398.645,0.000,46.516,93.825,0.822589,-1,-1,-1
10,23,1143.307,473.706,68.468,147.263,0.820614,-1,-1,-1
10,28,987.235,115.161,54.606,140.876,0.819687,-1,-1,-1
10,40,343.221,491.833,60.999,150.993,0.816657,-1,-1,-1
10,22,908.594,0.000,35.878,83.115,0.816409,-1,-1,-1
10,42,1852.367,646.628,67.471,193.163,0.815204,-1,-1,-1
10,30,574.386,214.786,47.961,122.471,0.806500,-1,-1,-1
10,31,1731.513,91.887,58.488,149.724,0.801291,-1,-1,-1
10,37,1898.866,96.666,21.134,100.762,0.785567,-1,-1,-1
10,36,1819.158,0.064,38.280,49.018,0.778780,-1,-1,-1
10,32,1695.793,159.439,65.779,146.985,0.733523,-1,-1,-1
10,44,758.472,0.071,65.435,49.464,0.715290,-1,-1,-1
10,43,284.863,0.000,44.679,16.424,0.600941,-1,-1,-1
10,35,164.215,0.029,30.035,36.170,0.600245,-1,-1,-1
10,45,460.670,509.321,55.736,134.903,0.578202,-1,-1,-1
10,46,1274.600,40.481,36.224,81.356,0.450085,-1,-1,-1
11,4,1477.188,501.918,80.502,180.385,0.888537,-1,-1,-1
11,6,232.032,26.251,58.969,119.764,0.883988,-1,-1,-1
11,1,1463.578,349.796,70.132,163.648,0.882981,-1,-1,-1
11,3,245.997,469.567,80.312,176.371,0.877558,-1,-1,-1
11,11,1797.272,158.086,62.788,128.105,0.876889,-1,-1,-1
11,5,1389.444,710.717,101.367,177.161,0.870126,-1,-1,-1
11,2,757.668,417.332,57.644,164.472,0.869413,-1,-1,-1
11,10,46.223,810.304,109.504,177.990,0.869405,-1,-1,-1
11,9,1681.118,17.422,53.589,132.528,0.867148,-1,-1,-1
11,7,711.052,214.529,57.345,150.305,0.863417,-1,-1,-1
11,15,925.298,189.618,55.594,133.576,0.862272,-1,-1,-1
11,14,1612.488,16.321,48.890,111.036,0.861797,-1,-1,-1
11,20,1136.179,882.310,98.182,192.324,0.859023,-1,-1,-1
11,12,571.376,291.409,60.141,134.815,0.858638,-1,-1,-1
11,17,376.087,9.950,51.206,119.376,0.856423,-1,-1,-1
11,13,1092.362,56.393,43.652,103.917,0.855641,-1,-1,-1
11,8,674.788,597.585,75.695,198.278,0.852514,-1,-1,-1
11,21,849.014,62.849,42.218,134.013,0.850095,-1,-1,-1
11,26,1170.889,129.268,49.307,127.062,0.835160,-1,-1,-1
11,18,1204.161,110.015,47.435,141.303,0.831330,-1,-1,-1
11,25,728.437,0.000,42.206,92.353,0.830707,-1,-1,-1
11,42,1851.362,646.002,68.493,194.541,0.829014,-1,-1,-1
11,16,800.310,69.754,41.127,127.998,0.828837,-1,-1,-1
11,24,1385.609,52.535,36.858,129.416,0.828464,-1,-1,-1
11,27,1303.548,2.895,39.796,103.240,0.828342,-1,-1,-1
11,19,1590.349,19.283,36.874,109.764,0.827640,-1,-1,-1
11,22,909.726,0.000,35.017,81.556,0.825779,-1,-1,-1
11,28,988.677,115.635,53.369,140.834,0.825055,-1,-1,-1
11,34,1397.231,0.000,47.118,93.077,0.821002,-1,-1,-1
11,38,383.716,484.587,88.581,184.196,0.816885,-1,-1,-1
11,23,1144.784,448.535,67.461,171.698,0.816594,-1,-1,-1
11,40,342.914,491.620,62.457,151.068,0.807755,-1,-1,-1
11,30,574.698,215.234,48.477,125.132,0.805763,-1,-1,-1
11,33,91.924,127.259,52.354,120.550,0.804455,-1,-1,-1
11,29,903.999,75.410,42.796,119.867,0.798122,-1,-1,-1
11,37,1898.372,97.483,21.606,102.522,0.786856,-1,-1,-1
11,36,1819.098,0.050,38.523,48.797,0.775394,-1,-1,-1
11,31,1719.751,92.944,70.965,152.832,0.718712,-1,-1,-1
11,44,770.050,0.022,53.801,48.964,0.647726,-1,-1,-1
11,46,1272.616,40.078,36.830,80.743,0.611456,-1,-1,-1
11,45,461.298,510.594,54.989,133.070,0.585050,-1,-1,-1
11,43,284.814,0.000,43.248,16.310,0.552029,-1,-1,-1
11,32,1696.979,153.983,67.360,152.889,0.403036,-1,-1,-1
12,1,1464.952,352.643,69.876,168.094,0.887552,-1,-1,-1
12,4,1478.364,505.382,80.998,178.456,0.887318,-1,-1,-1
12,3,245.855,473.034,80.501,176.236,0.886176,-1,-1,-1
12,6,234.974,25.298,59.185,119.262,0.880837,-1,-1,-1
12,11,1797.900,158.760,62.946,127.559,0.876919,-1,-1,-1
12,10,47.313,811.184,113.350,177.003,0.873058,-1,-1,-1
12,2,757.446,414.893,57.787,166.018,0.870856,-1,-1,-1
12,5,1387.843,711.309,97.892,176.057,0.870390,-1,-1,-1
12,9,1681.071,18.668,53.829,132.035,0.865667,-1,-1,-1
12,15,925.239,190.315,54.544,132.496,0.863746,-1,-1,-1
12,20,1135.056,877.925,96.658,196.111,0.861839,-1,-1,-1
12,12,571.494,293.661,60.083,136.927,0.859719,-1,-1,-1
12,8,673.820,594.023,76.980,200.125,0.859641,-1,-1,-1
12,14,1611.222,16.195,50.552,110.588,0.859420,-1,-1,-1
12,13,1091.671,56.860,44.348,103.110,0.858999,-1,-1,-1
12,7,710.884,212.296,57.728,149.380,0.856935,-1,-1,-1
12,17,377.293,8.898,49.657,118.177,0.852966,-1,-1,-1
12,25,728.767,0.000,44.100,90.694,0.846195,-1,-1,-1
12,21,849.034,62.859,41.859,133.594,0.845407,-1,-1,-1
12,18,1204.725,107.583,46.598,143.097,0.835238,-1,-1,-1
12,26,1170.013,127.626,48.228,127.646,0.833894,-1,-1,-1
12,24,1385.605,50.641,37.080,131.026,0.831820,-1,-1,-1
12,23,1145.604,467.837,66.964,151.750,0.830945,-1,-1,-1
12,16,799.881,69.127,38.899,128.589,0.830796,-1,-1,-1
12,27,1302.335,2.688,40.736,103.463,0.830624,-1,-1,-1
12,38,384.060,484.169,87.836,183.941,0.829054,-1,-1,-1
12,19,1590.963,19.706,36.689,110.421,0.826562,-1,-1,-1
12,42,1848.925,641.303,71.066,198.646,0.825987,-1,-1,-1
12,22,909.172,0.000,36.571,82.283,0.824375,-1,-1,-1
12,28,987.157,115.986,55.086,140.212,0.816978,-1,-1,-1
12,30,575.085,216.415,49.274,124.272,0.812678,-1,-1,-1
12,34,1396.310,0.000,44.895,94.261,0.811670,-1,-1,-1
12,40,342.803,491.150,63.062,151.072,0.799042,-1,-1,-1
12,29,903.541,74.038,44.167,120.700,0.797978,-1,-1,-1
12,37,1897.770,96.451,22.230,106.661,0.789033,-1,-1,-1
12,44,781.366,0.027,42.368,47.769,0.788322,-1,-1,-1
12,33,87.573,126.723,56.453,120.755,0.787625,-1,-1,-1
12,36,1818.652,0.063,38.192,48.464,0.779144,-1,-1,-1
12,31,1705.829,92.975,86.193,158.339,0.772816,-1,-1,-1
12,46,1275.634,39.874,34.330,83.221,0.726576,-1,-1,-1
12,45,459.874,509.838,56.312,133.357,0.677258,-1,-1,-1
12,32,1699.867,162.565,64.071,143.490,0.631171,-1,-1,-1
12,43,277.545,0.000,52.297,15.602,0.444946,-1,-1,-1
12,35,158.781,0.009,39.631,34.909,0.311665,-1,-1,-1
13,1,1468.403,355.526,70.227,165.178,0.890005,-1,-1,-1
13,4,1481.073,511.517,81.305,177.378,0.886706,-1,-1,-1
13,3,244.242,477.847,80.677,176.312,0.883580,-1,-1,-1
13,6,240.148,21.581,56.862,120.898,0.877946,-1,-1,-1
13,2,756.923,410.249,57.550,167.078,0.873584,-1,-1,-1
13,11,1800.825,161.408,60.343,128.255,0.873417,-1,-1,-1
13,5,1387.498,711.213,88.564,174.812,0.872247,-1,-1,-1
13,10,49.615,813.565,125.352,173.417,0.872021,-1,-1,-1
13,20,1132.258,869.850,96.185,204.012,0.868135,-1,-1,-1
13,7,709.941,206.256,57.263,147.510,0.867946,-1,-1,-1
13,9,1680.823,21.355,53.706,131.015,0.867064,-1,-1,-1
13,15,925.395,192.616,53.319,134.067,0.866553,-1,-1,-1
13,42,1839.790,640.252,80.133,196.655,0.865593,-1,-1,-1
13,14,1613.845,15.986,49.007,110.626,0.861476,-1,-1,-1
13,13,1088.902,58.273,47.406,104.675,0.859506,-1,-1,-1
13,8,673.757,586.313,80.997,200.624,0.858388,-1,-1,-1
13,12,570.803,297.640,60.187,137.610,0.857646,-1,-1,-1
13,17,379.328,4.093,47.443,115.954,0.847776,-1,-1,-1
13,25,728.959,0.000,45.530,87.654,0.846457,-1,-1,-1
13,21,848.865,61.596,41.838,132.502,0.841560,-1,-1,-1
13,16,798.512,67.406,37.416,128.953,0.837685,-1,-1,-1
13,26,1169.741,124.712,50.661,131.105,0.836391,-1,-1,-1
13,27,1301.438,1.787,40.740,103.719,0.835717,-1,-1,-1
13,24,1385.035,49.622,37.317,131.388,0.832392,-1,-1,-1
13,18,1204.708,103.538,46.979,140.171,0.827943,-1,-1,-1
13,23,1145.862,463.631,67.193,152.100,0.827288,-1,-1,-1
13,19,1591.426,19.915,36.387,110.010,0.825212,-1,-1,-1
13,38,383.745,482.975,86.816,183.868,0.824069,-1,-1,-1
13,28,988.370,116.638,54.157,138.281,0.818788,-1,-1,-1
13,30,574.768,216.705,50.154,126.369,0.818396,-1,-1,-1
13,22,908.627,0.000,41.034,84.269,0.818329,-1,-1,-1
13,40,341.404,490.377,64.193,151.264,0.810166,-1,-1,-1
13,29,898.663,71.112,48.552,121.719,0.805104,-1,-1,-1
13,37,1896.270,100.735,23.730,105.559,0.804298,-1,-1,-1
13,31,1731.554,95.026,60.454,157.892,0.803559,-1,-1,-1
13,33,90.889,125.927,52.283,120.733,0.798213,-1,-1,-1
13,34,1394.227,0.000,46.571,95.772,0.785307,-1,-1,-1
13,36,1818.246,0.038,38.346,47.893,0.780900,-1,-1,-1
13,44,795.770,0.166,30.874,47.237,0.758369,-1,-1,-1
13,46,1268.583,39.742,41.223,82.896,0.754955,-1,-1,-1
13,32,1705.546,168.111,61.039,137.241,0.728517,-1,-1,-1
13,45,458.186,508.497,57.084,133.965,0.644045,-1,-1,-1
13,35,165.936,0.025,33.756,33.257,0.553615,-1,-1,-1
13,43,283.170,0.000,43.346,15.569,0.515794,-1,-1,-1
14,1,1470.768,357.252,69.617,163.065,0.892447,-1,-1,-1
14,3,244.022,480.088,79.964,173.937,0.883115,-1,-1,-1
14,4,1483.322,513.744,80.917,178.338,0.881671,-1,-1,-1
14,2,755.867,407.264,58.383,167.767,0.880335,-1,-1,-1
14,15,925.160,194.295,53.659,138.206,0.872416,-1,-1,-1
14,6,242.561,19.567,55.730,120.612,0.871681,-1,-1,-1
14,7,709.818,203.543,56.671,142.858,0.871044,-1,-1,-1
14,42,1835.972,637.717,83.983,198.701,0.870983,-1,-1,-1
14,11,1803.436,163.459,57.643,131.456,0.870782,-1,-1,-1
14,10,51.458,815.519,129.404,170.724,0.870663,-1,-1,-1
14,9,1680.394,22.226,54.155,131.465,0.868361,-1,-1,-1
14,5,1386.901,711.641,84.755,173.838,0.868003,-1,-1,-1
14,13,1088.020,59.346,48.453,107.710,0.864535,-1,-1,-1
14,14,1614.219,15.796,49.047,109.908,0.863226,-1,-1,-1
14,20,1130.665,865.241,95.749,208.977,0.862243,-1,-1,-1
14,12,570.451,300.920,60.754,135.938,0.854831,-1,-1,-1
14,8,673.881,582.197,74.787,200.827,0.850526,-1,-1,-1
14,21,848.461,61.634,42.008,131.728,0.845191,-1,-1,-1
14,31,1733.583,95.428,58.859,160.114,0.843756,-1,-1,-1
14,17,380.399,1.686,45.915,114.537,0.841842,-1,-1,-1
14,26,1169.444,123.749,50.911,132.115,0.840773,-1,-1,-1
14,16,797.570,66.580,37.753,129.239,0.840057,-1,-1,-1
14,23,1146.404,461.272,67.378,152.559,0.839580,-1,-1,-1
14,25,728.677,0.000,46.439,85.755,0.837141,-1,-1,-1
14,27,1300.216,1.468,41.611,103.531,0.832145,-1,-1,-1
14,30,574.858,217.221,50.530,120.649,0.828870,-1,-1,-1
14,22,908.792,0.000,40.609,84.100,0.826131,-1,-1,-1
14,18,1204.587,101.722,47.047,137.413,0.824983,-1,-1,-1
14,19,1591.236,20.334,36.052,109.763,0.824588,-1,-1,-1
14,33,92.310,125.914,50.218,120.414,0.819638,-1,-1,-1
14,24,1384.927,49.667,37.133,130.873,0.818192,-1,-1,-1
14,28,989.314,116.946,53.288,138.052,0.817976,-1,-1,-1
14,38,384.142,482.845,86.643,183.734,0.817873,-1,-1,-1
14,34,1393.019,0.000,46.186,94.671,0.809772,-1,-1,-1
14,37,1895.370,97.204,24.630,110.181,0.809431,-1,-1,-1
14,29,900.164,70.928,47.528,121.558,0.809256,-1,-1,-1
14,40,341.275,490.141,63.197,151.714,0.806927,-1,-1,-1
14,36,1817.838,0.000,38.327,47.421,0.784597,-1,-1,-1
14,46,1267.409,39.851,35.847,81.690,0.756453,-1,-1,-1
14,44,800.663,0.000,29.306,48.163,0.721099,-1,-1,-1
14,32,1708.477,172.812,56.814,137.352,0.714324,-1,-1,-1
14,43,280.485,0.000,44.626,16.883,0.646752,-1,-1,-1
14,35,166.440,0.039,34.435,32.609,0.610022,-1,-1,-1
14,45,458.933,508.787,55.908,133.275,0.533995,-1,-1,-1
15,1,1472.029,358.828,70.353,161.525,0.892464,-1,-1,-1
15,4,1484.919,516.725,80.719,176.891,0.886341,-1,-1,-1
15,3,242.707,481.772,79.418,172.538,0.876272,-1,-1,-1
15,15,924.967,195.860,54.043,140.384,0.874465,-1,-1,-1
15,42,1831.867,633.710,88.133,200.286,0.871447,-1,-1,-1
15,2,754.979,404.247,58.620,165.522,0.871144,-1,-1,-1
15,11,1803.214,165.952,57.764,132.945,0.871043,-1,-1,-1
15,9,1679.702,22.797,54.886,131.288,0.868212,-1,-1,-1
15,7,709.381,200.687,55.810,140.914,0.867302,-1,-1,-1
15,10,52.337,817.000,133.458,169.242,0.867195,-1,-1,-1
15,20,1128.058,860.679,95.371,212.587,0.865205,-1,-1,-1
15,6,244.457,17.939,54.088,118.934,0.864416,-1,-1,-1
15,13,1086.988,61.064,49.566,109.147,0.861876,-1,-1,-1
15,5,1385.330,711.885,83.950,173.525,0.861502,-1,-1,-1
15,12,569.854,302.347,60.975,137.625,0.858867,-1,-1,-1
15,14,1614.949,15.755,48.794,109.587,0.858836,-1,-1,-1
15,21,848.475,61.006,41.654,131.318,0.844944,-1,-1,-1
15,8,673.771,577.384,75.982,198.904,0.844106,-1,-1,-1
15,17,381.712,0.499,43.626,113.284,0.843471,-1,-1,-1
15,25,723.283,0.000,51.984,81.717,0.840865,-1,-1,-1
15,31,1733.908,95.667,59.354,161.740,0.838073,-1,-1,-1
15,16,797.668,65.912,36.939,129.663,0.836338,-1,-1,-1
15,24,1384.416,50.641,37.328,129.405,0.835101,-1,-1,-1
15,33,92.161,125.787,49.916,120.102,0.834815,-1,-1,-1
15,30,574.595,217.908,51.349,120.636,0.829231,-1,-1,-1
15,26,1169.795,116.786,48.621,138.492,0.828928,-1,-1,-1
15,27,1299.593,1.132,41.581,102.786,0.828914,-1,-1,-1
15,23,1147.493,442.889,66.314,167.175,0.828189,-1,-1,-1
15,18,1204.047,99.367,47.208,134.490,0.827870,-1,-1,-1
15,38,381.860,482.745,88.530,182.369,0.825376,-1,-1,-1
15,19,1591.066,20.528,36.539,109.584,0.824982,-1,-1,-1
15,22,908.499,0.000,40.804,86.050,0.822596,-1,-1,-1
15,28,988.910,117.461,53.302,136.996,0.816075,-1,-1,-1
15,37,1895.186,97.298,24.814,111.625,0.809009,-1,-1,-1
15,40,340.486,490.002,64.007,151.226,0.806636,-1,-1,-1
15,34,1392.346,0.000,44.579,94.128,0.794823,-1,-1,-1
15,36,1817.404,0.000,38.545,46.918,0.780970,-1,-1,-1
15,29,900.431,70.198,46.632,122.338,0.777495,-1,-1,-1
15,46,1266.866,39.897,34.843,81.198,0.773919,-1,-1,-1
15,44,800.939,0.041,35.715,46.557,0.772536,-1,-1,-1
15,32,1707.543,175.105,58.256,141.552,0.711295,-1,-1,-1
15,35,172.320,0.052,29.523,31.881,0.674677,-1,-1,-1
15,45,458.728,508.466,55.657,133.252,0.658484,-1,-1,-1
15,43,279.287,0.000,44.527,18.824,0.582428,-1,-1,-1
16,3,242.126,482.544,78.171,171.606,0.888643,-1,-1,-1
16,1,1473.190,360.520,71.239,159.495,0.888252,-1,-1,-1
16,4,1485.995,519.159,81.383,174.454,0.886776,-1,-1,-1
16,2,753.803,400.284,59.916,164.475,0.875137,-1,-1,-1
16,42,1828.030,630.114,91.970,202.001,0.873987,-1,-1,-1
16,11,1803.152,168.382,57.980,133.068,0.872359,-1,-1,-1
16,15,924.713,198.037,54.540,141.224,0.872241,-1,-1,-1
16,10,53.666,818.297,136.025,168.282,0.869821,-1,-1,-1
16,20,1126.353,854.431,93.359,218.315,0.868654,-1,-1,-1
16,9,1679.480,23.041,55.182,130.818,0.866776,-1,-1,-1
16,13,1086.708,62.691,49.823,108.836,0.865068,-1,-1,-1
16,7,709.147,198.005,54.487,139.788,0.862300,-1,-1,-1
16,5,1382.742,710.492,82.797,176.089,0.861758,-1,-1,-1
16,12,569.401,302.053,60.824,138.324,0.859629,-1,-1,-1
16,14,1616.148,15.482,47.968,109.764,0.859385,-1,-1,-1
16,6,246.178,15.669,52.613,116.815,0.854621,-1,-1,-1
16,31,1734.372,95.929,59.804,163.085,0.849692,-1,-1,-1
16,8,673.695,572.818,75.449,195.782,0.847155,-1,-1,-1
16,21,848.106,60.383,41.638,130.034,0.845569,-1,-1,-1
16,17,382.314,0.000,43.237,111.084,0.842519,-1,-1,-1
16,25,728.132,0.000,47.873,78.088,0.834572,-1,-1,-1
16,26,1169.435,114.932,49.843,139.493,0.834504,-1,-1,-1
16,19,1590.872,20.978,36.744,109.129,0.829025,-1,-1,-1
16,18,1204.659,97.767,46.107,132.931,0.827228,-1,-1,-1
16,27,1299.700,0.740,41.181,102.705,0.826463,-1,-1,-1
16,30,574.575,218.477,51.092,119.706,0.825732,-1,-1,-1
16,38,383.038,482.184,87.318,183.002,0.825251,-1,-1,-1
16,23,1147.713,450.995,65.523,154.865,0.823914,-1,-1,-1
16,22,908.825,0.000,39.892,87.819,0.822902,-1,-1,-1
16,16,797.537,65.100,37.003,129.974,0.822896,-1,-1,-1
16,24,1384.448,50.760,37.051,128.567,0.817779,-1,-1,-1
16,28,988.632,118.661,54.044,135.464,0.816808,-1,-1,-1
16,37,1894.819,98.349,25.181,111.513,0.813736,-1,-1,-1
16,40,340.176,489.475,63.474,151.169,0.813365,-1,-1,-1
16,34,1390.897,0.000,45.722,94.420,0.798505,-1,-1,-1
16,33,71.247,123.760,70.521,122.089,0.792863,-1,-1,-1
16,36,1817.218,0.005,38.431,46.300,0.781619,-1,-1,-1
16,32,1708.815,183.129,56.242,136.194,0.761307,-1,-1,-1
16,46,1266.057,39.331,38.066,80.788,0.749967,-1,-1,-1
16,29,901.383,69.221,45.296,122.276,0.747684,-1,-1,-1
16,35,172.707,0.047,30.116,31.483,0.676891,-1,-1,-1
16,44,800.862,0.019,46.889,46.278,0.651188,-1,-1,-1
16,45,458.976,508.117,54.164,132.966,0.627115,-1,-1,-1
16,43,277.273,0.000,47.690,19.637,0.529026,-1,-1,-1
17,1,1472.305,362.486,74.276,157.318,0.886594,-1,-1,-1
17,3,241.376,484.330,77.461,169.492,0.885725,-1,-1,-1
17,4,1486.728,521.231,81.208,170.923,0.883727,-1,-1,-1
17,20,1124.691,848.663,92.574,223.228,0.877184,-1,-1,-1
17,2,753.252,396.912,60.765,161.405,0.875967,-1,-1,-1
17,11,1803.217,170.892,57.869,131.855,0.872433,-1,-1,-1
17,15,924.929,199.637,54.330,141.538,0.868424,-1,-1,-1
17,42,1827.934,626.687,91.652,202.324,0.867558,-1,-1,-1
17,5,1379.900,710.618,82.185,174.608,0.865300,-1,-1,-1
17,9,1679.162,23.247,55.322,130.736,0.864478,-1,-1,-1
17,13,1086.050,64.445,50.381,108.940,0.861772,-1,-1,-1
17,12,568.669,303.094,61.421,137.924,0.858982,-1,-1,-1
17,14,1616.714,15.749,47.757,109.405,0.857323,-1,-1,-1
17,7,708.724,196.122,54.064,140.152,0.850021,-1,-1,-1
17,17,382.779,0.000,43.411,110.220,0.848034,-1,-1,-1
17,21,847.963,59.755,41.682,130.234,0.847730,-1,-1,-1
17,10,54.993,819.049,137.503,168.548,0.845696,-1,-1,-1
17,8,673.989,567.904,73.815,189.369,0.842449,-1,-1,-1
17,6,247.569,12.662,50.910,117.188,0.841729,-1,-1,-1
17,31,1734.509,96.831,60.105,162.822,0.840840,-1,-1,-1
17,23,1148.098,451.866,66.427,146.226,0.838240,-1,-1,-1
17,16,796.498,64.344,37.769,130.433,0.832640,-1,-1,-1
17,25,729.163,0.000,46.794,76.054,0.829529,-1,-1,-1
17,19,1590.901,21.164,36.806,108.924,0.829017,-1,-1,-1
17,18,1203.719,95.173,46.736,139.382,0.828631,-1,-1,-1
17,38,383.067,481.932,120.660,183.328,0.827105,-1,-1,-1
17,30,574.287,219.811,51.880,118.133,0.824933,-1,-1,-1
17,44,801.093,0.094,55.524,46.116,0.824741,-1,-1,-1
17,24,1384.039,50.959,37.252,128.175,0.823458,-1,-1,-1
17,27,1299.894,0.781,40.635,102.611,0.822565,-1,-1,-1
17,26,1168.726,120.870,50.194,132.915,0.820599,-1,-1,-1
17,22,908.692,0.000,40.274,87.131,0.817896,-1,-1,-1
17,37,1894.334,101.014,25.666,108.973,0.812244,-1,-1,-1
17,28,988.133,119.626,54.639,136.857,0.811023,-1,-1,-1
17,32,1709.535,184.265,60.814,139.524,0.805194,-1,-1,-1
17,40,339.546,489.211,64.437,151.350,0.804465,-1,-1,-1
17,33,86.552,124.550,54.883,120.817,0.781468,-1,-1,-1
17,36,1816.729,0.000,38.562,46.293,0.777940,-1,-1,-1
17,34,1390.151,0.000,43.096,93.840,0.776385,-1,-1,-1
17,46,1266.002,38.903,37.867,80.712,0.752409,-1,-1,-1
17,29,907.208,68.649,39.167,122.482,0.749202,-1,-1,-1
17,35,172.723,0.033,30.521,29.974,0.677331,-1,-1,-1
17,43,277.131,0.000,48.509,20.246,0.499350,-1,-1,-1
17,45,458.911,508.354,54.042,132.666,0.492806,-1,-1,-1
18,1,1474.321,368.814,75.991,162.494,0.896508,-1,-1,-1
18,4,1490.663,524.751,81.365,167.890,0.890127,-1,-1,-1
18,2,752.361,390.098,62.097,153.142,0.883781,-1,-1,-1
18,3,239.854,487.271,74.708,165.954,0.880951,-1,-1,-1
18,6,251.144,9.782,49.805,115.254,0.869158,-1,-1,-1
18,11,1805.602,174.268,55.184,132.934,0.867196,-1,-1,-1
18,15,925.075,202.707,55.027,141.543,0.867147,-1,-1,-1
18,13,1086.026,66.270,49.654,108.165,0.866288,-1,-1,-1
18,20,1121.527,840.637,91.845,228.158,0.865355,-1,-1,-1
18,7,704.692,191.546,54.616,144.062,0.864814,-1,-1,-1
18,9,1678.523,23.971,55.651,129.819,0.864435,-1,-1,-1
18,42,1825.496,618.120,90.771,198.604,0.864369,-1,-1,-1
18,14,1620.417,15.866,44.343,110.418,0.859067,-1,-1,-1
18,8,673.896,558.499,71.156,179.825,0.858821,-1,-1,-1
18,10,58.240,820.905,134.796,171.394,0.857357,-1,-1,-1
18,5,1366.402,710.419,87.140,174.995,0.857092,-1,-1,-1
18,12,567.710,249.412,62.459,190.734,0.855122,-1,-1,-1
18,21,847.594,58.660,42.317,130.931,0.851625,-1,-1,-1
18,44,800.724,0.091,70.915,45.440,0.845853,-1,-1,-1
18,17,383.685,0.000,42.423,110.314,0.844427,-1,-1,-1
18,16,795.686,62.415,37.846,130.841,0.841659,-1,-1,-1
18,19,1590.908,21.314,36.253,108.151,0.833779,-1,-1,-1
18,32,1705.061,185.900,66.523,141.962,0.833473,-1,-1,-1
18,30,574.616,222.769,51.811,116.859,0.828966,-1,-1,-1
18,33,88.985,124.442,51.798,120.072,0.828496,-1,-1,-1
18,18,1203.165,92.363,46.972,143.425,0.827612,-1,-1,-1
18,28,986.417,123.043,56.725,141.558,0.827072,-1,-1,-1
18,24,1383.604,55.130,36.982,123.506,0.822169,-1,-1,-1
18,23,1147.590,447.124,66.492,139.000,0.821478,-1,-1,-1
18,31,1735.983,99.287,59.543,160.080,0.819857,-1,-1,-1
18,38,383.047,481.544,120.734,182.945,0.818995,-1,-1,-1
18,27,1299.657,0.367,40.399,102.631,0.817390,-1,-1,-1
18,37,1893.396,101.935,26.604,106.983,0.816175,-1,-1,-1
18,26,1168.316,117.326,48.028,133.626,0.812117,-1,-1,-1
18,22,909.756,0.000,39.969,83.864,0.805239,-1,-1,-1
18,34,1386.853,0.000,46.472,92.936,0.797524,-1,-1,-1
18,25,727.920,0.033,46.663,73.598,0.789979,-1,-1,-1
18,40,338.743,488.107,65.868,151.296,0.786644,-1,-1,-1
18,29,910.309,69.101,37.395,120.117,0.773837,-1,-1,-1
18,46,1264.676,38.372,35.838,80.031,0.769610,-1,-1,-1
18,36,1816.236,0.000,38.992,45.357,0.768046,-1,-1,-1
18,43,275.701,0.000,49.026,22.314,0.401375,-1,-1,-1
18,35,177.557,0.035,24.985,25.135,0.380588,-1,-1,-1
18,45,459.417,508.687,53.146,130.854,0.275901,-1,-1,-1
19,4,1491.958,526.628,81.995,165.424,0.890975,-1,-1,-1
19,3,239.232,489.954,73.677,166.763,0.889385,-1,-1,-1
19,1,1474.034,372.252,79.882,168.466,0.888681,-1,-1,-1
19,2,752.262,386.760,61.186,153.443,0.877297,-1,-1,-1
19,42,1824.573,615.273,88.824,190.265,0.870872,-1,-1,-1
19,15,925.394,203.854,55.532,140.840,0.868994,-1,-1,-1
19,6,253.156,0.000,54.427,124.682,0.868728,-1,-1,-1
19,7,703.279,190.054,54.853,145.307,0.867951,-1,-1,-1
19,20,1120.339,835.954,90.884,228.227,0.867917,-1,-1,-1
19,9,1678.379,24.117,55.774,129.244,0.866983,-1,-1,-1
19,13,1086.364,66.788,49.283,107.411,0.865381,-1,-1,-1
19,11,1805.459,175.612,54.811,134.302,0.864258,-1,-1,-1
19,8,674.066,554.699,70.591,179.033,0.862369,-1,-1,-1
19,12,567.123,255.952,62.963,185.037,0.860573,-1,-1,-1
19,14,1621.932,16.047,42.710,112.219,0.857911,-1,-1,-1
19,10,59.650,822.007,131.907,171.760,0.854641,-1,-1,-1
19,44,800.739,0.145,74.645,44.700,0.854591,-1,-1,-1
19,17,383.947,0.000,44.179,109.455,0.853997,-1,-1,-1
19,23,1146.322,443.621,67.408,137.259,0.853091,-1,-1,-1
19,21,847.404,58.343,42.308,130.958,0.852287,-1,-1,-1
19,5,1348.611,710.637,100.210,174.300,0.851393,-1,-1,-1
19,16,794.824,61.690,38.474,130.897,0.849856,-1,-1,-1
19,19,1591.037,21.578,36.303,107.879,0.837455,-1,-1,-1
19,32,1711.092,189.261,61.380,139.120,0.833721,-1,-1,-1
19,18,1202.860,90.095,46.354,146.432,0.831458,-1,-1,-1
19,38,382.418,481.246,124.705,182.802,0.825683,-1,-1,-1
19,27,1298.136,0.258,41.412,102.112,0.824777,-1,-1,-1
19,33,88.408,124.033,52.154,120.292,0.823009,-1,-1,-1
19,26,1167.990,115.635,47.617,134.355,0.822665,-1,-1,-1
19,31,1736.314,101.116,59.664,160.336,0.821650,-1,-1,-1
19,30,574.288,224.188,51.742,115.482,0.820364,-1,-1,-1
19,28,989.337,124.865,54.119,143.446,0.820354,-1,-1,-1
19,25,727.982,0.026,45.833,72.741,0.812869,-1,-1,-1
19,37,1892.974,103.216,27.026,105.753,0.810253,-1,-1,-1
19,24,1383.104,48.820,37.016,129.475,0.809528,-1,-1,-1
19,22,909.500,0.000,40.619,81.353,0.797034,-1,-1,-1
19,29,911.108,66.225,37.733,121.909,0.783576,-1,-1,-1
19,46,1264.195,38.177,35.230,79.826,0.779029,-1,-1,-1
19,34,1385.513,0.000,45.596,94.059,0.773201,-1,-1,-1
19,40,338.317,487.787,65.332,151.382,0.769359,-1,-1,-1
19,36,1816.097,0.000,38.938,44.844,0.765165,-1,-1,-1
19,45,457.851,508.169,53.789,131.717,0.436983,-1,-1,-1
20,3,238.196,492.857,73.679,172.930,0.891005,-1,-1,-1
20,4,1493.124,529.246,81.645,163.817,0.890919,-1,-1,-1
20,1,1475.936,375.377,78.280,170.627,0.887879,-1,-1,-1
20,2,750.783,383.159,62.336,155.693,0.878055,-1,-1,-1
20,7,701.151,188.925,56.891,145.999,0.875715,-1,-1,-1
20,10,61.745,823.698,126.514,176.131,0.873599,-1,-1,-1
20,6,254.625,0.021,60.931,124.461,0.872279,-1,-1,-1
20,15,925.571,204.916,56.102,140.084,0.871494,-1,-1,-1
20,42,1822.651,610.759,88.424,186.408,0.866926,-1,-1,-1
20,13,1087.538,67.173,47.859,106.708,0.864946,-1,-1,-1
20,11,1806.792,176.677,53.835,133.748,0.864909,-1,-1,-1
20,8,673.757,550.823,70.379,182.952,0.864762,-1,-1,-1
20,12,566.760,258.013,63.119,182.191,0.864236,-1,-1,-1
20,23,1145.598,441.379,67.101,138.990,0.863897,-1,-1,-1
20,9,1678.409,24.123,55.773,128.679,0.863199,-1,-1,-1
20,5,1334.094,711.199,109.204,172.880,0.862969,-1,-1,-1
20,14,1624.113,16.085,40.590,113.816,0.856686,-1,-1,-1
20,21,847.203,57.928,42.304,130.729,0.856471,-1,-1,-1
20,44,801.540,0.141,75.456,43.974,0.855453,-1,-1,-1
20,16,794.939,60.438,38.207,131.225,0.852918,-1,-1,-1
20,20,1119.497,829.742,90.135,214.628,0.850185,-1,-1,-1
20,17,383.709,0.000,45.336,109.717,0.848560,-1,-1,-1
20,33,89.018,124.075,51.049,120.019,0.845289,-1,-1,-1
20,18,1203.380,86.876,45.307,140.150,0.843011,-1,-1,-1
20,19,1590.765,21.554,36.487,107.484,0.839359,-1,-1,-1
20,27,1297.542,0.045,41.525,101.086,0.829978,-1,-1,-1
20,28,992.157,126.692,51.294,142.279,0.828369,-1,-1,-1
20,26,1167.808,113.663,48.455,133.422,0.828199,-1,-1,-1
20,30,574.130,225.472,51.119,113.345,0.824701,-1,-1,-1
20,38,382.592,479.792,125.282,184.190,0.821907,-1,-1,-1
20,25,728.297,0.050,44.387,72.182,0.817192,-1,-1,-1
20,24,1383.025,48.211,36.926,129.752,0.812136,-1,-1,-1
20,37,1892.807,103.693,27.193,105.012,0.807196,-1,-1,-1
20,31,1735.550,102.923,60.651,161.425,0.795410,-1,-1,-1
20,29,912.052,66.267,37.040,120.623,0.786818,-1,-1,-1
20,46,1264.126,37.633,34.870,80.258,0.784769,-1,-1,-1
20,22,910.501,0.000,39.545,82.751,0.784046,-1,-1,-1
20,34,1384.403,0.000,46.600,92.427,0.779741,-1,-1,-1
20,40,337.887,487.073,65.868,151.665,0.775511,-1,-1,-1
20,36,1816.169,0.003,39.060,44.573,0.757143,-1,-1,-1
20,32,1708.622,189.488,64.009,139.939,0.614482,-1,-1,-1
20,45,456.835,507.576,54.359,131.513,0.307629,-1,-1,-1
21,3,237.413,496.867,73.621,177.870,0.891112,-1,-1,-1
21,42,1819.541,607.718,88.462,180.283,0.886601,-1,-1,-1
21,1,1477.147,379.091,79.952,170.070,0.884778,-1,-1,-1
21,4,1493.991,531.652,81.528,170.232,0.883724,-1,-1,-1
21,6,256.811,0.000,66.460,123.648,0.878680,-1,-1,-1
21,2,751.799,380.870,61.337,157.194,0.874374,-1,-1,-1
21,7,699.839,187.567,57.733,146.031,0.873204,-1,-1,-1
21,15,925.581,205.845,56.905,139.301,0.871855,-1,-1,-1
21,10,64.091,823.842,125.429,179.174,0.869366,-1,-1,-1
21,12,566.625,259.168,64.473,180.821,0.868027,-1,-1,-1
21,23,1145.061,440.907,67.178,139.139,0.865453,-1,-1,-1
21,9,1678.279,24.574,55.900,127.780,0.863624,-1,-1,-1
21,13,1088.563,67.176,46.889,106.534,0.862463,-1,-1,-1
21,11,1806.610,177.614,54.571,132.932,0.861176,-1,-1,-1
21,8,672.904,547.688,71.525,186.419,0.860798,-1,-1,-1
21,5,1322.745,712.167,116.340,171.005,0.859989,-1,-1,-1
21,44,802.763,0.084,77.569,44.370,0.857051,-1,-1,-1
21,14,1625.470,16.414,39.287,114.798,0.855545,-1,-1,-1
21,17,385.088,0.000,45.143,109.753,0.853206,-1,-1,-1
21,21,847.035,57.348,42.450,130.866,0.853070,-1,-1,-1
21,20,1117.949,825.954,90.243,205.779,0.849217,-1,-1,-1
21,33,89.038,123.885,50.702,119.534,0.848214,-1,-1,-1
21,16,794.646,59.541,38.247,131.475,0.845999,-1,-1,-1
21,19,1590.859,21.532,36.372,107.357,0.840622,-1,-1,-1
21,18,1202.807,87.159,45.568,139.317,0.838012,-1,-1,-1
21,38,383.225,480.181,124.176,183.143,0.827466,-1,-1,-1
21,26,1167.560,111.869,48.065,132.133,0.827183,-1,-1,-1
21,27,1297.583,0.000,41.220,100.795,0.825893,-1,-1,-1
21,25,728.937,0.019,42.690,72.040,0.823753,-1,-1,-1
21,31,1736.409,104.766,59.638,161.607,0.822894,-1,-1,-1
21,28,991.544,128.509,52.244,141.450,0.819807,-1,-1,-1
21,30,574.196,226.822,51.238,113.702,0.819174,-1,-1,-1
21,24,1382.844,47.267,37.203,130.554,0.817108,-1,-1,-1
21,29,912.954,65.192,36.241,119.479,0.807192,-1,-1,-1
21,37,1892.201,101.693,27.799,106.513,0.796887,-1,-1,-1
21,46,1263.691,37.361,35.071,80.358,0.786254,-1,-1,-1
21,22,910.699,0.000,39.538,79.883,0.785041,-1,-1,-1
21,40,337.790,486.588,65.378,151.853,0.781856,-1,-1,-1
21,36,1815.917,0.000,39.506,44.457,0.744178,-1,-1,-1
21,34,1383.694,0.000,45.115,92.744,0.735693,-1,-1,-1
21,32,1712.738,187.879,58.257,141.909,0.623970,-1,-1,-1
21,45,455.548,506.511,55.119,132.316,0.348140,-1,-1,-1
22,1,1477.374,383.208,78.079,168.566,0.888861,-1,-1,-1
22,3,236.697,500.494,73.822,181.949,0.887168,-1,-1,-1
22,6,258.640,0.006,70.684,123.676,0.877003,-1,-1,-1
22,4,1494.571,535.086,82.800,178.890,0.874315,-1,-1,-1
22,15,925.801,206.383,57.630,138.650,0.872523,-1,-1,-1
22,42,1816.170,604.422,100.460,178.678,0.870815,-1,-1,-1
22,2,752.242,378.671,60.887,159.201,0.869504,-1,-1,-1
22,23,1144.375,439.614,67.764,140.150,0.869342,-1,-1,-1
22,12,566.246,258.524,66.187,181.040,0.868430,-1,-1,-1
22,10,66.059,824.150,123.876,179.254,0.868167,-1,-1,-1
22,5,1315.789,711.706,118.743,170.891,0.867247,-1,-1,-1
22,7,699.076,186.010,57.100,145.840,0.866555,-1,-1,-1
22,9,1678.259,25.220,55.724,127.471,0.862669,-1,-1,-1
22,8,673.285,544.626,71.159,189.176,0.862619,-1,-1,-1
22,11,1806.298,178.462,55.404,132.558,0.859732,-1,-1,-1
22,14,1625.729,16.875,39.067,115.656,0.858121,-1,-1,-1
22,20,1116.770,820.181,90.379,195.671,0.853772,-1,-1,-1
22,44,807.821,0.067,73.372,43.990,0.851801,-1,-1,-1
22,13,1089.553,67.622,45.870,106.338,0.851613,-1,-1,-1
22,21,846.841,57.189,42.289,131.005,0.849706,-1,-1,-1
22,33,88.833,123.979,50.613,118.959,0.848428,-1,-1,-1
22,16,794.476,58.818,38.240,131.797,0.848309,-1,-1,-1
22,17,386.771,0.000,45.826,108.401,0.846821,-1,-1,-1
22,19,1591.130,21.767,35.815,107.113,0.842974,-1,-1,-1
22,18,1202.829,86.127,44.825,140.197,0.840576,-1,-1,-1
22,26,1167.699,109.546,46.824,129.906,0.836236,-1,-1,-1
22,30,574.225,228.844,51.243,113.581,0.828641,-1,-1,-1
22,27,1297.870,0.000,40.559,100.774,0.827531,-1,-1,-1
22,38,382.672,478.821,124.217,184.619,0.827309,-1,-1,-1
22,24,1382.380,49.137,37.722,128.496,0.824593,-1,-1,-1
22,25,728.964,0.019,42.394,71.860,0.818572,-1,-1,-1
22,28,991.916,130.658,51.802,142.481,0.808351,-1,-1,-1
22,29,913.849,66.104,35.537,116.359,0.802749,-1,-1,-1
22,37,1891.927,101.772,28.073,106.764,0.796776,-1,-1,-1
22,31,1712.609,105.726,84.415,165.056,0.794447,-1,-1,-1
22,46,1263.729,36.873,33.342,80.905,0.789149,-1,-1,-1
22,40,337.496,486.076,65.349,151.770,0.787093,-1,-1,-1
22,22,911.206,0.000,39.684,81.322,0.783134,-1,-1,-1
22,34,1382.939,0.000,45.290,92.820,0.745857,-1,-1,-1
22,36,1815.716,0.000,39.493,44.408,0.730812,-1,-1,-1
22,32,1710.186,191.206,61.878,138.832,0.636271,-1,-1,-1
22,45,455.316,507.164,55.400,131.501,0.349939,-1,-1,-1
23,1,1481.275,388.770,79.040,171.101,0.889490,-1,-1,-1
23,42,1805.351,597.866,104.216,178.604,0.880424,-1,-1,-1
23,6,263.457,0.002,70.523,122.508,0.877734,-1,-1,-1
23,4,1496.146,542.363,84.898,182.499,0.876317,-1,-1,-1
23,3,235.062,507.918,74.821,180.895,0.875258,-1,-1,-1
23,5,1311.705,712.349,113.830,168.988,0.874071,-1,-1,-1
23,2,752.754,375.007,60.413,162.558,0.873773,-1,-1,-1
23,15,927.379,207.370,57.733,137.219,0.872093,-1,-1,-1
23,10,71.245,824.175,118.185,179.557,0.871373,-1,-1,-1
23,9,1678.185,26.672,55.477,129.131,0.871068,-1,-1,-1
23,12,565.887,308.104,69.100,133.961,0.868751,-1,-1,-1
23,23,1143.003,435.609,70.553,143.467,0.868700,-1,-1,-1
23,8,672.367,538.598,72.613,193.812,0.867763,-1,-1,-1
23,7,697.894,181.868,58.036,144.823,0.867116,-1,-1,-1
23,11,1806.906,179.347,56.482,130.611,0.865464,-1,-1,-1
23,20,1112.988,809.927,92.022,185.773,0.859530,-1,-1,-1
23,14,1625.813,17.881,39.516,114.964,0.858269,-1,-1,-1
23,13,1091.611,69.286,44.079,104.493,0.853990,-1,-1,-1
23,21,846.617,56.647,42.405,130.750,0.851137,-1,-1,-1
23,19,1590.900,22.207,36.444,106.613,0.843677,-1,-1,-1
23,16,794.872,57.089,37.544,131.378,0.839851,-1,-1,-1
23,18,1202.300,85.831,44.064,138.321,0.838622,-1,-1,-1
23,33,87.786,122.998,51.010,119.006,0.837104,-1,-1,-1
23,24,1381.996,49.973,38.220,126.875,0.832606,-1,-1,-1
23,17,373.777,0.000,61.732,106.013,0.829773,-1,-1,-1
23,27,1297.033,0.000,40.477,100.427,0.827736,-1,-1,-1
23,29,915.441,72.000,34.385,103.419,0.826428,-1,-1,-1
23,26,1167.729,105.253,46.109,127.006,0.824137,-1,-1,-1
23,38,382.531,476.962,125.532,186.230,0.823057,-1,-1,-1
23,30,573.717,230.781,51.430,115.842,0.822964,-1,-1,-1
23,25,729.931,0.032,40.414,70.154,0.821609,-1,-1,-1
23,28,991.383,133.123,53.483,141.610,0.812153,-1,-1,-1
23,44,817.178,0.000,64.443,41.343,0.808617,-1,-1,-1
23,37,1891.652,101.734,28.348,110.518,0.802926,-1,-1,-1
23,31,1737.430,110.355,58.956,161.863,0.796268,-1,-1,-1
23,46,1262.609,31.599,32.376,85.423,0.795152,-1,-1,-1
23,22,911.478,0.000,38.269,87.594,0.792373,-1,-1,-1
23,34,1380.926,0.000,45.119,88.476,0.789596,-1,-1,-1
23,40,336.676,484.680,67.294,153.330,0.773270,-1,-1,-1
23,32,1709.992,191.274,65.444,138.293,0.754849,-1,-1,-1
23,36,1815.702,0.017,38.952,43.687,0.727660,-1,-1,-1
23,35,172.309,0.000,39.902,17.003,0.475992,-1,-1,-1
24,1,1483.548,391.230,77.929,169.041,0.890545,-1,-1,-1
24,4,1497.156,546.039,84.937,182.581,0.876596,-1,-1,-1
24,15,927.363,208.478,58.283,135.646,0.875924,-1,-1,-1
24,23,1142.749,433.984,71.397,144.642,0.874025,-1,-1,-1
24,2,753.601,373.296,59.588,162.916,0.873957,-1,-1,-1
24,10,72.742,824.787,116.261,178.826,0.873873,-1,-1,-1
24,9,1678.459,28.178,54.695,131.093,0.871435,-1,-1,-1
24,5,1311.334,710.375,111.592,171.373,0.870988,-1,-1,-1
24,42,1796.691,593.367,106.878,184.383,0.870328,-1,-1,-1
24,8,672.004,535.674,73.564,195.242,0.869205,-1,-1,-1
24,11,1805.335,179.966,59.438,129.891,0.866619,-1,-1,-1
24,3,234.096,511.508,76.563,186.704,0.865748,-1,-1,-1
24,12,565.778,262.486,70.101,184.578,0.862898,-1,-1,-1
24,7,697.069,179.219,57.348,144.260,0.862797,-1,-1,-1
24,20,1111.895,805.365,92.375,188.276,0.860410,-1,-1,-1
24,14,1625.463,18.218,39.714,114.904,0.859432,-1,-1,-1
24,13,1092.095,70.600,43.664,106.725,0.856534,-1,-1,-1
24,6,265.743,0.000,68.929,121.075,0.856474,-1,-1,-1
24,21,846.447,56.015,42.029,131.138,0.852574,-1,-1,-1
24,19,1591.279,22.393,36.065,106.319,0.842185,-1,-1,-1
24,33,87.854,122.866,50.957,118.970,0.841597,-1,-1,-1
24,18,1201.119,84.683,45.137,136.579,0.839397,-1,-1,-1
24,25,730.264,0.000,40.792,69.766,0.834098,-1,-1,-1
24,24,1381.705,50.012,38.393,126.572,0.833293,-1,-1,-1
24,31,1738.141,111.913,57.991,159.770,0.830811,-1,-1,-1
24,27,1296.797,0.000,40.367,99.848,0.830407,-1,-1,-1
24,17,391.633,0.000,43.582,104.127,0.827027,-1,-1,-1
24,29,916.286,66.855,33.982,106.185,0.825641,-1,-1,-1
24,16,796.348,56.125,35.719,132.246,0.825461,-1,-1,-1
24,30,573.456,231.650,51.011,114.125,0.824345,-1,-1,-1
24,32,1715.322,197.039,59.900,131.211,0.823651,-1,-1,-1
24,38,382.779,479.419,85.128,183.404,0.818462,-1,-1,-1
24,28,989.209,134.012,55.517,140.903,0.817087,-1,-1,-1
24,26,1167.850,103.087,44.490,126.000,0.813874,-1,-1,-1
24,22,912.315,0.000,37.522,82.055,0.799581,-1,-1,-1
24,37,1890.751,100.641,29.249,115.710,0.797570,-1,-1,-1
24,46,1262.289,31.338,31.544,85.047,0.792105,-1,-1,-1
24,40,336.540,484.280,68.111,153.114,0.789778,-1,-1,-1
24,34,1381.019,0.000,43.906,86.666,0.775622,-1,-1,-1
24,44,826.052,0.036,55.260,40.659,0.758225,-1,-1,-1
24,36,1815.379,0.041,38.768,43.401,0.727123,-1,-1,-1
24,35,173.096,0.000,43.199,17.123,0.591190,-1,-1,-1
25,1,1485.769,393.873,77.468,166.660,0.884627,-1,-1,-1
25,23,1142.480,432.286,71.501,145.657,0.876308,-1,-1,-1
25,10,74.103,825.308,114.968,178.169,0.874880,-1,-1,-1
25,15,927.382,209.587,58.182,134.573,0.872920,-1,-1,-1
25,4,1498.693,549.745,84.131,183.812,0.872371,-1,-1,-1
25,9,1678.470,29.800,54.896,132.757,0.872054,-1,-1,-1
25,42,1788.056,590.878,109.745,186.581,0.872042,-1,-1,-1
25,2,753.872,371.500,59.318,163.327,0.871739,-1,-1,-1
25,12,566.435,314.228,70.912,138.609,0.869214,-1,-1,-1
25,5,1311.024,708.724,110.301,172.924,0.868181,-1,-1,-1
25,8,672.045,532.515,73.575,194.626,0.865550,-1,-1,-1
25,7,697.619,176.859,57.656,140.756,0.865253,-1,-1,-1
25,11,1806.770,180.637,59.073,129.486,0.865013,-1,-1,-1
25,3,233.531,515.173,77.165,183.731,0.864298,-1,-1,-1
25,6,265.799,0.009,69.968,119.935,0.860326,-1,-1,-1
25,20,1110.523,800.546,93.054,195.249,0.858237,-1,-1,-1
25,13,1092.377,72.072,43.595,109.229,0.857930,-1,-1,-1
25,14,1625.722,18.806,39.652,114.898,0.854756,-1,-1,-1
25,21,846.432,56.026,41.856,131.096,0.852522,-1,-1,-1
25,31,1738.095,113.195,58.230,160.861,0.843305,-1,-1,-1
25,19,1591.365,22.672,36.154,105.924,0.843265,-1,-1,-1
25,18,1200.927,82.853,44.028,138.220,0.838721,-1,-1,-1
25,33,87.576,122.607,50.994,119.158,0.836869,-1,-1,-1
25,24,1381.518,49.502,38.144,126.843,0.836603,-1,-1,-1
25,27,1296.553,0.000,40.162,99.614,0.831770,-1,-1,-1
25,16,795.553,55.299,36.420,132.922,0.830727,-1,-1,-1
25,30,573.137,232.495,50.855,113.198,0.829934,-1,-1,-1
25,25,730.576,0.000,40.269,67.966,0.828282,-1,-1,-1
25,17,392.481,0.000,42.819,101.882,0.823197,-1,-1,-1
25,26,1167.279,100.651,44.570,127.513,0.822816,-1,-1,-1
25,38,380.142,479.123,87.662,183.760,0.821627,-1,-1,-1
25,29,916.840,67.172,35.413,104.920,0.819038,-1,-1,-1
25,28,989.683,134.674,55.373,140.135,0.812740,-1,-1,-1
25,32,1716.685,201.180,57.872,127.232,0.802266,-1,-1,-1
25,37,1889.850,106.714,30.150,112.388,0.797384,-1,-1,-1
25,46,1261.790,27.908,31.619,89.011,0.793817,-1,-1,-1
25,40,336.477,483.862,67.954,153.185,0.790818,-1,-1,-1
25,22,912.348,0.000,38.323,85.430,0.785329,-1,-1,-1
25,44,833.390,0.015,48.005,40.330,0.782798,-1,-1,-1
25,34,1380.132,0.000,43.703,85.946,0.762831,-1,-1,-1
25,36,1815.148,0.070,38.384,43.120,0.732314,-1,-1,-1
25,47,375.776,0.000,31.508,42.796,0.597033,-1,-1,-1
25,35,172.449,0.000,44.860,17.231,0.544045,-1,-1,-1
26,1,1487.919,395.587,76.848,165.478,0.884183,-1,-1,-1
26,4,1499.569,553.923,84.428,184.784,0.880357,-1,-1,-1
26,12,567.060,317.227,70.703,139.093,0.878176,-1,-1,-1
26,23,1142.290,429.633,70.977,147.284,0.875750,-1,-1,-1
26,9,1678.810,31.571,54.636,132.158,0.873797,-1,-1,-1
26,15,927.229,210.790,58.216,135.139,0.873792,-1,-1,-1
26,10,75.764,826.376,113.036,176.991,0.871946,-1,-1,-1
26,8,673.033,528.539,72.780,194.318,0.870187,-1,-1,-1
26,2,755.058,369.007,58.528,164.604,0.869289,-1,-1,-1
26,6,261.198,0.031,74.999,118.202,0.867788,-1,-1,-1
26,11,1807.647,181.455,59.420,128.170,0.866479,-1,-1,-1
26,3,231.591,518.085,76.642,184.319,0.863295,-1,-1,-1
26,42,1782.867,589.395,110.745,187.882,0.863264,-1,-1,-1
26,7,697.597,173.421,56.354,138.380,0.862643,-1,-1,-1
26,5,1310.270,707.177,107.153,174.012,0.860851,-1,-1,-1
26,13,1092.827,73.819,43.281,110.532,0.857215,-1,-1,-1
26,20,1109.213,796.409,93.661,200.090,0.856176,-1,-1,-1
26,14,1625.857,19.486,39.691,114.521,0.854906,-1,-1,-1
26,21,846.539,55.732,41.111,131.100,0.853006,-1,-1,-1
26,19,1591.495,22.940,36.526,106.115,0.841351,-1,-1,-1
26,33,87.477,122.544,50.834,119.123,0.840684,-1,-1,-1
26,24,1381.011,48.773,38.590,127.488,0.839004,-1,-1,-1
26,18,1199.576,81.146,44.966,138.218,0.837735,-1,-1,-1
26,27,1295.820,0.000,40.449,99.108,0.835291,-1,-1,-1
26,30,572.687,232.906,51.171,118.329,0.829585,-1,-1,-1
26,17,393.471,0.000,42.276,97.893,0.827957,-1,-1,-1
26,16,794.586,54.997,37.359,132.482,0.825792,-1,-1,-1
26,31,1737.462,113.504,59.189,162.081,0.824597,-1,-1,-1
26,26,1167.507,98.931,43.548,127.787,0.823069,-1,-1,-1
26,38,381.004,478.805,86.099,183.392,0.815348,-1,-1,-1
26,28,993.115,135.240,50.453,139.461,0.802853,-1,-1,-1
26,25,730.021,0.000,40.985,65.898,0.802788,-1,-1,-1
26,46,1261.525,23.100,33.631,96.610,0.797416,-1,-1,-1
26,37,1889.736,110.277,30.264,110.335,0.794461,-1,-1,-1
26,40,336.313,483.389,67.668,153.236,0.790197,-1,-1,-1
26,34,1379.294,0.000,43.594,85.905,0.776541,-1,-1,-1
26,29,917.055,62.894,36.471,108.110,0.763409,-1,-1,-1
26,22,912.072,0.000,38.434,94.619,0.745529,-1,-1,-1
26,32,1717.677,193.808,57.977,135.124,0.742840,-1,-1,-1
26,36,1815.202,0.075,38.391,42.847,0.734181,-1,-1,-1
26,44,837.079,0.036,44.212,40.611,0.650841,-1,-1,-1
26,47,376.951,0.000,32.321,41.509,0.563323,-1,-1,-1
26,35,169.932,0.000,46.791,16.734,0.477750,-1,-1,-1
27,12,567.827,319.595,72.088,138.550,0.885677,-1,-1,-1
27,1,1488.740,398.028,77.058,162.603,0.880156,-1,-1,-1
27,4,1501.306,557.370,84.508,184.767,0.877930,-1,-1,-1
27,8,673.719,524.795,72.448,194.563,0.877602,-1,-1,-1
27,23,1142.323,426.949,72.445,149.325,0.870401,-1,-1,-1
27,9,1679.604,33.198,53.855,131.095,0.870398,-1,-1,-1
27,10,77.336,827.076,111.180,176.112,0.870102,-1,-1,-1
27,15,926.671,213.019,57.913,138.973,0.868818,-1,-1,-1
27,11,1807.239,182.767,60.765,130.182,0.867272,-1,-1,-1
27,6,260.384,0.000,76.455,117.050,0.867102,-1,-1,-1
27,5,1309.410,705.822,102.664,176.092,0.866516,-1,-1,-1
27,2,755.555,365.988,58.405,164.110,0.866315,-1,-1,-1
27,20,1108.233,792.370,94.547,206.739,0.865975,-1,-1,-1
27,42,1777.399,587.299,112.770,189.308,0.864186,-1,-1,-1
27,7,700.364,170.700,53.134,135.854,0.857892,-1,-1,-1
27,3,228.686,520.404,81.063,183.039,0.855889,-1,-1,-1
27,13,1093.531,75.991,42.874,109.273,0.854600,-1,-1,-1
27,14,1625.794,19.943,39.835,114.597,0.854146,-1,-1,-1
27,21,846.651,55.501,40.487,131.231,0.853989,-1,-1,-1
27,30,572.869,233.905,50.892,117.040,0.844252,-1,-1,-1
27,19,1591.326,23.392,36.992,105.001,0.843230,-1,-1,-1
27,24,1380.933,47.796,38.384,128.210,0.840905,-1,-1,-1
27,33,87.412,122.472,50.809,119.168,0.840271,-1,-1,-1
27,18,1199.575,79.293,44.042,137.700,0.838586,-1,-1,-1
27,27,1295.485,0.000,40.279,98.963,0.837881,-1,-1,-1
27,16,793.809,54.458,37.902,132.737,0.825965,-1,-1,-1
27,26,1167.619,97.932,42.998,128.872,0.823353,-1,-1,-1
27,17,393.484,0.000,43.096,96.291,0.822988,-1,-1,-1
27,29,917.474,56.563,36.813,114.506,0.817570,-1,-1,-1
27,38,380.337,478.799,85.783,183.111,0.813651,-1,-1,-1
27,37,1889.561,109.963,30.439,112.459,0.800806,-1,-1,-1
27,31,1736.250,114.285,60.756,162.110,0.800058,-1,-1,-1
27,46,1261.163,25.127,33.964,95.213,0.793279,-1,-1,-1
27,40,336.226,483.066,67.958,153.884,0.782824,-1,-1,-1
27,28,991.916,135.985,51.541,138.768,0.782800,-1,-1,-1
27,25,729.714,0.000,40.046,63.217,0.775751,-1,-1,-1
27,22,912.526,0.000,37.281,88.238,0.773877,-1,-1,-1
27,34,1379.023,0.000,43.152,91.403,0.755657,-1,-1,-1
27,36,1814.898,0.059,38.198,42.870,0.734834,-1,-1,-1
27,32,1718.201,199.037,58.085,135.793,0.733936,-1,-1,-1
27,44,851.205,0.134,31.415,42.813,0.721640,-1,-1,-1
27,47,377.047,0.000,32.730,37.714,0.520011,-1,-1,-1
27,35,171.397,0.000,44.901,16.114,0.454442,-1,-1,-1
27,45,449.638,502.584,60.329,134.944,0.409343,-1,-1,-1
28,1,1492.447,403.735,74.761,155.958,0.888229,-1,-1,-1
28,8,676.239,515.275,70.354,189.187,0.887420,-1,-1,-1
28,4,1504.341,562.811,84.509,180.796,0.882387,-1,-1,-1
28,12,569.539,324.197,69.938,137.886,0.878431,-1,-1,-1
28,11,1807.759,186.956,61.934,136.082,0.873932,-1,-1,-1
28,9,1680.906,36.083,53.248,131.548,0.873727,-1,-1,-1
28,42,1776.283,582.198,106.257,192.573,0.870114,-1,-1,-1
28,5,1309.104,705.878,88.124,173.489,0.870072,-1,-1,-1
28,2,756.628,360.888,57.893,162.001,0.869355,-1,-1,-1
28,6,255.552,0.144,80.507,111.076,0.869238,-1,-1,-1
28,15,925.168,217.167,58.555,143.178,0.866849,-1,-1,-1
28,10,80.545,828.283,108.267,174.385,0.865522,-1,-1,-1
28,23,1142.182,419.285,72.728,147.001,0.864064,-1,-1,-1
28,20,1106.468,782.639,94.118,218.904,0.863600,-1,-1,-1
28,7,701.812,166.730,52.217,140.030,0.861945,-1,-1,-1
28,3,222.835,524.687,86.737,178.885,0.859839,-1,-1,-1
28,21,846.244,55.596,40.404,130.936,0.858886,-1,-1,-1
28,13,1094.813,79.313,42.403,109.782,0.855361,-1,-1,-1
28,14,1626.605,20.290,39.840,114.831,0.846598,-1,-1,-1
28,30,572.676,235.622,51.386,119.618,0.843479,-1,-1,-1
28,24,1380.798,46.364,38.636,129.562,0.842337,-1,-1,-1
28,18,1197.334,76.104,45.600,134.817,0.841583,-1,-1,-1
28,19,1591.257,24.414,38.081,105.010,0.841404,-1,-1,-1
28,33,86.916,121.939,51.158,119.446,0.838400,-1,-1,-1
28,27,1295.411,0.000,39.516,98.710,0.836435,-1,-1,-1
28,26,1167.248,96.969,42.730,130.254,0.823785,-1,-1,-1
28,16,795.018,53.935,36.877,132.120,0.809882,-1,-1,-1
28,38,376.842,500.173,71.384,161.713,0.809041,-1,-1,-1
28,17,389.340,0.000,50.840,89.704,0.806236,-1,-1,-1
28,46,1260.488,27.202,32.718,88.847,0.794694,-1,-1,-1
28,22,913.014,0.000,38.907,97.511,0.791807,-1,-1,-1
28,28,989.609,137.332,53.932,136.934,0.790107,-1,-1,-1
28,44,860.026,0.018,32.270,43.445,0.787704,-1,-1,-1
28,37,1889.056,113.552,30.944,112.263,0.787203,-1,-1,-1
28,29,919.145,54.612,40.610,115.653,0.776648,-1,-1,-1
28,40,336.156,482.584,67.290,154.015,0.774867,-1,-1,-1
28,34,1377.627,0.000,42.666,85.374,0.768178,-1,-1,-1
28,31,1731.756,115.485,66.045,162.656,0.751769,-1,-1,-1
28,32,1707.957,205.861,72.502,139.780,0.748730,-1,-1,-1
28,36,1814.685,0.050,38.180,42.855,0.731967,-1,-1,-1
28,25,725.182,0.000,46.027,57.474,0.725786,-1,-1,-1
28,45,418.162,478.325,92.252,159.324,0.695886,-1,-1,-1
28,35,177.669,0.003,38.080,15.684,0.226630,-1,-1,-1
29,1,1494.159,406.930,74.880,159.960,0.883130,-1,-1,-1
29,4,1505.023,565.911,85.374,177.865,0.882853,-1,-1,-1
29,8,676.798,510.912,70.001,181.927,0.881599,-1,-1,-1
29,12,570.629,325.148,69.419,137.358,0.879844,-1,-1,-1
29,5,1308.592,705.932,83.010,172.721,0.877904,-1,-1,-1
29,9,1681.447,36.801,53.270,132.173,0.875293,-1,-1,-1
29,11,1807.920,189.481,62.823,136.251,0.875089,-1,-1,-1
29,42,1776.804,578.672,101.963,194.638,0.872883,-1,-1,-1
29,2,756.669,357.663,58.151,159.362,0.871487,-1,-1,-1
29,15,924.577,219.472,58.429,141.942,0.867574,-1,-1,-1
29,10,82.067,829.491,106.768,173.336,0.866703,-1,-1,-1
29,3,217.833,527.044,87.430,176.977,0.865118,-1,-1,-1
29,6,256.120,0.000,79.906,108.221,0.865065,-1,-1,-1
29,7,701.901,165.667,53.477,140.878,0.864483,-1,-1,-1
29,20,1104.692,780.231,94.800,216.835,0.861098,-1,-1,-1
29,21,846.271,55.561,40.357,130.934,0.857590,-1,-1,-1
29,13,1095.614,80.785,42.417,108.864,0.854600,-1,-1,-1
29,23,1142.135,416.943,70.752,143.471,0.853830,-1,-1,-1
29,14,1626.803,20.237,39.772,114.752,0.844664,-1,-1,-1
29,24,1380.755,44.790,38.782,131.120,0.841797,-1,-1,-1
29,18,1191.191,73.795,51.366,137.067,0.840392,-1,-1,-1
29,33,86.970,121.974,51.056,119.445,0.840194,-1,-1,-1
29,30,572.634,236.720,51.504,120.059,0.839781,-1,-1,-1
29,19,1591.429,24.842,38.512,105.940,0.838419,-1,-1,-1
29,27,1295.262,0.000,39.408,98.621,0.836091,-1,-1,-1
29,26,1167.088,96.397,44.242,130.679,0.826054,-1,-1,-1
29,28,986.236,138.639,58.061,136.271,0.825456,-1,-1,-1
29,31,1711.233,115.761,87.028,236.709,0.814566,-1,-1,-1
29,44,859.592,0.023,42.542,43.754,0.814485,-1,-1,-1
29,16,795.519,53.760,36.561,131.617,0.808657,-1,-1,-1
29,17,381.255,0.000,60.366,88.898,0.807393,-1,-1,-1
29,38,376.773,479.872,89.897,181.911,0.803089,-1,-1,-1
29,46,1260.163,28.079,32.833,88.045,0.792639,-1,-1,-1
29,22,913.172,0.000,39.559,96.883,0.778386,-1,-1,-1
29,37,1889.571,113.040,30.429,113.952,0.775592,-1,-1,-1
29,40,336.465,482.696,66.083,153.389,0.765628,-1,-1,-1
29,25,717.052,0.000,54.914,56.084,0.755304,-1,-1,-1
29,34,1377.468,0.000,42.468,89.821,0.750329,-1,-1,-1
29,29,920.769,49.473,40.065,115.913,0.734623,-1,-1,-1
29,36,1814.662,0.049,38.233,42.860,0.731385,-1,-1,-1
29,45,418.131,478.273,92.114,159.271,0.703019,-1,-1,-1
29,32,1715.146,203.779,65.824,144.602,0.599989,-1,-1,-1
30,8,677.335,506.799,69.448,177.159,0.886496,-1,-1,-1
30,4,1506.041,568.197,85.447,174.885,0.883435,-1,-1,-1
30,1,1495.503,410.552,74.994,168.449,0.881824,-1,-1,-1
30,5,1305.556,706.175,81.907,177.992,0.879440,-1,-1,-1
30,12,571.596,327.551,68.880,135.014,0.877054,-1,-1,-1
30,42,1776.420,575.537,99.690,195.040,0.874056,-1,-1,-1
30,9,1681.910,37.620,53.342,131.664,0.873065,-1,-1,-1
30,15,923.870,221.792,58.538,141.956,0.871891,-1,-1,-1
30,11,1808.001,192.535,63.768,134.981,0.871107,-1,-1,-1
30,10,83.866,830.686,104.846,175.612,0.864305,-1,-1,-1
30,7,702.049,164.380,53.661,142.584,0.863772,-1,-1,-1
30,3,222.605,528.776,82.614,175.032,0.863441,-1,-1,-1
30,2,756.945,354.408,58.055,155.441,0.862882,-1,-1,-1
30,6,255.170,0.000,80.829,105.739,0.858097,-1,-1,-1
30,20,1105.710,776.591,92.570,217.881,0.857594,-1,-1,-1
30,21,846.316,55.397,40.140,131.098,0.857151,-1,-1,-1
30,13,1095.634,81.594,43.032,108.385,0.856808,-1,-1,-1
30,23,1141.960,415.750,70.446,139.197,0.853010,-1,-1,-1
30,14,1627.339,20.541,39.584,114.608,0.850853,-1,-1,-1
30,30,572.655,238.027,51.842,120.510,0.843750,-1,-1,-1
30,19,1591.494,26.068,38.435,106.092,0.842354,-1,-1,-1
30,18,1189.946,72.604,52.184,139.440,0.840317,-1,-1,-1
30,24,1380.885,43.017,38.636,132.865,0.839611,-1,-1,-1
30,33,86.947,121.968,51.071,119.452,0.839579,-1,-1,-1
30,27,1295.173,0.000,39.271,98.580,0.838298,-1,-1,-1
30,26,1166.838,96.570,43.651,130.288,0.822606,-1,-1,-1
30,28,986.458,140.061,58.250,139.802,0.819080,-1,-1,-1
30,31,1736.767,116.787,61.799,163.237,0.816666,-1,-1,-1
30,16,795.535,53.557,36.910,131.699,0.808506,-1,-1,-1
30,38,376.628,499.737,71.303,161.926,0.804366,-1,-1,-1
30,44,860.062,0.075,52.683,42.610,0.790771,-1,-1,-1
30,46,1259.762,28.891,33.495,87.026,0.790165,-1,-1,-1
30,17,395.728,0.127,48.550,88.575,0.786503,-1,-1,-1
30,40,336.446,482.718,65.742,153.221,0.780025,-1,-1,-1
30,37,1889.810,113.169,30.190,113.810,0.773476,-1,-1,-1
30,22,913.585,0.000,39.813,97.435,0.767514,-1,-1,-1
30,34,1377.072,0.000,42.653,87.749,0.756731,-1,-1,-1
30,25,728.508,0.000,43.973,55.599,0.743654,-1,-1,-1
30,29,921.640,46.926,39.181,122.093,0.740734,-1,-1,-1
30,36,1814.671,0.051,38.095,42.855,0.734225,-1,-1,-1
30,45,417.963,478.306,92.300,159.135,0.722457,-1,-1,-1
30,32,1714.155,204.051,66.785,146.288,0.666598,-1,-1,-1
30,47,380.285,0.003,30.261,30.108,0.405658,-1,-1,-1
31,8,677.576,502.831,68.878,175.455,0.888749,-1,-1,-1
31,12,572.285,329.311,68.729,133.151,0.877573,-1,-1,-1
31,15,923.506,224.051,58.835,143.698,0.876379,-1,-1,-1
31,11,1807.801,195.338,65.999,135.413,0.875948,-1,-1,-1
31,5,1301.559,707.045,81.675,178.474,0.874618,-1,-1,-1
31,4,1506.182,570.382,87.570,172.647,0.873401,-1,-1,-1
31,9,1682.660,38.305,53.990,130.680,0.872865,-1,-1,-1
31,1,1496.717,415.099,74.596,171.857,0.870342,-1,-1,-1
31,42,1774.754,572.295,98.112,192.990,0.869646,-1,-1,-1
31,3,224.832,530.605,80.858,173.292,0.867616,-1,-1,-1
31,2,756.934,351.151,58.222,154.014,0.864266,-1,-1,-1
31,7,701.960,163.432,54.127,144.092,0.863051,-1,-1,-1
31,10,85.210,831.780,103.799,180.536,0.862335,-1,-1,-1
31,23,1142.699,412.372,69.725,138.185,0.861936,-1,-1,-1
31,20,1105.451,769.829,92.741,221.167,0.858031,-1,-1,-1
31,6,287.572,0.000,48.353,105.020,0.857433,-1,-1,-1
31,21,846.405,55.502,40.084,130.963,0.857083,-1,-1,-1
31,13,1096.487,82.037,42.551,107.967,0.855524,-1,-1,-1
31,14,1627.653,20.957,39.655,114.374,0.850151,-1,-1,-1
31,19,1591.576,26.737,39.323,106.671,0.842438,-1,-1,-1
31,33,86.983,121.994,51.000,119.409,0.840158,-1,-1,-1
31,30,572.988,239.943,51.942,125.031,0.839991,-1,-1,-1
31,27,1295.292,0.000,38.950,98.622,0.839975,-1,-1,-1
31,18,1192.228,71.291,49.371,139.155,0.838534,-1,-1,-1
31,17,394.646,0.322,53.358,88.209,0.834739,-1,-1,-1
31,24,1376.807,0.000,43.129,175.666,0.830646,-1,-1,-1
31,26,1166.484,95.553,47.414,130.931,0.811741,-1,-1,-1
31,16,795.304,53.344,37.522,131.786,0.809257,-1,-1,-1
31,22,913.299,0.000,39.933,93.842,0.806966,-1,-1,-1
31,44,860.116,0.095,54.236,40.581,0.803330,-1,-1,-1
31,38,376.912,478.381,89.696,183.144,0.799874,-1,-1,-1
31,46,1259.546,27.871,33.546,88.309,0.798824,-1,-1,-1
31,31,1736.143,117.263,63.242,165.630,0.797410,-1,-1,-1
31,28,989.624,141.799,55.538,143.196,0.791468,-1,-1,-1
31,37,1890.923,118.158,29.073,108.784,0.783734,-1,-1,-1
31,29,923.376,48.004,37.998,118.749,0.782441,-1,-1,-1
31,40,336.411,482.906,65.540,153.159,0.775724,-1,-1,-1
31,34,1376.758,0.000,42.021,90.622,0.766299,-1,-1,-1
31,25,728.493,0.000,45.089,55.123,0.765622,-1,-1,-1
31,36,1814.767,0.056,37.908,42.713,0.736306,-1,-1,-1
31,32,1718.483,206.876,64.332,146.033,0.720461,-1,-1,-1
31,43,254.966,0.043,60.904,24.401,0.464622,-1,-1,-1
31,47,375.622,0.000,36.088,30.009,0.414076,-1,-1,-1
31,45,419.043,479.613,91.202,157.775,0.392463,-1,-1,-1
32,8,678.078,498.964,68.606,178.222,0.888573,-1,-1,-1
32,12,573.020,330.745,68.435,131.635,0.880750,-1,-1,-1
32,15,923.380,226.063,58.275,142.961,0.878184,-1,-1,-1
32,3,223.912,533.542,82.271,170.608,0.873505,-1,-1,-1
32,11,1808.204,197.971,66.816,136.514,0.873357,-1,-1,-1
32,9,1683.716,39.187,54.008,130.180,0.872968,-1,-1,-1
32,4,1506.514,573.389,88.875,169.554,0.867738,-1,-1,-1
32,42,1774.805,570.032,95.469,188.658,0.865647,-1,-1,-1
32,2,757.033,348.826,58.279,150.346,0.865226,-1,-1,-1
32,5,1298.256,708.157,81.176,157.990,0.861878,-1,-1,-1
32,23,1143.105,410.563,70.028,135.233,0.861583,-1,-1,-1
32,1,1497.967,418.694,75.218,170.318,0.858356,-1,-1,-1
32,21,846.420,55.547,40.157,130.867,0.857776,-1,-1,-1
32,10,86.772,832.778,102.638,187.456,0.857511,-1,-1,-1
32,7,702.225,162.666,52.945,144.006,0.857059,-1,-1,-1
32,13,1096.716,82.671,43.606,107.724,0.856098,-1,-1,-1
32,6,288.407,0.000,48.879,104.397,0.855010,-1,-1,-1
32,17,399.454,0.041,53.307,86.719,0.851651,-1,-1,-1
32,20,1104.755,764.614,91.441,215.492,0.847705,-1,-1,-1
32,14,1628.197,21.456,39.603,114.498,0.844917,-1,-1,-1
32,30,573.189,241.718,53.240,127.762,0.843429,-1,-1,-1
32,19,1591.582,27.393,40.505,106.958,0.841833,-1,-1,-1
32,27,1295.336,0.000,38.898,98.681,0.838681,-1,-1,-1
32,18,1195.535,69.509,46.478,132.856,0.833730,-1,-1,-1
32,33,86.521,121.619,51.616,119.820,0.831777,-1,-1,-1
32,28,986.661,143.749,59.633,145.903,0.829249,-1,-1,-1
32,24,1376.074,0.000,44.492,175.669,0.828894,-1,-1,-1
32,16,792.948,53.342,39.953,131.344,0.822201,-1,-1,-1
32,29,924.568,47.188,37.097,121.693,0.812585,-1,-1,-1
32,22,914.086,0.000,39.735,96.286,0.812359,-1,-1,-1
32,26,1166.640,94.718,47.428,131.267,0.809328,-1,-1,-1
32,38,376.779,478.262,90.799,183.292,0.805591,-1,-1,-1
32,46,1258.871,28.462,33.895,87.486,0.804067,-1,-1,-1
32,44,860.072,0.048,56.846,39.925,0.801838,-1,-1,-1
32,31,1736.971,118.372,63.315,165.400,0.800290,-1,-1,-1
32,25,731.998,0.000,43.193,55.129,0.790868,-1,-1,-1
32,37,1890.983,116.537,29.017,110.964,0.777976,-1,-1,-1
32,40,336.518,482.646,65.159,153.518,0.770307,-1,-1,-1
32,36,1814.701,0.057,38.086,42.727,0.737201,-1,-1,-1
32,32,1719.654,207.633,64.753,147.695,0.591062,-1,-1,-1
32,45,419.241,478.319,90.974,158.911,0.535858,-1,-1,-1
32,43,253.510,0.006,60.763,25.252,0.421526,-1,-1,-1
33,9,1684.387,40.133,55.057,129.671,0.878751,-1,-1,-1
33,4,1505.621,580.925,93.302,172.611,0.877662,-1,-1,-1
33,12,573.487,332.964,67.374,129.433,0.877430,-1,-1,-1
33,5,1291.473,710.500,80.145,190.955,0.874560,-1,-1,-1
33,23,1145.409,407.856,69.128,136.376,0.870746,-1,-1,-1
33,15,922.956,228.866,57.597,141.159,0.870502,-1,-1,-1
33,8,678.579,494.512,68.879,182.935,0.870179,-1,-1,-1
33,11,1808.512,202.243,69.684,135.217,0.870153,-1,-1,-1
33,1,1502.188,426.923,74.167,168.277,0.868808,-1,-1,-1
33,2,756.997,344.790,58.180,153.172,0.867736,-1,-1,-1
33,42,1775.734,562.108,89.773,183.348,0.866357,-1,-1,-1
33,3,221.303,540.103,85.846,174.330,0.864445,-1,-1,-1
33,10,90.009,836.120,103.270,197.844,0.861563,-1,-1,-1
33,13,1096.826,84.520,44.722,105.558,0.857406,-1,-1,-1
33,7,703.292,161.009,54.070,144.906,0.856637,-1,-1,-1
33,17,401.659,0.000,54.383,87.636,0.855710,-1,-1,-1
33,21,846.234,55.493,40.596,130.826,0.854878,-1,-1,-1
33,20,1104.894,755.696,88.355,207.373,0.850492,-1,-1,-1
33,14,1630.549,22.440,37.973,113.997,0.844436,-1,-1,-1
33,19,1591.666,28.962,43.156,107.345,0.844397,-1,-1,-1
33,27,1295.419,0.000,38.504,98.765,0.835170,-1,-1,-1
33,26,1165.797,68.289,50.203,154.193,0.832734,-1,-1,-1
33,33,86.570,121.669,51.489,119.666,0.831050,-1,-1,-1
33,6,293.956,0.000,49.600,104.683,0.827990,-1,-1,-1
33,24,1374.938,0.000,46.037,175.791,0.825884,-1,-1,-1
33,31,1740.501,121.434,61.090,136.937,0.825257,-1,-1,-1
33,16,792.329,53.020,41.247,130.334,0.824312,-1,-1,-1
33,30,573.685,245.478,52.155,129.082,0.822624,-1,-1,-1
33,18,1194.277,69.270,46.724,130.696,0.821724,-1,-1,-1
33,38,375.735,478.368,92.289,183.297,0.818846,-1,-1,-1
33,29,927.400,45.341,35.336,120.731,0.813273,-1,-1,-1
33,22,914.727,0.000,37.170,104.552,0.800668,-1,-1,-1
33,44,861.584,0.038,58.430,39.452,0.796380,-1,-1,-1
33,37,1892.958,114.961,27.042,111.594,0.795112,-1,-1,-1
33,46,1258.429,27.870,36.803,88.132,0.791242,-1,-1,-1
33,28,988.803,148.547,57.682,145.740,0.786465,-1,-1,-1
33,32,1721.106,207.504,69.380,148.370,0.770733,-1,-1,-1
33,25,728.821,0.000,47.989,55.054,0.754900,-1,-1,-1
33,36,1814.354,0.051,38.501,42.922,0.739222,-1,-1,-1
33,40,336.386,482.724,66.086,153.681,0.735930,-1,-1,-1
33,45,420.057,479.711,89.937,157.657,0.456014,-1,-1,-1
33,43,258.121,0.000,51.290,28.216,0.355596,-1,-1,-1
34,8,678.738,492.432,69.260,185.182,0.879379,-1,-1,-1
34,9,1684.341,41.051,55.944,128.673,0.878918,-1,-1,-1
34,12,573.725,334.035,66.760,128.966,0.876589,-1,-1,-1
34,5,1280.123,712.421,86.812,192.040,0.873847,-1,-1,-1
34,11,1808.919,203.427,70.818,134.588,0.872038,-1,-1,-1
34,2,756.982,343.103,58.588,155.111,0.870742,-1,-1,-1
34,15,922.672,230.308,57.521,140.712,0.869901,-1,-1,-1
34,42,1775.829,558.580,87.620,177.549,0.867573,-1,-1,-1
34,1,1503.252,430.973,75.804,168.655,0.867487,-1,-1,-1
34,3,220.182,543.479,87.004,180.589,0.867111,-1,-1,-1
34,4,1506.465,584.916,94.310,181.709,0.866513,-1,-1,-1
34,23,1147.156,406.616,67.723,137.440,0.859720,-1,-1,-1
34,13,1095.900,86.053,46.267,105.941,0.859233,-1,-1,-1
34,21,846.389,55.714,40.468,130.564,0.854754,-1,-1,-1
34,20,1103.965,751.615,87.469,206.622,0.854181,-1,-1,-1
34,6,297.956,0.000,49.943,104.822,0.853110,-1,-1,-1
34,7,703.414,159.067,54.834,144.338,0.852817,-1,-1,-1
34,14,1630.938,22.920,37.923,112.766,0.851839,-1,-1,-1
34,17,400.740,0.000,56.190,87.607,0.851726,-1,-1,-1
34,10,91.666,838.255,108.768,199.058,0.850586,-1,-1,-1
34,19,1591.584,29.779,44.097,107.212,0.845982,-1,-1,-1
34,33,86.968,122.006,50.990,119.273,0.838727,-1,-1,-1
34,27,1295.494,0.000,38.221,98.705,0.837216,-1,-1,-1
34,29,929.026,43.190,35.520,122.279,0.835315,-1,-1,-1
34,16,792.832,53.035,40.459,129.674,0.832822,-1,-1,-1
34,24,1380.901,40.189,39.930,135.776,0.829892,-1,-1,-1
34,30,574.420,247.995,51.987,126.014,0.824963,-1,-1,-1
34,31,1740.945,123.352,60.795,134.657,0.823764,-1,-1,-1
34,26,1165.696,67.263,50.304,153.624,0.822949,-1,-1,-1
34,18,1194.301,68.494,45.897,131.763,0.818465,-1,-1,-1
34,38,375.630,478.423,92.283,183.227,0.811744,-1,-1,-1
34,22,914.511,0.000,37.152,108.813,0.804363,-1,-1,-1
34,37,1892.707,115.925,27.293,110.590,0.800394,-1,-1,-1
34,32,1721.735,206.148,69.391,150.190,0.792696,-1,-1,-1
34,28,990.300,150.573,55.952,145.973,0.781747,-1,-1,-1
34,34,1373.745,0.000,42.368,100.437,0.781422,-1,-1,-1
34,25,736.305,0.000,41.018,54.746,0.780385,-1,-1,-1
34,46,1258.169,27.866,40.172,87.974,0.778977,-1,-1,-1
34,44,863.654,0.014,62.363,40.092,0.759311,-1,-1,-1
34,36,1814.305,0.052,38.310,42.936,0.744830,-1,-1,-1
34,40,336.531,482.709,66.064,153.635,0.736427,-1,-1,-1
34,45,420.425,480.027,89.445,157.466,0.441286,-1,-1,-1
34,43,263.569,0.000,52.487,34.476,0.399008,-1,-1,-1
35,9,1684.468,41.830,56.589,127.794,0.881842,-1,-1,-1
35,1,1504.213,433.987,77.298,173.176,0.881259,-1,-1,-1
35,11,1810.873,204.320,71.772,134.035,0.878604,-1,-1,-1
35,8,679.049,489.817,68.745,187.325,0.878527,-1,-1,-1
35,5,1271.344,713.879,91.178,193.971,0.878213,-1,-1,-1
35,4,1511.390,589.169,89.914,188.948,0.874936,-1,-1,-1
35,42,1775.805,555.549,85.467,175.597,0.873487,-1,-1,-1
35,3,220.552,548.100,89.708,185.928,0.873482,-1,-1,-1
35,12,574.505,336.304,65.635,129.984,0.872289,-1,-1,-1
35,15,922.252,231.185,57.288,140.341,0.867974,-1,-1,-1
35,2,756.861,341.642,58.258,156.376,0.867872,-1,-1,-1
35,6,300.367,0.000,51.370,104.326,0.864538,-1,-1,-1
35,20,1103.032,744.164,87.892,192.735,0.857333,-1,-1,-1
35,10,92.865,840.294,108.325,200.204,0.856659,-1,-1,-1
35,14,1631.973,23.521,37.489,112.433,0.853658,-1,-1,-1
35,13,1094.874,87.542,47.719,108.484,0.853621,-1,-1,-1
35,21,846.281,55.833,40.362,130.546,0.853312,-1,-1,-1
35,7,703.423,157.112,55.640,143.796,0.852012,-1,-1,-1
35,23,1148.579,405.088,65.898,139.654,0.848494,-1,-1,-1
35,32,1723.891,174.596,68.582,181.733,0.846785,-1,-1,-1
35,29,930.721,41.191,34.843,122.272,0.844762,-1,-1,-1
35,19,1591.944,30.238,45.108,107.675,0.843137,-1,-1,-1
35,27,1295.167,0.000,38.427,98.777,0.835504,-1,-1,-1
35,17,402.444,0.000,54.788,86.239,0.834311,-1,-1,-1
35,33,86.713,121.921,51.441,119.454,0.834249,-1,-1,-1
35,16,792.730,52.898,41.001,128.339,0.831632,-1,-1,-1
35,24,1380.265,40.370,40.729,135.382,0.830852,-1,-1,-1
35,30,574.755,249.914,50.857,129.249,0.828461,-1,-1,-1
35,31,1740.838,125.788,61.227,135.672,0.819594,-1,-1,-1
35,18,1193.317,66.816,46.846,137.008,0.811575,-1,-1,-1
35,26,1165.306,88.051,49.892,130.890,0.809975,-1,-1,-1
35,38,377.376,478.504,91.170,183.035,0.808175,-1,-1,-1
35,37,1892.650,115.934,27.350,111.004,0.804812,-1,-1,-1
35,28,988.369,151.966,56.048,146.557,0.800817,-1,-1,-1
35,22,914.576,0.032,36.656,111.673,0.799239,-1,-1,-1
35,34,1372.692,0.000,43.138,99.710,0.789968,-1,-1,-1
35,25,737.189,0.000,41.012,54.432,0.783346,-1,-1,-1
35,46,1257.601,27.522,41.830,88.353,0.773781,-1,-1,-1
35,40,336.597,482.653,66.940,153.787,0.757059,-1,-1,-1
35,36,1813.913,0.048,38.881,42.973,0.742327,-1,-1,-1
35,44,867.582,0.017,65.208,40.313,0.692317,-1,-1,-1
35,47,375.392,0.027,39.341,29.243,0.482744,-1,-1,-1
35,43,256.520,0.000,46.438,35.480,0.421266,-1,-1,-1
35,48,0.022,83.030,28.879,95.760,0.374293,-1,-1,-1
35,45,425.306,486.564,84.634,151.333,0.366385,-1,-1,-1
36,1,1505.489,436.227,78.569,171.227,0.888359,-1,-1,-1
36,8,679.078,488.190,68.528,187.756,0.883131,-1,-1,-1
36,5,1266.052,715.485,91.977,191.578,0.882060,-1,-1,-1
36,9,1685.048,43.116,56.718,127.311,0.880406,-1,-1,-1
36,12,574.794,337.150,64.820,136.396,0.878082,-1,-1,-1
36,4,1513.101,593.553,90.641,191.071,0.875923,-1,-1,-1
36,6,303.185,0.000,53.097,103.998,0.875845,-1,-1,-1
36,15,922.046,232.338,57.260,138.825,0.870596,-1,-1,-1
36,2,756.721,340.277,57.794,157.582,0.869296,-1,-1,-1
36,11,1813.226,204.881,71.056,133.674,0.869116,-1,-1,-1
36,42,1775.951,552.444,83.390,175.021,0.866501,-1,-1,-1
36,3,218.792,552.458,92.271,183.081,0.866125,-1,-1,-1
36,13,1093.895,89.643,49.546,111.850,0.856550,-1,-1,-1
36,14,1635.207,23.831,34.686,112.302,0.855617,-1,-1,-1
36,32,1723.382,183.038,71.896,173.881,0.855175,-1,-1,-1
36,7,703.402,155.084,55.630,142.800,0.853263,-1,-1,-1
36,21,846.435,55.988,40.478,130.495,0.853233,-1,-1,-1
36,19,1592.029,30.837,45.969,107.184,0.848707,-1,-1,-1
36,10,94.645,842.477,106.008,198.470,0.848664,-1,-1,-1
36,29,932.130,39.345,33.901,120.905,0.848125,-1,-1,-1
36,23,1151.137,403.544,60.625,140.721,0.844169,-1,-1,-1
36,20,1100.587,741.248,89.405,187.036,0.843654,-1,-1,-1
36,27,1294.735,0.000,38.943,98.728,0.838390,-1,-1,-1
36,33,86.964,122.344,51.050,118.999,0.838196,-1,-1,-1
36,16,792.592,52.608,41.040,127.569,0.835375,-1,-1,-1
36,24,1379.934,40.000,41.374,135.759,0.831803,-1,-1,-1
36,30,575.251,251.949,50.348,132.745,0.830796,-1,-1,-1
36,17,405.081,0.000,51.541,85.782,0.828925,-1,-1,-1
36,28,987.088,154.042,58.065,147.181,0.823067,-1,-1,-1
36,18,1194.271,66.226,45.713,138.104,0.815046,-1,-1,-1
36,22,913.470,0.117,37.456,114.275,0.803970,-1,-1,-1
36,37,1892.541,116.871,27.459,109.249,0.803563,-1,-1,-1
36,34,1371.141,0.000,43.160,99.687,0.802767,-1,-1,-1
36,26,1164.346,85.163,51.231,130.869,0.802648,-1,-1,-1
36,38,381.085,478.571,86.768,183.260,0.802233,-1,-1,-1
36,25,735.591,0.000,44.784,52.932,0.789580,-1,-1,-1
36,31,1740.002,127.835,62.449,146.871,0.783701,-1,-1,-1
36,40,336.677,483.054,66.872,153.663,0.778651,-1,-1,-1
36,46,1256.965,28.320,43.118,87.686,0.766476,-1,-1,-1
36,36,1813.623,0.034,39.097,43.059,0.747411,-1,-1,-1
36,44,872.778,0.015,61.859,40.879,0.696281,-1,-1,-1
36,43,257.085,0.000,43.923,37.533,0.597701,-1,-1,-1
36,48,0.133,122.506,31.598,57.139,0.562777,-1,-1,-1
36,45,419.779,479.005,90.024,158.657,0.562314,-1,-1,-1
36,47,375.454,0.007,40.512,28.181,0.470009,-1,-1,-1
37,1,1507.888,438.545,79.096,169.353,0.892183,-1,-1,-1
37,6,305.800,0.000,53.352,103.781,0.875879,-1,-1,-1
37,9,1685.885,44.509,56.502,127.673,0.875620,-1,-1,-1
37,8,678.680,485.862,68.267,188.563,0.874498,-1,-1,-1
37,11,1816.210,205.325,69.869,134.030,0.874326,-1,-1,-1
37,42,1775.610,548.449,81.700,177.972,0.874284,-1,-1,-1
37,12,574.820,337.890,64.795,142.092,0.872748,-1,-1,-1
37,4,1517.108,597.469,89.152,191.708,0.872536,-1,-1,-1
37,5,1262.508,718.075,90.932,189.501,0.871507,-1,-1,-1
37,15,922.118,233.487,57.025,137.295,0.869736,-1,-1,-1
37,3,218.334,556.719,92.014,183.391,0.869349,-1,-1,-1
37,2,756.710,338.645,57.005,158.583,0.864908,-1,-1,-1
37,20,1099.622,739.888,88.279,183.823,0.862995,-1,-1,-1
37,14,1635.893,24.709,34.608,111.415,0.858926,-1,-1,-1
37,13,1092.582,91.371,50.896,112.322,0.858711,-1,-1,-1
37,7,703.594,153.319,55.136,140.247,0.857191,-1,-1,-1
37,32,1725.820,185.515,71.390,171.003,0.853872,-1,-1,-1
37,23,1152.116,400.348,60.310,143.400,0.851205,-1,-1,-1
37,19,1592.433,30.974,46.819,106.969,0.850255,-1,-1,-1
37,21,846.570,56.006,40.640,130.430,0.850181,-1,-1,-1
37,10,96.528,844.635,104.237,196.355,0.844972,-1,-1,-1
37,29,933.569,38.279,33.643,119.383,0.840791,-1,-1,-1
37,33,87.001,122.216,51.034,119.252,0.839127,-1,-1,-1
37,16,792.558,52.578,41.539,127.078,0.834808,-1,-1,-1
37,27,1294.686,0.000,38.856,98.736,0.834674,-1,-1,-1
37,24,1380.702,40.787,39.867,135.192,0.833327,-1,-1,-1
37,30,575.627,253.416,49.948,133.175,0.827240,-1,-1,-1
37,17,407.334,0.000,49.478,84.175,0.823331,-1,-1,-1
37,28,987.767,154.790,57.357,146.725,0.810855,-1,-1,-1
37,18,1192.445,65.761,47.310,137.047,0.808605,-1,-1,-1
37,26,1164.169,83.639,51.511,127.949,0.807183,-1,-1,-1
37,37,1892.062,118.488,27.938,110.159,0.805700,-1,-1,-1
37,38,381.594,478.318,86.011,183.282,0.802958,-1,-1,-1
37,34,1370.276,0.000,43.676,100.924,0.800627,-1,-1,-1
37,31,1740.225,130.001,62.862,147.439,0.794902,-1,-1,-1
37,40,336.792,483.055,66.727,153.581,0.779782,-1,-1,-1
37,22,913.377,0.007,36.033,117.708,0.770431,-1,-1,-1
37,46,1256.769,28.541,44.234,87.415,0.765867,-1,-1,-1
37,36,1813.567,0.031,39.379,43.056,0.743214,-1,-1,-1
37,25,731.455,0.000,49.858,52.108,0.675265,-1,-1,-1
37,43,256.182,0.000,44.382,37.918,0.618272,-1,-1,-1
37,47,375.761,0.000,41.101,27.877,0.570901,-1,-1,-1
37,45,418.896,478.773,90.833,158.153,0.549668,-1,-1,-1
37,44,877.120,0.030,58.777,37.864,0.522690,-1,-1,-1
38,1,1514.299,444.202,77.466,164.441,0.887662,-1,-1,-1
38,11,1822.517,207.333,67.193,132.386,0.885983,-1,-1,-1
38,5,1259.304,722.927,85.513,184.312,0.883353,-1,-1,-1
38,6,311.092,0.000,54.309,103.717,0.881651,-1,-1,-1
38,3,219.776,564.826,93.365,187.549,0.879242,-1,-1,-1
38,8,677.956,479.279,67.370,190.330,0.876181,-1,-1,-1
38,9,1687.037,47.800,56.029,131.688,0.876012,-1,-1,-1
38,42,1775.297,543.151,78.759,186.794,0.873722,-1,-1,-1
38,15,921.926,236.619,56.664,138.268,0.870621,-1,-1,-1
38,4,1523.449,605.601,90.459,191.109,0.868856,-1,-1,-1
38,12,575.837,339.714,63.442,143.206,0.866216,-1,-1,-1
38,20,1096.053,733.425,87.754,192.686,0.863824,-1,-1,-1
38,13,1091.934,95.519,51.749,111.588,0.860794,-1,-1,-1
38,2,756.068,335.383,55.748,157.953,0.859083,-1,-1,-1
38,19,1593.576,31.426,49.104,106.655,0.858506,-1,-1,-1
38,7,703.898,148.493,52.092,134.464,0.856115,-1,-1,-1
38,14,1635.855,25.520,36.013,110.663,0.855472,-1,-1,-1
38,32,1732.394,207.828,67.990,153.179,0.855193,-1,-1,-1
38,23,1153.635,398.527,61.398,143.688,0.852255,-1,-1,-1
38,21,846.052,57.040,41.873,129.446,0.851858,-1,-1,-1
38,10,99.146,849.128,111.678,198.907,0.847394,-1,-1,-1
38,33,86.986,122.314,51.333,119.037,0.839203,-1,-1,-1
38,16,793.420,52.600,40.456,126.795,0.838210,-1,-1,-1
38,24,1381.186,40.896,39.653,135.259,0.837572,-1,-1,-1
38,27,1294.715,0.000,38.623,99.155,0.833668,-1,-1,-1
38,38,382.668,478.523,84.301,183.417,0.824824,-1,-1,-1
38,30,576.427,256.361,50.394,133.527,0.824681,-1,-1,-1
38,29,935.037,36.336,33.532,119.612,0.821988,-1,-1,-1
38,34,1365.581,0.000,47.768,107.556,0.818015,-1,-1,-1
38,17,411.061,0.000,46.191,81.161,0.817947,-1,-1,-1
38,18,1183.973,63.083,54.933,138.701,0.814713,-1,-1,-1
38,31,1743.727,134.503,60.198,133.126,0.813318,-1,-1,-1
38,37,1891.017,123.535,28.983,113.033,0.807925,-1,-1,-1
38,28,988.519,156.974,57.530,143.997,0.801207,-1,-1,-1
38,26,1163.005,80.712,52.583,124.708,0.795394,-1,-1,-1
38,22,894.443,0.000,53.038,119.700,0.793834,-1,-1,-1
38,46,1256.231,29.810,43.174,86.291,0.770701,-1,-1,-1
38,40,337.151,483.140,68.067,153.408,0.770402,-1,-1,-1
38,25,731.224,0.000,51.881,48.109,0.747945,-1,-1,-1
38,36,1813.533,0.027,39.747,43.260,0.738871,-1,-1,-1
38,43,258.506,0.000,42.053,37.927,0.693154,-1,-1,-1
38,47,375.838,0.000,40.039,25.031,0.598302,-1,-1,-1
38,45,432.643,493.798,77.232,143.748,0.405331,-1,-1,-1
39,1,1516.117,447.371,78.808,161.442,0.896566,-1,-1,-1
39,11,1825.502,208.235,65.744,131.155,0.888817,-1,-1,-1
39,4,1525.139,609.164,89.546,188.672,0.877714,-1,-1,-1
39,6,313.467,0.077,52.475,103.398,0.877299,-1,-1,-1
39,9,1688.120,48.837,55.631,134.025,0.873858,-1,-1,-1
39,8,678.000,475.938,66.858,189.231,0.873082,-1,-1,-1
39,15,921.434,238.306,57.622,143.127,0.872545,-1,-1,-1
39,5,1259.458,725.125,82.135,182.414,0.871646,-1,-1,-1
39,12,575.638,343.676,63.456,145.147,0.870942,-1,-1,-1
39,3,217.782,567.893,91.421,188.181,0.867303,-1,-1,-1
39,42,1773.530,541.725,78.913,186.491,0.865822,-1,-1,-1
39,10,100.794,850.643,107.798,196.576,0.861824,-1,-1,-1
39,13,1091.200,97.264,52.214,112.050,0.859850,-1,-1,-1
39,2,754.588,333.171,56.353,159.263,0.859448,-1,-1,-1
39,19,1595.426,31.357,49.739,107.189,0.858853,-1,-1,-1
39,20,1095.720,731.812,86.760,193.556,0.858564,-1,-1,-1
39,23,1153.747,396.946,63.182,143.436,0.855184,-1,-1,-1
39,7,704.271,145.962,50.823,134.875,0.852333,-1,-1,-1
39,14,1636.030,26.900,36.446,110.057,0.850559,-1,-1,-1
39,21,845.385,56.866,42.846,129.547,0.849216,-1,-1,-1
39,32,1731.281,207.445,71.401,159.377,0.848993,-1,-1,-1
39,16,793.560,52.568,40.230,126.818,0.840453,-1,-1,-1
39,24,1380.844,41.530,39.788,134.582,0.838585,-1,-1,-1
39,31,1743.778,136.207,60.521,138.237,0.836240,-1,-1,-1
39,33,86.904,122.319,51.215,118.967,0.835305,-1,-1,-1
39,27,1294.516,0.000,38.625,98.993,0.833432,-1,-1,-1
39,30,576.385,256.889,50.242,130.022,0.831413,-1,-1,-1
39,38,380.786,478.439,86.599,183.468,0.825256,-1,-1,-1
39,34,1361.985,0.000,49.253,107.835,0.825153,-1,-1,-1
39,18,1188.213,60.826,50.614,140.340,0.822067,-1,-1,-1
39,29,934.325,35.045,35.400,120.992,0.817896,-1,-1,-1
39,37,1890.899,123.041,29.101,114.970,0.808103,-1,-1,-1
39,26,1162.988,79.912,51.763,124.864,0.800577,-1,-1,-1
39,17,411.861,0.000,45.573,76.971,0.797062,-1,-1,-1
39,28,988.815,157.514,56.600,143.294,0.776441,-1,-1,-1
39,46,1255.992,29.342,40.966,86.685,0.774512,-1,-1,-1
39,40,336.761,483.430,69.938,153.140,0.772599,-1,-1,-1
39,22,902.164,0.000,45.711,122.394,0.768642,-1,-1,-1
39,25,735.813,0.000,47.857,44.519,0.768107,-1,-1,-1
39,36,1813.844,0.036,39.046,43.087,0.743312,-1,-1,-1
39,43,255.552,0.000,43.787,38.279,0.675644,-1,-1,-1
39,49,0.000,100.025,35.949,79.813,0.632236,-1,-1,-1
39,47,376.551,0.000,40.946,22.609,0.430338,-1,-1,-1
39,45,428.296,502.097,81.325,135.419,0.422028,-1,-1,-1
40,1,1517.285,450.672,79.284,160.609,0.890680,-1,-1,-1
40,4,1528.082,611.846,87.333,186.178,0.882108,-1,-1,-1
40,11,1828.833,210.282,63.062,132.526,0.878872,-1,-1,-1
40,15,921.442,241.096,57.738,145.310,0.875862,-1,-1,-1
40,8,678.488,471.683,65.864,186.805,0.873467,-1,-1,-1
40,6,316.881,0.294,50.448,100.988,0.871270,-1,-1,-1
40,12,575.834,346.000,62.920,146.984,0.869298,-1,-1,-1
40,5,1258.446,726.302,78.982,181.117,0.869114,-1,-1,-1
40,9,1688.392,50.268,55.406,134.907,0.868330,-1,-1,-1
40,3,217.219,571.168,90.029,186.963,0.867401,-1,-1,-1
40,42,1770.339,539.663,79.484,187.021,0.867179,-1,-1,-1
40,10,103.785,853.546,104.800,194.689,0.862502,-1,-1,-1
40,13,1091.556,98.350,51.783,111.578,0.861423,-1,-1,-1
40,2,753.770,330.591,56.395,158.650,0.860438,-1,-1,-1
40,19,1597.167,31.013,48.894,107.650,0.858835,-1,-1,-1
40,7,704.156,144.935,50.054,134.640,0.855441,-1,-1,-1
40,20,1094.252,726.551,86.104,198.387,0.854455,-1,-1,-1
40,32,1730.633,216.436,72.870,157.349,0.854100,-1,-1,-1
40,21,845.889,56.743,42.478,129.782,0.854094,-1,-1,-1
40,23,1152.545,394.417,66.382,143.224,0.852271,-1,-1,-1
40,14,1636.250,27.084,37.188,112.527,0.850770,-1,-1,-1
40,31,1743.830,137.690,60.607,122.247,0.844291,-1,-1,-1
40,16,794.179,52.494,39.678,126.870,0.843738,-1,-1,-1
40,24,1381.661,41.983,38.445,134.290,0.843663,-1,-1,-1
40,33,86.808,122.161,51.140,119.211,0.834544,-1,-1,-1
40,27,1294.286,0.000,38.555,99.066,0.832559,-1,-1,-1
40,17,415.095,0.000,42.687,73.639,0.826670,-1,-1,-1
40,30,575.977,257.273,52.098,132.754,0.826126,-1,-1,-1
40,18,1194.461,59.655,44.274,138.261,0.824496,-1,-1,-1
40,38,380.607,478.651,88.461,183.322,0.824256,-1,-1,-1
40,34,1359.793,0.000,50.498,108.235,0.821990,-1,-1,-1
40,29,934.506,34.490,36.111,121.312,0.814354,-1,-1,-1
40,26,1162.666,79.064,51.891,125.581,0.809239,-1,-1,-1
40,37,1889.870,122.734,30.130,118.179,0.806830,-1,-1,-1
40,28,987.958,158.024,58.072,142.518,0.804951,-1,-1,-1
40,22,910.833,0.793,35.979,123.297,0.788112,-1,-1,-1
40,49,0.000,92.936,36.092,87.074,0.779448,-1,-1,-1
40,46,1256.176,29.531,39.575,86.479,0.765914,-1,-1,-1
40,40,336.749,483.400,70.349,153.273,0.757915,-1,-1,-1
40,36,1813.853,0.040,39.101,43.068,0.742779,-1,-1,-1
40,43,255.472,0.000,43.199,38.393,0.734455,-1,-1,-1
40,25,737.345,0.000,45.117,42.073,0.714364,-1,-1,-1
40,47,375.768,0.000,48.531,20.026,0.437074,-1,-1,-1
40,45,419.122,490.403,90.718,147.201,0.328929,-1,-1,-1
41,1,1518.570,455.246,79.999,168.089,0.897825,-1,-1,-1
41,4,1530.958,615.022,86.164,183.282,0.880890,-1,-1,-1
41,3,215.826,574.021,88.887,183.511,0.877573,-1,-1,-1
41,11,1830.993,212.874,62.509,135.619,0.874917,-1,-1,-1
41,15,921.387,243.403,58.315,147.842,0.874233,-1,-1,-1
41,12,576.014,348.809,62.377,145.763,0.873723,-1,-1,-1
41,8,678.363,467.336,65.719,181.787,0.872168,-1,-1,-1
41,10,104.882,855.534,105.626,193.776,0.871435,-1,-1,-1
41,5,1257.128,727.484,77.224,180.363,0.869436,-1,-1,-1
41,23,1157.548,391.447,63.025,142.940,0.868955,-1,-1,-1
41,9,1688.785,51.835,55.853,134.693,0.867469,-1,-1,-1
41,6,319.252,0.090,49.337,98.992,0.864240,-1,-1,-1
41,42,1768.208,537.870,79.646,188.942,0.862146,-1,-1,-1
41,2,753.148,328.701,55.990,156.804,0.861166,-1,-1,-1
41,7,702.499,142.511,51.298,137.209,0.858493,-1,-1,-1
41,13,1092.821,99.035,50.223,110.754,0.858163,-1,-1,-1
41,21,846.338,57.045,42.341,129.201,0.855092,-1,-1,-1
41,20,1092.210,726.232,86.109,197.956,0.853115,-1,-1,-1
41,19,1599.290,31.803,47.322,106.872,0.853095,-1,-1,-1
41,32,1734.679,211.494,69.554,166.218,0.849908,-1,-1,-1
41,31,1744.782,138.871,60.518,142.439,0.847655,-1,-1,-1
41,14,1636.548,27.810,38.468,112.064,0.844449,-1,-1,-1
41,24,1381.783,42.392,38.330,133.960,0.841784,-1,-1,-1
41,16,794.639,52.408,39.237,126.975,0.841658,-1,-1,-1
41,17,417.043,0.000,40.791,71.661,0.838465,-1,-1,-1
41,27,1294.419,0.000,38.334,99.065,0.834689,-1,-1,-1
41,28,986.975,159.074,59.692,142.071,0.833714,-1,-1,-1
41,34,1356.180,0.000,51.915,108.656,0.830499,-1,-1,-1
41,30,576.159,258.086,52.192,129.714,0.826716,-1,-1,-1
41,33,86.032,121.821,51.937,119.433,0.825838,-1,-1,-1
41,18,1193.382,57.495,45.406,138.512,0.823924,-1,-1,-1
41,38,380.737,478.839,87.854,183.779,0.820611,-1,-1,-1
41,29,934.313,34.436,37.102,121.440,0.805489,-1,-1,-1
41,37,1890.207,123.905,29.793,118.133,0.804971,-1,-1,-1
41,22,912.438,1.607,34.312,122.943,0.795817,-1,-1,-1
41,26,1162.172,79.395,52.381,124.388,0.791727,-1,-1,-1
41,49,0.000,84.539,36.107,95.608,0.779515,-1,-1,-1
41,40,336.772,483.530,69.840,153.348,0.771382,-1,-1,-1
41,25,745.934,0.079,30.873,40.271,0.763834,-1,-1,-1
41,46,1256.138,36.725,35.015,79.055,0.753443,-1,-1,-1
41,36,1814.345,0.040,38.765,43.116,0.739515,-1,-1,-1
41,43,255.528,0.000,43.315,38.580,0.739497,-1,-1,-1
41,50,1064.160,1022.755,80.679,57.183,0.585986,-1,-1,-1
41,45,424.223,494.083,85.694,143.615,0.316442,-1,-1,-1
42,1,1518.995,459.400,100.394,180.487,0.891734,-1,-1,-1
42,8,678.312,463.188,65.558,177.417,0.879694,-1,-1,-1
42,4,1532.297,618.444,88.214,180.632,0.878246,-1,-1,-1
42,3,214.387,577.173,90.233,181.693,0.877958,-1,-1,-1
42,42,1765.724,534.887,81.256,191.771,0.874471,-1,-1,-1
42,15,921.474,245.998,58.814,146.621,0.873824,-1,-1,-1
42,10,105.810,856.994,105.110,192.861,0.873792,-1,-1,-1
42,5,1254.096,728.018,76.646,180.368,0.872688,-1,-1,-1
42,23,1158.138,388.354,63.190,142.290,0.870709,-1,-1,-1
42,12,575.561,350.088,62.849,145.242,0.869355,-1,-1,-1
42,11,1832.688,216.065,61.847,138.242,0.869265,-1,-1,-1
42,9,1688.950,53.536,55.820,134.089,0.868669,-1,-1,-1
42,6,321.403,0.000,47.751,95.340,0.867674,-1,-1,-1
42,7,701.237,141.274,52.257,138.174,0.864210,-1,-1,-1
42,2,752.549,325.816,58.762,154.318,0.861319,-1,-1,-1
42,13,1094.236,99.530,48.677,110.709,0.858496,-1,-1,-1
42,20,1090.054,723.633,85.982,200.975,0.854646,-1,-1,-1
42,21,846.684,57.518,42.086,129.022,0.852364,-1,-1,-1
42,19,1600.997,32.542,47.041,106.297,0.851905,-1,-1,-1
42,32,1735.785,140.894,69.214,239.793,0.850051,-1,-1,-1
42,14,1637.285,29.294,39.122,111.699,0.844695,-1,-1,-1
42,24,1381.879,41.667,37.984,134.826,0.842945,-1,-1,-1
42,16,795.606,52.320,38.297,127.070,0.839118,-1,-1,-1
42,34,1354.760,0.000,52.522,109.072,0.836805,-1,-1,-1
42,31,1744.457,140.322,61.336,140.769,0.835411,-1,-1,-1
42,27,1293.653,0.000,38.982,99.171,0.831360,-1,-1,-1
42,38,380.255,479.282,88.472,182.954,0.830808,-1,-1,-1
42,18,1194.133,57.133,44.578,135.339,0.824209,-1,-1,-1
42,28,987.138,160.606,59.148,141.067,0.822852,-1,-1,-1
42,30,576.099,259.175,52.466,130.396,0.819686,-1,-1,-1
42,17,417.280,0.000,40.907,71.752,0.819455,-1,-1,-1
42,29,935.113,33.430,37.227,122.557,0.817823,-1,-1,-1
42,33,85.489,121.470,52.492,119.816,0.817606,-1,-1,-1
42,37,1890.119,124.126,29.881,120.372,0.806054,-1,-1,-1
42,26,1161.725,78.426,50.328,125.255,0.805031,-1,-1,-1
42,22,912.024,0.000,39.026,124.602,0.783788,-1,-1,-1
42,49,0.000,87.740,35.936,93.501,0.778078,-1,-1,-1
42,40,336.805,483.634,69.884,153.289,0.759590,-1,-1,-1
42,46,1255.927,28.460,43.755,87.710,0.750453,-1,-1,-1
42,43,255.854,0.000,42.403,38.444,0.744696,-1,-1,-1
42,36,1814.417,0.001,38.631,43.422,0.740120,-1,-1,-1
42,25,745.771,0.057,33.513,40.119,0.722830,-1,-1,-1
42,50,1060.295,1017.704,83.217,62.206,0.613935,-1,-1,-1
42,51,377.270,0.024,48.416,16.203,0.428140,-1,-1,-1
42,45,429.630,496.334,80.291,141.447,0.361161,-1,-1,-1
43,4,1536.124,623.551,90.757,175.482,0.881594,-1,-1,-1
43,1,1521.240,468.483,80.962,175.947,0.878167,-1,-1,-1
43,42,1763.488,528.664,78.563,191.299,0.877197,-1,-1,-1
43,15,921.706,250.510,59.697,147.353,0.876176,-1,-1,-1
43,8,678.344,455.531,64.731,171.255,0.875436,-1,-1,-1
43,2,751.680,320.087,58.740,147.885,0.872058,-1,-1,-1
43,9,1688.854,55.957,56.315,133.773,0.871602,-1,-1,-1
43,12,575.219,352.498,63.765,142.948,0.870990,-1,-1,-1
43,3,212.001,581.216,84.948,178.101,0.869505,-1,-1,-1
43,23,1159.540,383.223,62.468,135.530,0.869294,-1,-1,-1
43,10,107.508,860.421,107.056,189.323,0.867172,-1,-1,-1
43,5,1245.947,729.427,78.433,179.409,0.866561,-1,-1,-1
43,7,698.808,139.126,53.823,140.667,0.864118,-1,-1,-1
43,6,325.468,0.292,44.533,90.057,0.860566,-1,-1,-1
43,13,1097.808,100.872,45.661,109.210,0.859461,-1,-1,-1
43,21,847.049,57.800,43.255,129.073,0.858111,-1,-1,-1
43,31,1743.207,141.543,63.615,127.100,0.856363,-1,-1,-1
43,32,1737.605,219.245,69.115,166.355,0.856006,-1,-1,-1
43,11,1834.377,221.514,61.407,140.673,0.855412,-1,-1,-1
43,20,1088.597,717.377,82.207,204.803,0.844656,-1,-1,-1
43,14,1636.337,29.815,42.811,111.905,0.841494,-1,-1,-1
43,19,1607.148,33.667,42.532,105.958,0.841122,-1,-1,-1
43,34,1354.387,0.000,50.623,109.582,0.840824,-1,-1,-1
43,24,1382.001,42.348,38.040,134.325,0.840491,-1,-1,-1
43,16,796.098,52.499,37.454,127.009,0.838390,-1,-1,-1
43,27,1293.288,0.000,39.177,99.193,0.825116,-1,-1,-1
43,30,576.070,261.894,55.461,124.121,0.820551,-1,-1,-1
43,18,1194.809,53.154,43.820,133.211,0.819972,-1,-1,-1
43,29,936.125,32.649,37.156,123.173,0.813119,-1,-1,-1
43,26,1160.395,77.635,48.733,126.542,0.811571,-1,-1,-1
43,22,909.754,4.941,36.290,119.470,0.811562,-1,-1,-1
43,38,381.846,479.248,89.010,183.011,0.803233,-1,-1,-1
43,37,1889.422,126.376,30.578,118.614,0.794612,-1,-1,-1
43,33,82.938,121.196,55.033,120.602,0.786265,-1,-1,-1
43,40,336.823,483.668,68.506,153.439,0.784645,-1,-1,-1
43,49,0.000,71.576,36.427,108.264,0.772831,-1,-1,-1
43,17,416.577,0.000,45.677,70.779,0.768161,-1,-1,-1
43,28,992.184,164.567,55.998,142.539,0.766424,-1,-1,-1
43,43,250.573,0.079,47.766,38.599,0.749270,-1,-1,-1
43,36,1814.367,0.005,39.134,43.401,0.735268,-1,-1,-1
43,46,1257.634,29.360,36.575,86.806,0.728255,-1,-1,-1
43,50,1056.318,1008.366,83.699,71.577,0.711610,-1,-1,-1
43,25,745.917,0.000,32.877,40.288,0.682958,-1,-1,-1
43,44,923.961,0.003,47.641,40.723,0.679900,-1,-1,-1
43,45,415.569,480.022,94.228,157.627,0.619055,-1,-1,-1
43,51,375.405,0.036,48.648,16.232,0.475452,-1,-1,-1
44,1,1522.649,473.736,101.175,174.703,0.884791,-1,-1,-1
44,4,1537.604,627.155,92.896,171.509,0.876695,-1,-1,-1
44,15,921.634,251.833,60.477,147.558,0.875641,-1,-1,-1
44,2,751.404,317.254,57.440,146.372,0.874303,-1,-1,-1
44,10,108.825,861.791,105.717,187.647,0.873651,-1,-1,-1
44,9,1688.658,56.666,56.944,134.014,0.872852,-1,-1,-1
44,8,677.930,452.275,65.305,175.299,0.872827,-1,-1,-1
44,42,1759.476,525.870,80.146,188.821,0.869103,-1,-1,-1
44,5,1241.064,730.067,79.303,178.779,0.868691,-1,-1,-1
44,3,210.539,583.390,83.726,175.718,0.868438,-1,-1,-1
44,7,698.111,138.153,55.334,141.308,0.867173,-1,-1,-1
44,12,575.744,353.210,63.315,142.312,0.867140,-1,-1,-1
44,31,1743.231,142.373,63.958,134.011,0.864200,-1,-1,-1
44,32,1739.560,206.642,68.248,180.321,0.862093,-1,-1,-1
44,20,1087.001,713.483,81.805,203.026,0.860669,-1,-1,-1
44,11,1835.368,224.571,61.072,140.312,0.860445,-1,-1,-1
44,21,847.640,58.071,44.001,128.752,0.857092,-1,-1,-1
44,13,1099.106,101.811,44.477,108.456,0.855205,-1,-1,-1
44,6,327.409,0.535,44.654,89.612,0.853171,-1,-1,-1
44,23,1159.491,380.608,60.802,132.548,0.848605,-1,-1,-1
44,19,1609.407,34.219,41.438,107.557,0.845019,-1,-1,-1
44,34,1353.906,0.000,50.170,109.422,0.844209,-1,-1,-1
44,24,1381.942,42.653,38.047,134.014,0.839537,-1,-1,-1
44,14,1636.689,30.538,43.167,112.838,0.837261,-1,-1,-1
44,16,796.431,52.513,36.961,126.932,0.836966,-1,-1,-1
44,27,1291.548,0.000,40.390,99.231,0.824384,-1,-1,-1
44,18,1193.639,52.283,44.616,130.309,0.822780,-1,-1,-1
44,49,0.000,72.651,37.102,107.965,0.822324,-1,-1,-1
44,28,988.421,166.781,60.770,145.639,0.820904,-1,-1,-1
44,30,576.402,264.188,55.090,122.509,0.820061,-1,-1,-1
44,29,936.444,32.177,37.612,123.679,0.819933,-1,-1,-1
44,26,1160.603,76.832,48.424,126.959,0.817408,-1,-1,-1
44,38,381.798,479.354,89.008,182.865,0.814843,-1,-1,-1
44,22,908.268,5.743,36.781,118.657,0.807474,-1,-1,-1
44,33,84.044,120.979,54.076,120.334,0.800634,-1,-1,-1
44,37,1888.889,125.443,31.111,120.111,0.795041,-1,-1,-1
44,40,336.902,483.741,69.201,153.230,0.784084,-1,-1,-1
44,50,1058.816,1003.717,78.279,76.207,0.745139,-1,-1,-1
44,43,250.053,0.024,48.127,39.288,0.739633,-1,-1,-1
44,36,1814.307,0.050,39.198,43.322,0.732462,-1,-1,-1
44,17,416.752,0.000,46.397,70.940,0.725997,-1,-1,-1
44,46,1255.592,29.303,43.612,86.900,0.722853,-1,-1,-1
44,44,923.963,0.000,58.524,39.958,0.713163,-1,-1,-1
44,25,744.921,0.000,37.389,40.345,0.677835,-1,-1,-1
44,45,415.348,480.022,94.437,157.640,0.616763,-1,-1,-1
44,51,388.396,0.000,37.495,16.174,0.466765,-1,-1,-1
44,52,1874.116,0.000,32.366,15.547,0.399345,-1,-1,-1
45,1,1524.363,477.110,79.272,177.730,0.882382,-1,-1,-1
45,15,922.252,253.215,60.368,146.565,0.880265,-1,-1,-1
45,4,1539.542,630.880,93.695,170.322,0.878993,-1,-1,-1
45,2,750.944,314.770,55.894,148.372,0.876396,-1,-1,-1
45,8,677.356,449.781,66.402,176.713,0.876292,-1,-1,-1
45,5,1232.054,730.111,84.847,177.822,0.876290,-1,-1,-1
45,12,575.356,354.215,63.689,141.196,0.873282,-1,-1,-1
45,10,110.317,863.108,105.592,186.024,0.871503,-1,-1,-1
45,7,697.209,137.249,56.600,140.789,0.869772,-1,-1,-1
45,9,1688.970,57.488,56.656,133.366,0.868311,-1,-1,-1
45,3,209.357,586.585,82.582,173.477,0.867837,-1,-1,-1
45,42,1758.149,523.243,80.599,185.207,0.867711,-1,-1,-1
45,31,1742.784,143.783,64.833,136.627,0.866345,-1,-1,-1
45,20,1085.630,708.707,82.377,202.793,0.866315,-1,-1,-1
45,11,1836.084,226.678,60.554,140.044,0.857905,-1,-1,-1
45,21,848.459,58.300,44.010,128.337,0.857661,-1,-1,-1
45,23,1159.651,380.395,63.741,131.140,0.856693,-1,-1,-1
45,13,1099.528,102.749,44.299,108.656,0.854357,-1,-1,-1
45,6,329.349,0.102,49.188,88.238,0.852418,-1,-1,-1
45,34,1353.649,0.000,49.019,109.656,0.844415,-1,-1,-1
45,19,1611.254,34.550,40.999,109.681,0.842585,-1,-1,-1
45,49,0.000,72.943,47.200,106.713,0.840983,-1,-1,-1
45,24,1381.929,42.310,38.141,134.344,0.840149,-1,-1,-1
45,32,1740.040,212.310,68.220,174.709,0.840030,-1,-1,-1
45,16,796.713,52.518,36.557,126.829,0.836862,-1,-1,-1
45,33,86.051,121.634,52.003,119.655,0.830789,-1,-1,-1
45,14,1637.176,31.500,42.988,113.526,0.830206,-1,-1,-1
45,27,1291.399,0.000,40.224,99.316,0.823430,-1,-1,-1
45,18,1194.058,50.040,44.298,131.783,0.822468,-1,-1,-1
45,29,936.275,30.716,38.753,125.102,0.818188,-1,-1,-1
45,26,1159.984,76.108,48.275,126.902,0.815642,-1,-1,-1
45,30,576.451,265.831,55.029,123.995,0.810628,-1,-1,-1
45,40,336.912,483.814,68.434,153.088,0.804783,-1,-1,-1
45,22,907.349,6.425,36.650,118.044,0.802675,-1,-1,-1
45,28,991.141,169.671,58.359,145.900,0.800219,-1,-1,-1
45,37,1888.613,125.318,31.387,119.557,0.796423,-1,-1,-1
45,38,383.066,479.377,100.764,182.706,0.784766,-1,-1,-1
45,44,923.551,0.000,64.846,40.523,0.750272,-1,-1,-1
45,36,1814.333,0.049,39.037,43.396,0.733520,-1,-1,-1
45,46,1254.572,37.910,36.822,78.340,0.726544,-1,-1,-1
45,43,250.672,0.000,47.158,40.822,0.712117,-1,-1,-1
45,17,413.451,0.000,50.630,70.774,0.711054,-1,-1,-1
45,50,1059.231,999.470,74.810,80.530,0.705560,-1,-1,-1
45,25,745.017,0.000,36.389,40.326,0.677222,-1,-1,-1
45,45,415.989,480.639,93.661,156.826,0.515667,-1,-1,-1
45,52,1874.244,0.000,32.165,15.533,0.399466,-1,-1,-1
45,51,387.370,0.000,44.119,16.299,0.260720,-1,-1,-1
46,1,1525.791,480.915,77.875,176.744,0.887037,-1,-1,-1
46,15,922.693,254.681,60.353,145.495,0.882565,-1,-1,-1
46,4,1541.435,634.430,94.657,181.314,0.878415,-1,-1,-1
46,12,574.809,354.909,64.536,140.366,0.875355,-1,-1,-1
46,5,1217.878,727.503,95.795,180.188,0.875305,-1,-1,-1
46,2,750.570,313.177,55.534,150.122,0.874006,-1,-1,-1
46,8,676.615,447.852,67.578,179.128,0.873233,-1,-1,-1
46,7,696.722,135.857,56.814,140.166,0.870935,-1,-1,-1
46,9,1688.903,58.071,57.298,132.297,0.870142,-1,-1,-1
46,42,1757.957,520.250,79.864,180.815,0.869546,-1,-1,-1
46,23,1159.642,379.087,63.675,132.392,0.869505,-1,-1,-1
46,10,111.740,864.118,103.297,184.921,0.868390,-1,-1,-1
46,6,331.330,0.140,56.113,87.886,0.867889,-1,-1,-1
46,3,208.224,589.745,82.304,175.965,0.866372,-1,-1,-1
46,49,0.000,74.353,56.860,105.012,0.862437,-1,-1,-1
46,21,848.917,58.498,44.245,128.033,0.861334,-1,-1,-1
46,31,1742.924,145.351,65.262,147.967,0.860282,-1,-1,-1
46,11,1836.764,229.028,60.134,139.275,0.854520,-1,-1,-1
46,20,1083.466,703.633,81.944,199.735,0.850821,-1,-1,-1
46,13,1099.842,104.612,44.102,111.072,0.849712,-1,-1,-1
46,24,1381.973,42.152,38.044,134.305,0.843919,-1,-1,-1
46,19,1611.647,35.055,41.709,111.950,0.843016,-1,-1,-1
46,33,86.886,122.245,51.247,119.101,0.840145,-1,-1,-1
46,16,797.008,52.478,36.401,126.833,0.837861,-1,-1,-1
46,34,1353.476,0.000,47.022,109.764,0.837624,-1,-1,-1
46,14,1638.070,32.263,42.815,113.344,0.832944,-1,-1,-1
46,27,1290.554,0.000,40.689,99.610,0.828295,-1,-1,-1
46,26,1159.753,74.055,47.326,129.212,0.823072,-1,-1,-1
46,32,1740.088,211.187,68.806,175.195,0.820537,-1,-1,-1
46,18,1193.156,49.595,44.888,129.941,0.820217,-1,-1,-1
46,29,935.640,29.466,39.961,125.160,0.818472,-1,-1,-1
46,30,576.706,267.904,54.995,122.814,0.814026,-1,-1,-1
46,28,993.406,171.614,56.714,146.142,0.806206,-1,-1,-1
46,40,336.846,483.774,68.885,153.193,0.799771,-1,-1,-1
46,22,906.426,6.445,37.224,117.742,0.798995,-1,-1,-1
46,37,1888.346,125.377,31.654,119.501,0.797488,-1,-1,-1
46,38,383.594,479.419,126.089,182.819,0.785598,-1,-1,-1
46,50,1058.042,994.759,76.060,85.200,0.756987,-1,-1,-1
46,46,1254.003,37.963,36.707,78.185,0.749340,-1,-1,-1
46,44,925.824,0.000,66.751,40.709,0.748224,-1,-1,-1
46,36,1814.288,0.051,39.171,43.383,0.735415,-1,-1,-1
46,17,397.492,0.156,69.863,70.500,0.732003,-1,-1,-1
46,43,251.490,0.000,46.327,42.393,0.723300,-1,-1,-1
46,25,746.173,0.000,35.477,39.957,0.673208,-1,-1,-1
46,52,1874.642,0.000,32.516,15.587,0.385540,-1,-1,-1
47,1,1527.983,484.151,76.589,174.380,0.885752,-1,-1,-1
47,15,923.020,256.013,60.529,144.295,0.882455,-1,-1,-1
47,49,0.000,74.303,65.470,104.601,0.881041,-1,-1,-1
47,42,1754.558,516.083,81.639,175.251,0.877037,-1,-1,-1
47,12,574.575,355.336,65.789,140.195,0.876932,-1,-1,-1
47,5,1203.958,729.766,106.154,176.638,0.876888,-1,-1,-1
47,4,1542.801,637.205,94.649,192.493,0.876116,-1,-1,-1
47,8,676.234,445.465,68.358,181.931,0.874495,-1,-1,-1
47,3,205.986,593.514,84.097,184.816,0.873066,-1,-1,-1
47,9,1688.783,58.684,58.104,131.527,0.871810,-1,-1,-1
47,6,333.675,0.000,81.995,88.355,0.871581,-1,-1,-1
47,10,112.758,865.334,101.868,183.597,0.871543,-1,-1,-1
47,2,750.409,311.017,56.507,152.775,0.870592,-1,-1,-1
47,23,1158.441,377.556,63.849,134.018,0.869234,-1,-1,-1
47,21,850.451,58.502,43.075,128.033,0.865192,-1,-1,-1
47,7,696.602,133.773,55.821,140.156,0.861909,-1,-1,-1
47,31,1743.348,146.847,65.276,145.761,0.861651,-1,-1,-1
47,20,1082.165,699.962,81.967,192.127,0.858616,-1,-1,-1
47,11,1838.232,230.928,59.167,140.208,0.850367,-1,-1,-1
47,19,1612.392,35.578,41.809,113.579,0.847039,-1,-1,-1
47,13,1099.918,106.191,44.357,113.836,0.844718,-1,-1,-1
47,33,87.419,122.478,50.540,118.796,0.844389,-1,-1,-1
47,24,1381.826,42.184,38.256,134.246,0.843353,-1,-1,-1
47,16,797.056,52.477,36.312,126.541,0.839747,-1,-1,-1
47,14,1637.568,32.904,44.703,113.342,0.838253,-1,-1,-1
47,34,1353.204,0.000,45.989,109.533,0.830777,-1,-1,-1
47,27,1280.123,0.000,50.589,99.874,0.829606,-1,-1,-1
47,26,1159.127,52.754,56.276,149.293,0.824940,-1,-1,-1
47,18,1193.211,48.624,44.312,130.292,0.817660,-1,-1,-1
47,30,576.918,270.220,54.362,123.187,0.813394,-1,-1,-1
47,29,935.587,28.379,40.346,126.420,0.809981,-1,-1,-1
47,28,991.904,173.420,58.376,147.032,0.805737,-1,-1,-1
47,38,385.325,479.340,124.436,182.601,0.804573,-1,-1,-1
47,32,1744.477,230.913,65.444,155.485,0.793975,-1,-1,-1
47,40,336.901,483.885,69.445,152.414,0.793769,-1,-1,-1
47,37,1888.428,130.087,31.572,114.296,0.791036,-1,-1,-1
47,22,905.262,6.978,38.550,117.385,0.790724,-1,-1,-1
47,44,930.515,0.000,65.727,40.429,0.783503,-1,-1,-1
47,46,1254.195,28.213,44.464,88.077,0.742972,-1,-1,-1
47,36,1814.264,0.053,39.026,43.224,0.733955,-1,-1,-1
47,43,247.851,0.000,49.843,44.804,0.706441,-1,-1,-1
47,17,403.202,0.000,64.605,70.516,0.624174,-1,-1,-1
47,50,1055.740,989.579,78.757,90.377,0.608919,-1,-1,-1
47,25,746.515,0.000,37.599,39.681,0.590336,-1,-1,-1
47,52,1874.925,0.000,32.405,15.586,0.394633,-1,-1,-1
48,49,5.630,74.874,72.019,103.641,0.889071,-1,-1,-1
48,1,1532.215,490.544,74.714,168.756,0.887380,-1,-1,-1
48,4,1546.605,647.761,94.293,191.580,0.879791,-1,-1,-1
48,15,923.878,258.009,61.073,142.312,0.877689,-1,-1,-1
48,12,566.198,358.124,78.518,142.262,0.876915,-1,-1,-1
48,42,1749.699,509.198,81.815,170.385,0.876133,-1,-1,-1
48,23,1156.202,374.290,66.320,137.178,0.875720,-1,-1,-1
48,9,1688.878,59.927,58.362,130.485,0.873164,-1,-1,-1
48,10,114.605,867.611,105.519,180.443,0.871352,-1,-1,-1
48,20,1078.162,690.238,83.846,177.314,0.870657,-1,-1,-1
48,6,337.524,0.000,85.104,88.439,0.870329,-1,-1,-1
48,3,202.809,603.218,86.394,195.668,0.865261,-1,-1,-1
48,21,852.775,59.317,42.435,126.934,0.863114,-1,-1,-1
48,2,750.477,307.503,55.765,154.844,0.861589,-1,-1,-1
48,7,697.577,130.038,52.615,135.883,0.860509,-1,-1,-1
48,11,1839.987,233.334,59.810,138.442,0.856393,-1,-1,-1
48,5,1200.005,737.112,103.875,170.064,0.854154,-1,-1,-1
48,14,1638.001,33.717,47.463,112.991,0.853182,-1,-1,-1
48,31,1744.278,151.036,64.780,160.346,0.852715,-1,-1,-1
48,8,676.434,441.963,68.839,183.138,0.848584,-1,-1,-1
48,24,1381.435,42.019,38.684,134.384,0.841611,-1,-1,-1
48,19,1613.449,37.619,42.654,113.754,0.840940,-1,-1,-1
48,13,1101.131,110.261,44.104,113.429,0.839617,-1,-1,-1
48,16,797.195,52.693,36.537,126.252,0.837563,-1,-1,-1
48,28,991.141,177.684,59.293,148.210,0.823566,-1,-1,-1
48,18,1192.712,47.195,44.241,132.672,0.821247,-1,-1,-1
48,33,86.415,122.109,51.509,119.002,0.820486,-1,-1,-1
48,27,1280.145,0.000,49.109,100.163,0.820155,-1,-1,-1
48,22,904.471,9.703,37.543,117.938,0.820006,-1,-1,-1
48,26,1157.729,68.362,46.179,127.889,0.818236,-1,-1,-1
48,34,1352.278,0.000,45.197,109.946,0.817853,-1,-1,-1
48,29,940.490,25.691,35.637,120.369,0.816656,-1,-1,-1
48,30,577.042,274.411,55.104,128.552,0.816634,-1,-1,-1
48,40,337.189,483.896,69.152,152.959,0.794191,-1,-1,-1
48,37,1887.528,131.763,32.472,113.313,0.793925,-1,-1,-1
48,44,932.694,0.128,67.169,41.044,0.788721,-1,-1,-1
48,38,386.888,479.584,122.945,182.470,0.780242,-1,-1,-1
48,32,1738.283,215.353,74.205,171.634,0.764292,-1,-1,-1
48,17,425.534,0.000,46.224,69.683,0.746532,-1,-1,-1
48,46,1252.002,36.545,38.988,79.659,0.734488,-1,-1,-1
48,36,1814.903,0.065,37.909,43.306,0.733648,-1,-1,-1
48,50,1056.857,978.249,70.759,101.690,0.694534,-1,-1,-1
48,43,252.660,0.000,50.302,48.291,0.603685,-1,-1,-1
48,25,747.884,0.000,35.674,38.023,0.524209,-1,-1,-1
48,52,1863.970,0.000,46.759,15.614,0.394595,-1,-1,-1
49,6,340.904,0.000,81.096,87.971,0.885258,-1,-1,-1
49,1,1534.271,493.738,75.141,165.504,0.884658,-1,-1,-1
49,42,1748.496,506.238,80.968,172.003,0.881845,-1,-1,-1
49,4,1548.646,652.702,91.750,197.249,0.880680,-1,-1,-1
49,49,8.039,74.934,71.332,103.056,0.879247,-1,-1,-1
49,5,1185.676,737.291,114.639,169.890,0.878328,-1,-1,-1
49,9,1689.217,60.702,58.517,129.703,0.877636,-1,-1,-1
49,15,924.215,258.886,61.693,141.370,0.875742,-1,-1,-1
49,12,571.082,358.242,74.631,148.510,0.875729,-1,-1,-1
49,3,201.992,607.916,87.086,193.018,0.872405,-1,-1,-1
49,23,1155.496,371.763,67.570,139.220,0.872261,-1,-1,-1
49,10,115.718,868.884,111.108,179.178,0.868226,-1,-1,-1
49,7,698.900,127.320,52.708,133.016,0.866057,-1,-1,-1
49,8,677.714,440.078,67.717,183.917,0.864389,-1,-1,-1
49,2,750.558,306.015,55.662,155.802,0.859958,-1,-1,-1
49,31,1744.467,154.281,64.660,155.971,0.858859,-1,-1,-1
49,11,1841.392,234.198,59.699,137.042,0.857782,-1,-1,-1
49,21,853.495,59.483,42.690,126.719,0.856997,-1,-1,-1
49,14,1639.512,34.089,47.073,112.552,0.856165,-1,-1,-1
49,20,1076.950,685.666,84.385,178.147,0.847645,-1,-1,-1
49,24,1381.643,41.928,38.458,134.382,0.840597,-1,-1,-1
49,19,1613.691,39.981,43.176,111.452,0.839896,-1,-1,-1
49,13,1102.466,112.863,43.153,112.368,0.838789,-1,-1,-1
49,16,797.506,52.660,36.249,126.239,0.836620,-1,-1,-1
49,26,1156.888,66.319,46.292,124.686,0.823799,-1,-1,-1
49,29,942.273,25.168,34.405,118.688,0.821748,-1,-1,-1
49,18,1192.733,46.862,43.776,132.321,0.820823,-1,-1,-1
49,22,904.436,10.801,37.839,121.253,0.820244,-1,-1,-1
49,34,1352.400,0.000,44.029,109.586,0.818894,-1,-1,-1
49,32,1747.439,221.949,65.939,164.387,0.812084,-1,-1,-1
49,27,1285.040,0.000,43.393,100.073,0.811824,-1,-1,-1
49,30,576.948,276.240,55.277,131.953,0.803961,-1,-1,-1
49,28,991.558,179.008,58.314,148.399,0.802089,-1,-1,-1
49,38,387.244,479.492,122.624,182.624,0.795769,-1,-1,-1
49,40,337.169,484.083,69.829,152.657,0.793777,-1,-1,-1
49,37,1887.539,132.668,32.461,115.589,0.786478,-1,-1,-1
49,44,937.689,0.008,62.124,41.090,0.785295,-1,-1,-1
49,33,85.059,121.821,52.563,119.730,0.779794,-1,-1,-1
49,17,428.404,0.000,46.831,68.758,0.738876,-1,-1,-1
49,36,1814.918,0.061,37.913,43.062,0.732088,-1,-1,-1
49,46,1259.489,36.663,31.018,79.088,0.710583,-1,-1,-1
49,50,1056.350,972.853,72.540,107.120,0.677479,-1,-1,-1
49,43,247.698,0.006,55.189,48.823,0.541090,-1,-1,-1
49,25,747.964,0.000,35.595,36.156,0.525403,-1,-1,-1
49,52,1868.355,0.000,42.606,15.615,0.398756,-1,-1,-1
50,42,1743.694,494.629,84.476,182.548,0.886923,-1,-1,-1
50,4,1550.329,656.465,91.773,194.618,0.886023,-1,-1,-1
50,1,1535.746,496.919,75.638,162.002,0.885257,-1,-1,-1
50,12,574.854,363.885,71.786,147.854,0.881068,-1,-1,-1
50,5,1180.849,737.570,116.122,172.024,0.878572,-1,-1,-1
50,9,1689.401,61.696,58.478,128.831,0.877631,-1,-1,-1
50,49,10.412,74.566,70.106,103.421,0.876167,-1,-1,-1
50,6,343.707,0.000,74.831,87.313,0.875404,-1,-1,-1
50,15,924.095,259.669,61.711,140.407,0.874881,-1,-1,-1
50,3,205.171,612.491,83.369,192.643,0.872350,-1,-1,-1
50,23,1154.074,370.675,69.814,139.672,0.871585,-1,-1,-1
50,10,117.063,870.786,116.506,177.018,0.869192,-1,-1,-1
50,20,1075.513,681.460,85.285,181.328,0.866315,-1,-1,-1
50,2,751.144,304.645,54.958,155.860,0.864532,-1,-1,-1
50,7,700.532,124.309,51.544,132.697,0.864333,-1,-1,-1
50,11,1842.290,234.749,59.560,136.818,0.860599,-1,-1,-1
50,8,677.785,436.572,68.551,187.600,0.859333,-1,-1,-1
50,31,1744.334,157.445,65.010,149.370,0.857185,-1,-1,-1
50,21,854.622,59.797,42.098,126.540,0.848932,-1,-1,-1
50,13,1102.954,114.449,43.387,113.497,0.845895,-1,-1,-1
50,24,1381.459,41.815,38.622,134.455,0.842019,-1,-1,-1
50,19,1613.556,40.845,44.110,111.339,0.839339,-1,-1,-1
50,16,797.643,52.306,35.904,126.242,0.838493,-1,-1,-1
50,14,1640.756,34.068,47.851,113.448,0.837450,-1,-1,-1
50,26,1155.901,64.527,46.233,124.216,0.829245,-1,-1,-1
50,27,1280.139,0.000,47.684,115.388,0.827561,-1,-1,-1
50,22,904.438,12.274,37.474,122.106,0.824772,-1,-1,-1
50,34,1352.058,0.000,43.170,109.368,0.823582,-1,-1,-1
50,18,1192.294,46.422,43.753,133.247,0.823366,-1,-1,-1
50,33,86.559,122.389,51.268,118.374,0.822378,-1,-1,-1
50,29,942.996,23.717,34.174,116.852,0.821369,-1,-1,-1
50,30,576.674,277.873,55.283,128.894,0.812588,-1,-1,-1
50,32,1746.724,225.280,67.874,161.332,0.804707,-1,-1,-1
50,40,337.384,483.770,68.643,152.777,0.794148,-1,-1,-1
50,37,1887.067,134.150,32.922,116.637,0.792073,-1,-1,-1
50,38,388.517,479.347,121.451,182.552,0.787366,-1,-1,-1
50,28,994.354,180.098,55.801,147.427,0.767122,-1,-1,-1
50,50,1056.248,965.515,74.397,114.485,0.765191,-1,-1,-1
50,36,1814.895,0.066,37.656,42.930,0.733471,-1,-1,-1
50,46,1259.217,36.344,32.376,79.435,0.723810,-1,-1,-1
50,17,432.539,0.000,43.250,67.626,0.715379,-1,-1,-1
50,44,933.142,0.000,67.784,44.859,0.613708,-1,-1,-1
50,25,746.137,0.000,36.630,32.171,0.500311,-1,-1,-1
50,43,246.862,0.000,54.551,49.125,0.438284,-1,-1,-1
50,52,1869.138,0.000,41.630,15.676,0.405930,-1,-1,-1
51,1,1536.322,500.085,77.449,158.442,0.886616,-1,-1,-1
51,42,1734.996,489.498,90.786,189.260,0.886587,-1,-1,-1
51,23,1153.703,369.831,69.938,139.852,0.883087,-1,-1,-1
51,4,1551.543,659.676,91.993,197.027,0.881432,-1,-1,-1
51,9,1690.048,63.006,58.176,128.513,0.880296,-1,-1,-1
51,10,118.342,872.653,121.720,175.496,0.879452,-1,-1,-1
51,5,1180.400,738.492,112.863,168.537,0.877264,-1,-1,-1
51,12,575.573,366.332,72.187,146.783,0.876001,-1,-1,-1
51,15,923.898,261.624,60.919,139.954,0.873845,-1,-1,-1
51,6,346.378,0.000,71.116,87.263,0.873188,-1,-1,-1
51,20,1074.261,678.338,85.713,184.521,0.872596,-1,-1,-1
51,11,1842.045,235.215,61.333,135.905,0.870620,-1,-1,-1
51,3,201.278,616.409,87.667,192.727,0.869952,-1,-1,-1
51,49,13.680,74.309,70.058,103.363,0.869316,-1,-1,-1
51,2,751.729,302.388,54.645,156.638,0.864360,-1,-1,-1
51,7,703.360,122.542,48.933,131.897,0.861155,-1,-1,-1
51,8,679.753,434.061,66.767,182.947,0.854091,-1,-1,-1
51,14,1642.594,33.956,47.569,112.711,0.854062,-1,-1,-1
51,21,854.980,59.775,42.072,125.806,0.851125,-1,-1,-1
51,31,1744.367,159.391,64.470,147.759,0.851014,-1,-1,-1
51,13,1104.281,115.361,42.751,113.406,0.850336,-1,-1,-1
51,24,1381.728,41.975,37.968,133.676,0.844170,-1,-1,-1
51,19,1614.081,41.198,43.041,111.206,0.839437,-1,-1,-1
51,16,797.651,52.301,35.969,126.048,0.837549,-1,-1,-1
51,32,1744.127,227.882,71.331,162.454,0.835579,-1,-1,-1
51,27,1280.085,0.000,47.465,115.441,0.834258,-1,-1,-1
51,34,1351.495,0.000,42.951,109.227,0.833057,-1,-1,-1
51,26,1155.033,62.368,46.107,121.104,0.825063,-1,-1,-1
51,30,576.270,278.729,55.268,124.028,0.822476,-1,-1,-1
51,18,1191.431,45.556,43.515,131.827,0.821178,-1,-1,-1
51,33,86.068,121.491,51.508,119.489,0.820067,-1,-1,-1
51,22,904.573,13.616,37.768,121.655,0.815545,-1,-1,-1
51,50,1056.639,960.407,71.412,119.534,0.812542,-1,-1,-1
51,29,943.357,26.067,34.449,111.884,0.812200,-1,-1,-1
51,37,1885.910,139.833,34.087,114.112,0.797576,-1,-1,-1
51,40,337.336,483.369,68.907,152.885,0.792919,-1,-1,-1
51,38,389.847,479.194,120.116,182.364,0.791968,-1,-1,-1
51,28,996.915,181.225,53.030,146.285,0.739166,-1,-1,-1
51,46,1248.715,35.978,44.426,79.184,0.736798,-1,-1,-1
51,36,1814.915,0.059,37.476,42.602,0.720459,-1,-1,-1
51,17,432.671,0.000,43.212,66.131,0.711004,-1,-1,-1
51,44,961.086,0.034,39.460,40.755,0.654346,-1,-1,-1
51,43,246.860,0.020,52.977,51.170,0.607939,-1,-1,-1
51,25,749.887,0.017,32.118,29.305,0.562282,-1,-1,-1
51,52,1865.411,0.000,41.909,15.440,0.394791,-1,-1,-1
52,42,1728.570,496.078,94.928,182.598,0.896199,-1,-1,-1
52,1,1537.081,504.304,78.453,163.749,0.888366,-1,-1,-1
52,4,1554.332,664.947,90.341,192.800,0.886481,-1,-1,-1
52,23,1154.511,366.930,69.257,142.961,0.883573,-1,-1,-1
52,9,1690.785,64.339,58.081,131.492,0.880887,-1,-1,-1
52,6,348.008,0.056,63.588,85.089,0.876359,-1,-1,-1
52,15,923.742,263.138,60.591,143.322,0.875056,-1,-1,-1
52,5,1180.277,738.491,111.369,170.157,0.875054,-1,-1,-1
52,12,576.513,368.101,71.553,149.253,0.872252,-1,-1,-1
52,8,681.626,430.236,65.340,183.651,0.869242,-1,-1,-1
52,49,17.432,73.272,66.535,103.274,0.868324,-1,-1,-1
52,3,186.329,620.101,102.483,195.542,0.868313,-1,-1,-1
52,11,1843.442,235.327,61.036,135.806,0.867963,-1,-1,-1
52,10,119.669,874.435,125.301,177.702,0.867333,-1,-1,-1
52,2,752.377,300.420,54.050,156.519,0.861889,-1,-1,-1
52,7,703.703,120.916,48.629,133.193,0.859588,-1,-1,-1
52,31,1743.544,160.736,65.968,150.765,0.857944,-1,-1,-1
52,21,855.316,59.773,42.564,125.892,0.856411,-1,-1,-1
52,14,1643.799,34.529,48.117,112.113,0.853418,-1,-1,-1
52,13,1103.970,116.312,44.053,112.527,0.853291,-1,-1,-1
52,20,1072.998,675.173,87.163,187.605,0.844033,-1,-1,-1
52,24,1381.441,41.531,38.458,134.130,0.839546,-1,-1,-1
52,16,797.648,52.019,35.894,126.208,0.838539,-1,-1,-1
52,33,87.154,121.625,50.371,119.121,0.836107,-1,-1,-1
52,27,1280.107,0.000,47.366,115.272,0.834717,-1,-1,-1
52,30,576.454,280.230,54.120,122.189,0.833405,-1,-1,-1
52,19,1614.807,40.588,43.070,112.001,0.832533,-1,-1,-1
52,26,1154.043,60.646,46.489,121.587,0.830722,-1,-1,-1
52,18,1191.309,43.605,42.911,134.276,0.829179,-1,-1,-1
52,34,1350.848,0.000,43.033,109.311,0.826733,-1,-1,-1
52,29,943.194,19.901,35.135,116.446,0.823367,-1,-1,-1
52,22,904.906,14.415,37.989,122.556,0.823171,-1,-1,-1
52,40,337.349,483.166,68.062,153.103,0.804576,-1,-1,-1
52,32,1737.627,224.463,79.244,172.593,0.804049,-1,-1,-1
52,38,389.601,478.386,120.453,183.266,0.794687,-1,-1,-1
52,37,1884.934,141.607,35.066,115.298,0.789953,-1,-1,-1
52,50,1055.220,953.554,71.370,126.393,0.762238,-1,-1,-1
52,46,1249.032,34.682,44.341,80.731,0.757567,-1,-1,-1
52,28,999.807,182.245,48.798,145.249,0.749066,-1,-1,-1
52,17,437.031,0.000,39.383,64.545,0.743762,-1,-1,-1
52,36,1814.910,0.075,38.082,42.450,0.711578,-1,-1,-1
52,43,246.186,0.054,53.825,52.283,0.635139,-1,-1,-1
52,44,957.731,0.132,43.026,40.759,0.541321,-1,-1,-1
52,25,749.799,0.018,31.942,26.941,0.540576,-1,-1,-1
52,52,1864.416,0.000,46.254,15.693,0.327846,-1,-1,-1
53,42,1722.381,486.233,96.054,191.323,0.891491,-1,-1,-1
53,1,1539.732,512.312,79.407,176.684,0.889499,-1,-1,-1
53,4,1558.160,670.960,89.494,187.389,0.885875,-1,-1,-1
53,49,24.902,70.520,59.251,104.806,0.880042,-1,-1,-1
53,9,1691.902,66.819,57.887,134.733,0.877991,-1,-1,-1
53,23,1153.135,362.096,69.902,141.054,0.874763,-1,-1,-1
53,15,922.600,267.533,60.829,149.180,0.873996,-1,-1,-1
53,12,578.450,374.073,71.893,148.622,0.873026,-1,-1,-1
53,10,121.844,877.797,131.927,189.839,0.872219,-1,-1,-1
53,3,181.597,626.529,105.944,194.105,0.871681,-1,-1,-1
53,6,353.939,0.151,57.600,81.391,0.869367,-1,-1,-1
53,11,1844.809,238.485,63.126,133.074,0.867363,-1,-1,-1
53,7,704.647,117.839,51.118,135.921,0.864212,-1,-1,-1
53,8,683.989,422.988,64.058,174.245,0.862997,-1,-1,-1
53,5,1179.434,737.917,106.441,169.245,0.862135,-1,-1,-1
53,2,753.141,295.445,53.959,155.518,0.856995,-1,-1,-1
53,13,1104.705,117.927,44.679,111.064,0.855365,-1,-1,-1
53,31,1742.179,162.647,67.160,227.442,0.855311,-1,-1,-1
53,21,854.988,59.793,45.590,125.235,0.851986,-1,-1,-1
53,14,1649.026,34.666,44.964,112.153,0.848407,-1,-1,-1
53,20,1071.279,670.338,87.881,191.687,0.845173,-1,-1,-1
53,33,87.652,121.103,49.796,119.301,0.841930,-1,-1,-1
53,24,1381.654,40.965,38.087,134.344,0.840137,-1,-1,-1
53,16,797.633,51.997,36.137,125.935,0.839310,-1,-1,-1
53,19,1617.081,41.074,42.302,110.915,0.837380,-1,-1,-1
53,18,1190.370,40.825,42.665,134.675,0.835124,-1,-1,-1
53,29,943.919,17.019,36.309,120.412,0.834854,-1,-1,-1
53,26,1152.554,58.133,46.985,123.723,0.831564,-1,-1,-1
53,30,576.196,281.627,53.877,123.473,0.830912,-1,-1,-1
53,22,904.894,17.417,37.807,122.982,0.826697,-1,-1,-1
53,32,1751.170,249.991,67.988,159.855,0.825532,-1,-1,-1
53,27,1280.135,0.000,46.749,115.015,0.825222,-1,-1,-1
53,40,337.258,482.928,67.580,152.784,0.817598,-1,-1,-1
53,34,1350.495,0.000,41.443,110.779,0.814309,-1,-1,-1
53,38,390.196,478.894,119.755,182.472,0.788574,-1,-1,-1
53,37,1885.041,147.270,34.843,113.777,0.782445,-1,-1,-1
53,28,998.275,183.414,49.878,143.862,0.767989,-1,-1,-1
53,17,442.877,0.152,35.117,55.963,0.741826,-1,-1,-1
53,46,1262.637,32.711,29.503,82.450,0.738776,-1,-1,-1
53,36,1815.027,0.085,37.261,42.200,0.711739,-1,-1,-1
53,44,972.127,0.082,30.854,42.593,0.702413,-1,-1,-1
53,25,751.067,0.037,30.704,25.743,0.663562,-1,-1,-1
53,43,243.956,0.000,53.976,52.599,0.627316,-1,-1,-1
53,52,1884.396,0.000,30.445,16.596,0.624122,-1,-1,-1
54,1,1540.856,517.185,79.905,173.030,0.894258,-1,-1,-1
54,42,1721.727,493.210,93.130,183.671,0.889988,-1,-1,-1
54,4,1559.525,674.061,90.773,184.019,0.882207,-1,-1,-1
54,15,922.349,270.017,60.248,147.360,0.880112,-1,-1,-1
54,12,579.687,374.633,71.960,148.604,0.876766,-1,-1,-1
54,11,1844.701,240.141,65.041,136.158,0.875454,-1,-1,-1
54,5,1179.335,737.679,100.731,169.558,0.873114,-1,-1,-1
54,3,188.169,630.172,98.239,190.685,0.872848,-1,-1,-1
54,8,684.635,418.743,64.321,171.494,0.871872,-1,-1,-1
54,9,1692.717,68.145,57.746,134.967,0.871701,-1,-1,-1
54,23,1157.094,360.076,67.146,135.573,0.871521,-1,-1,-1
54,49,26.069,70.260,57.858,104.794,0.866393,-1,-1,-1
54,6,357.759,0.000,53.729,78.844,0.866352,-1,-1,-1
54,10,124.339,878.964,130.873,191.425,0.864736,-1,-1,-1
54,7,704.785,117.376,51.505,136.030,0.861581,-1,-1,-1
54,2,753.415,292.886,54.494,152.204,0.860477,-1,-1,-1
54,31,1741.932,163.566,67.381,148.500,0.859454,-1,-1,-1
54,13,1104.420,118.244,45.452,110.737,0.856166,-1,-1,-1
54,20,1069.716,665.719,89.854,194.862,0.853453,-1,-1,-1
54,21,855.068,59.813,46.344,125.065,0.850379,-1,-1,-1
54,33,87.894,121.331,49.426,118.816,0.846286,-1,-1,-1
54,14,1651.734,34.209,43.852,112.896,0.844967,-1,-1,-1
54,19,1619.057,40.567,40.892,111.337,0.843568,-1,-1,-1
54,30,576.315,282.357,53.843,119.620,0.840619,-1,-1,-1
54,16,797.829,51.807,35.776,125.853,0.840513,-1,-1,-1
54,18,1189.896,38.788,42.688,135.263,0.838031,-1,-1,-1
54,32,1743.320,252.862,77.072,156.040,0.836793,-1,-1,-1
54,29,944.378,15.863,37.341,120.868,0.836244,-1,-1,-1
54,22,905.069,17.896,37.323,122.654,0.831441,-1,-1,-1
54,26,1152.588,57.170,46.028,124.333,0.826368,-1,-1,-1
54,40,337.347,482.726,67.832,152.689,0.819088,-1,-1,-1
54,24,1378.887,40.988,40.820,133.858,0.818131,-1,-1,-1
54,27,1280.179,0.000,46.270,115.033,0.816720,-1,-1,-1
54,28,992.808,183.866,55.392,143.301,0.800272,-1,-1,-1
54,34,1348.701,0.000,42.631,109.026,0.789012,-1,-1,-1
54,38,390.280,477.897,119.638,183.142,0.785895,-1,-1,-1
54,37,1884.356,147.084,35.553,113.732,0.780694,-1,-1,-1
54,44,979.469,0.000,27.888,43.219,0.768144,-1,-1,-1
54,46,1262.504,33.982,29.279,80.887,0.732824,-1,-1,-1
54,17,440.817,0.250,38.826,52.558,0.709807,-1,-1,-1
54,36,1814.683,0.000,37.832,41.671,0.700352,-1,-1,-1
54,25,750.994,0.000,32.768,25.325,0.676720,-1,-1,-1
54,52,1885.019,0.000,32.296,18.715,0.656030,-1,-1,-1
54,43,244.026,0.079,52.654,52.475,0.512427,-1,-1,-1
55,1,1542.196,521.443,80.563,174.616,0.895657,-1,-1,-1
55,42,1721.972,491.712,89.803,183.120,0.887645,-1,-1,-1
55,15,922.004,272.517,60.477,147.928,0.877157,-1,-1,-1
55,12,580.217,376.404,71.724,146.981,0.874918,-1,-1,-1
55,4,1561.465,677.312,91.339,180.798,0.874826,-1,-1,-1
55,9,1693.432,69.373,57.427,134.221,0.871431,-1,-1,-1
55,11,1844.957,242.447,66.302,139.406,0.871367,-1,-1,-1
55,5,1180.208,737.673,95.248,170.072,0.869111,-1,-1,-1
55,8,684.504,414.845,64.724,166.995,0.868063,-1,-1,-1
55,10,125.384,880.285,129.301,189.991,0.866812,-1,-1,-1
55,3,193.478,632.972,90.433,187.288,0.865620,-1,-1,-1
55,31,1740.862,164.490,68.810,147.339,0.862957,-1,-1,-1
55,7,705.462,116.606,51.107,136.695,0.860786,-1,-1,-1
55,23,1158.335,356.875,66.230,134.833,0.858581,-1,-1,-1
55,13,1104.019,118.775,46.189,109.311,0.857254,-1,-1,-1
55,2,753.323,289.465,54.687,149.938,0.856548,-1,-1,-1
55,6,359.515,0.052,51.735,75.584,0.855615,-1,-1,-1
55,20,1069.443,662.248,89.698,197.813,0.852515,-1,-1,-1
55,21,855.305,59.719,46.494,125.176,0.850691,-1,-1,-1
55,30,576.266,283.114,54.265,127.472,0.849693,-1,-1,-1
55,14,1654.633,33.937,41.696,113.901,0.846099,-1,-1,-1
55,33,87.834,120.933,49.533,119.042,0.845943,-1,-1,-1
55,32,1748.611,255.078,72.562,157.802,0.845191,-1,-1,-1
55,49,28.080,69.244,55.842,104.911,0.844112,-1,-1,-1
55,24,1382.340,40.137,37.321,134.555,0.842597,-1,-1,-1
55,16,797.717,51.485,36.221,126.149,0.839585,-1,-1,-1
55,18,1189.317,37.168,42.656,133.514,0.838004,-1,-1,-1
55,19,1621.653,40.920,39.519,110.605,0.834832,-1,-1,-1
55,22,905.458,17.993,36.894,122.212,0.833584,-1,-1,-1
55,29,945.323,15.439,37.867,120.863,0.830889,-1,-1,-1
55,28,990.813,184.930,57.837,141.897,0.828364,-1,-1,-1
55,27,1280.103,0.000,45.417,115.008,0.828046,-1,-1,-1
55,40,337.239,482.435,68.003,152.815,0.827391,-1,-1,-1
55,26,1152.450,56.069,45.243,125.574,0.824704,-1,-1,-1
55,34,1346.777,0.000,43.359,113.098,0.815576,-1,-1,-1
55,38,390.568,477.617,119.392,183.337,0.788169,-1,-1,-1
55,44,980.045,0.000,31.928,43.532,0.784047,-1,-1,-1
55,37,1884.736,147.328,35.145,114.984,0.773289,-1,-1,-1
55,46,1263.362,30.727,29.289,83.820,0.749861,-1,-1,-1
55,36,1814.852,0.000,37.411,41.474,0.699911,-1,-1,-1
55,25,750.047,0.000,34.516,24.875,0.696474,-1,-1,-1
55,52,1884.676,0.000,33.533,20.252,0.695819,-1,-1,-1
55,17,439.712,0.279,41.390,52.469,0.687638,-1,-1,-1
55,43,240.703,0.072,55.093,52.194,0.583334,-1,-1,-1
56,1,1543.138,525.132,82.106,175.395,0.887573,-1,-1,-1
56,42,1722.079,488.552,86.642,184.741,0.883832,-1,-1,-1
56,12,578.414,377.997,76.737,145.300,0.881655,-1,-1,-1
56,15,921.090,274.547,61.040,149.286,0.873554,-1,-1,-1
56,8,684.112,411.400,66.062,166.777,0.871619,-1,-1,-1
56,4,1563.790,680.158,90.843,177.805,0.869824,-1,-1,-1
56,6,361.884,0.000,49.739,73.547,0.869032,-1,-1,-1
56,9,1693.981,70.611,57.716,134.266,0.868651,-1,-1,-1
56,31,1740.841,165.071,69.468,146.275,0.868005,-1,-1,-1
56,13,1101.846,119.833,48.993,108.604,0.863765,-1,-1,-1
56,2,753.231,286.767,55.107,147.688,0.862738,-1,-1,-1
56,11,1845.521,243.646,67.109,142.927,0.861037,-1,-1,-1
56,32,1747.208,257.315,75.154,157.924,0.860685,-1,-1,-1
56,3,191.730,635.374,90.572,184.947,0.859587,-1,-1,-1
56,10,127.737,881.708,128.557,188.475,0.859141,-1,-1,-1
56,5,1180.189,738.078,88.351,171.272,0.856957,-1,-1,-1
56,20,1069.325,659.705,89.497,199.320,0.856289,-1,-1,-1
56,23,1159.370,353.408,65.443,133.760,0.854434,-1,-1,-1
56,7,705.631,115.443,48.151,137.393,0.851970,-1,-1,-1
56,21,854.744,59.725,47.440,124.575,0.851374,-1,-1,-1
56,30,576.291,284.100,54.323,130.759,0.848177,-1,-1,-1
56,33,87.858,120.819,49.646,118.929,0.846700,-1,-1,-1
56,14,1657.164,34.282,39.983,114.264,0.844086,-1,-1,-1
56,16,797.803,51.291,36.174,126.115,0.838434,-1,-1,-1
56,28,990.899,186.088,57.865,142.403,0.837723,-1,-1,-1
56,18,1188.499,35.504,43.423,132.210,0.836144,-1,-1,-1
56,29,945.947,14.578,37.568,121.958,0.836030,-1,-1,-1
56,24,1381.936,39.933,37.958,134.546,0.835040,-1,-1,-1
56,19,1623.441,41.537,38.587,109.997,0.832559,-1,-1,-1
56,22,905.403,17.801,37.197,122.388,0.830810,-1,-1,-1
56,34,1344.971,0.000,44.138,114.506,0.827340,-1,-1,-1
56,49,32.142,68.249,52.656,105.432,0.825523,-1,-1,-1
56,40,337.264,482.156,69.253,153.013,0.823141,-1,-1,-1
56,27,1279.984,0.000,44.921,114.932,0.818811,-1,-1,-1
56,26,1152.272,55.089,44.845,126.290,0.812729,-1,-1,-1
56,38,390.392,477.733,119.395,182.924,0.774023,-1,-1,-1
56,37,1885.041,149.387,34.900,112.349,0.773467,-1,-1,-1
56,44,980.424,0.000,40.057,44.036,0.769185,-1,-1,-1
56,46,1262.569,28.615,29.229,85.969,0.732546,-1,-1,-1
56,36,1814.915,0.101,36.431,40.371,0.703103,-1,-1,-1
56,52,1885.602,0.000,33.220,22.295,0.700399,-1,-1,-1
56,17,442.092,0.000,40.128,52.305,0.694122,-1,-1,-1
56,25,750.259,0.000,36.491,24.786,0.656547,-1,-1,-1
56,43,239.400,0.158,55.082,51.909,0.560962,-1,-1,-1
57,12,581.175,378.989,72.882,143.675,0.883131,-1,-1,-1
57,42,1720.699,484.675,85.890,185.428,0.883084,-1,-1,-1
57,1,1541.038,528.862,86.700,176.284,0.881352,-1,-1,-1
57,32,1748.068,254.399,76.062,162.788,0.875656,-1,-1,-1
57,15,920.071,276.387,61.729,148.903,0.873924,-1,-1,-1
57,9,1694.099,72.059,59.151,135.338,0.871378,-1,-1,-1
57,8,684.306,408.409,65.652,168.898,0.871064,-1,-1,-1
57,13,1100.484,121.242,50.982,111.086,0.869363,-1,-1,-1
57,23,1160.758,351.266,63.588,130.037,0.868742,-1,-1,-1
57,4,1564.777,683.376,93.082,173.541,0.868388,-1,-1,-1
57,31,1741.113,165.538,69.627,145.754,0.867769,-1,-1,-1
57,2,753.045,284.376,54.754,145.169,0.867704,-1,-1,-1
57,5,1180.644,738.691,81.472,173.904,0.860199,-1,-1,-1
57,11,1845.196,247.179,69.125,143.686,0.860159,-1,-1,-1
57,3,189.549,637.566,90.739,182.843,0.857744,-1,-1,-1
57,6,364.805,0.000,47.103,72.143,0.856976,-1,-1,-1
57,10,129.237,883.205,125.773,190.441,0.856178,-1,-1,-1
57,7,706.638,114.360,51.191,137.546,0.853952,-1,-1,-1
57,50,1046.006,925.067,70.439,154.912,0.853429,-1,-1,-1
57,14,1659.295,35.132,39.556,114.955,0.851083,-1,-1,-1
57,21,854.755,59.665,47.986,124.486,0.849620,-1,-1,-1
57,30,576.483,285.200,54.300,132.336,0.847332,-1,-1,-1
57,33,87.784,120.682,49.662,118.789,0.846371,-1,-1,-1
57,20,1069.540,656.977,88.478,198.465,0.844179,-1,-1,-1
57,18,1187.950,33.852,43.693,129.329,0.841935,-1,-1,-1
57,24,1382.062,39.727,37.837,134.709,0.838327,-1,-1,-1
57,29,947.221,14.223,36.904,120.402,0.836845,-1,-1,-1
57,16,798.044,50.867,36.034,126.039,0.835711,-1,-1,-1
57,19,1624.682,41.562,38.158,109.747,0.834352,-1,-1,-1
57,27,1278.731,0.000,45.639,114.880,0.833737,-1,-1,-1
57,28,991.436,187.190,57.252,147.134,0.831589,-1,-1,-1
57,34,1343.485,0.000,45.167,114.430,0.830474,-1,-1,-1
57,22,905.586,17.050,37.505,123.110,0.830142,-1,-1,-1
57,40,337.356,481.965,68.695,152.919,0.821003,-1,-1,-1
57,44,980.105,0.006,51.330,43.253,0.819664,-1,-1,-1
57,49,31.886,67.681,53.292,105.894,0.814525,-1,-1,-1
57,26,1152.049,54.329,44.463,126.333,0.812542,-1,-1,-1
57,38,390.402,477.488,119.459,182.992,0.788127,-1,-1,-1
57,37,1885.570,150.116,34.381,110.880,0.777532,-1,-1,-1
57,46,1262.535,28.974,28.267,85.525,0.729461,-1,-1,-1
57,17,443.335,0.053,40.211,50.461,0.718420,-1,-1,-1
57,36,1815.020,0.120,35.317,40.369,0.718350,-1,-1,-1
57,52,1885.521,0.000,33.397,22.758,0.714030,-1,-1,-1
57,25,748.266,0.012,38.302,24.323,0.612767,-1,-1,-1
57,43,240.943,0.466,52.864,50.694,0.537588,-1,-1,-1
58,1,1550.086,534.611,82.737,178.053,0.889395,-1,-1,-1
58,12,581.143,382.100,72.819,140.176,0.888886,-1,-1,-1
58,42,1721.107,478.018,81.286,181.644,0.882270,-1,-1,-1
58,32,1754.387,261.629,74.236,154.934,0.878957,-1,-1,-1
58,9,1694.940,73.414,60.688,134.922,0.876130,-1,-1,-1
58,13,1098.543,124.905,53.326,114.668,0.875548,-1,-1,-1
58,4,1568.935,690.847,93.584,189.461,0.873250,-1,-1,-1
58,15,918.833,279.218,61.282,147.754,0.872468,-1,-1,-1
58,8,683.998,403.916,67.260,172.909,0.869852,-1,-1,-1
58,31,1743.083,166.579,68.721,144.598,0.869683,-1,-1,-1
58,2,752.977,280.294,54.679,143.967,0.861972,-1,-1,-1
58,11,1846.088,245.102,71.027,149.991,0.861663,-1,-1,-1
58,3,185.628,642.629,90.022,177.916,0.855899,-1,-1,-1
58,5,1181.866,739.091,72.734,177.994,0.854518,-1,-1,-1
58,23,1164.230,348.146,60.022,130.809,0.852354,-1,-1,-1
58,20,1069.727,646.568,87.733,195.512,0.850896,-1,-1,-1
58,10,134.512,884.829,120.136,190.670,0.849798,-1,-1,-1
58,6,368.892,0.000,45.323,71.376,0.848024,-1,-1,-1
58,21,855.460,59.956,48.201,123.558,0.847249,-1,-1,-1
58,29,949.615,13.043,35.847,120.801,0.846723,-1,-1,-1
58,50,1040.825,916.265,70.848,163.501,0.846056,-1,-1,-1
58,30,576.699,288.612,55.026,133.446,0.845620,-1,-1,-1
58,7,708.175,109.952,51.158,138.701,0.843589,-1,-1,-1
58,18,1186.685,29.777,44.031,126.759,0.842316,-1,-1,-1
58,14,1661.682,36.966,39.319,116.957,0.842300,-1,-1,-1
58,33,88.233,120.213,49.160,118.814,0.840025,-1,-1,-1
58,24,1382.372,39.392,37.804,134.678,0.837731,-1,-1,-1
58,34,1339.857,0.000,46.898,114.291,0.833849,-1,-1,-1
58,16,798.018,50.595,36.098,125.791,0.832770,-1,-1,-1
58,22,905.253,17.210,39.682,121.993,0.832269,-1,-1,-1
58,44,980.102,0.090,67.192,41.050,0.826917,-1,-1,-1
58,40,337.867,481.735,68.141,152.937,0.821185,-1,-1,-1
58,49,42.476,66.941,48.623,105.835,0.817168,-1,-1,-1
58,19,1628.923,41.747,35.558,110.333,0.814620,-1,-1,-1
58,27,1279.479,0.000,43.487,114.491,0.812911,-1,-1,-1
58,26,1152.047,52.841,45.051,126.106,0.810233,-1,-1,-1
58,28,992.076,189.501,58.279,154.684,0.804375,-1,-1,-1
58,38,389.790,476.709,120.154,183.355,0.800571,-1,-1,-1
58,37,1886.143,149.230,33.831,103.951,0.779381,-1,-1,-1
58,43,243.304,0.000,48.538,51.607,0.746723,-1,-1,-1
58,46,1261.965,29.049,29.906,85.054,0.728074,-1,-1,-1
58,17,451.784,0.012,42.362,49.743,0.724914,-1,-1,-1
58,36,1814.771,0.047,33.592,38.840,0.716860,-1,-1,-1
58,52,1886.527,0.000,32.337,22.980,0.714123,-1,-1,-1
58,25,750.146,0.022,36.532,22.542,0.614696,-1,-1,-1
59,1,1550.740,537.626,85.136,174.436,0.894211,-1,-1,-1
59,12,580.623,383.206,72.917,138.871,0.887765,-1,-1,-1
59,9,1695.172,73.644,61.536,134.517,0.883633,-1,-1,-1
59,4,1570.068,696.929,93.980,197.300,0.880146,-1,-1,-1
59,42,1720.756,473.925,79.504,181.767,0.878556,-1,-1,-1
59,31,1744.376,167.623,68.324,143.179,0.878510,-1,-1,-1
59,32,1756.112,262.539,74.077,153.758,0.876298,-1,-1,-1
59,13,1097.597,126.977,54.396,114.610,0.874962,-1,-1,-1
59,8,684.182,401.954,67.874,174.457,0.874352,-1,-1,-1
59,15,918.380,280.876,60.991,146.232,0.873736,-1,-1,-1
59,3,184.123,646.285,89.338,179.084,0.863733,-1,-1,-1
59,5,1178.911,741.422,74.896,188.434,0.862408,-1,-1,-1
59,10,136.995,886.129,117.729,189.475,0.859638,-1,-1,-1
59,2,752.813,278.151,54.829,146.012,0.859341,-1,-1,-1
59,11,1846.666,247.001,71.334,151.123,0.857959,-1,-1,-1
59,21,855.663,60.060,48.705,123.558,0.853087,-1,-1,-1
59,23,1153.118,346.959,70.209,132.107,0.851184,-1,-1,-1
59,14,1661.793,37.699,39.928,116.752,0.846476,-1,-1,-1
59,7,708.910,107.805,51.200,137.709,0.844389,-1,-1,-1
59,50,1039.613,913.124,69.567,166.785,0.841679,-1,-1,-1
59,20,1070.585,644.197,84.499,190.425,0.841045,-1,-1,-1
59,29,950.855,11.433,35.559,121.309,0.840151,-1,-1,-1
59,24,1382.552,39.448,37.539,134.382,0.840131,-1,-1,-1
59,30,576.984,290.282,55.680,135.668,0.839652,-1,-1,-1
59,33,87.312,120.114,50.316,118.377,0.836877,-1,-1,-1
59,18,1186.760,27.893,43.665,126.469,0.836092,-1,-1,-1
59,27,1278.362,0.000,43.990,114.334,0.833290,-1,-1,-1
59,44,980.189,0.152,72.301,40.538,0.833145,-1,-1,-1
59,16,798.354,50.458,35.562,125.691,0.833102,-1,-1,-1
59,22,905.466,17.990,38.751,121.404,0.832152,-1,-1,-1
59,6,371.605,0.000,46.482,71.132,0.831461,-1,-1,-1
59,19,1629.031,42.072,36.022,109.361,0.825924,-1,-1,-1
59,34,1339.048,0.000,47.041,114.107,0.822538,-1,-1,-1
59,40,338.254,481.419,66.756,153.078,0.820518,-1,-1,-1
59,28,991.991,192.405,58.542,153.266,0.819249,-1,-1,-1
59,26,1152.100,51.497,43.727,126.338,0.804502,-1,-1,-1
59,38,389.451,476.681,120.730,183.191,0.787637,-1,-1,-1
59,49,45.749,66.683,44.860,105.507,0.786715,-1,-1,-1
59,17,450.760,0.000,47.425,46.630,0.768460,-1,-1,-1
59,37,1886.972,149.149,32.973,121.678,0.753112,-1,-1,-1
59,46,1262.329,26.556,28.955,87.355,0.735596,-1,-1,-1
59,43,243.166,0.000,47.555,51.545,0.734314,-1,-1,-1
59,52,1886.759,0.000,31.991,23.569,0.719581,-1,-1,-1
59,36,1814.775,0.048,32.501,39.129,0.707422,-1,-1,-1
59,25,753.144,0.022,33.091,21.491,0.635323,-1,-1,-1
60,1,1554.938,540.543,83.250,171.993,0.891355,-1,-1,-1
60,9,1696.648,73.761,61.185,133.597,0.888689,-1,-1,-1
60,12,575.880,384.184,77.327,142.244,0.884671,-1,-1,-1
60,42,1720.901,470.141,77.850,178.251,0.884333,-1,-1,-1
60,11,1846.587,256.614,72.394,145.260,0.882896,-1,-1,-1
60,31,1745.396,169.925,67.900,141.732,0.882574,-1,-1,-1
60,8,683.680,399.839,69.340,175.930,0.877317,-1,-1,-1
60,15,918.188,281.959,60.510,145.529,0.877098,-1,-1,-1
60,32,1756.475,255.535,76.600,160.624,0.873566,-1,-1,-1
60,13,1097.498,128.709,54.227,115.522,0.871416,-1,-1,-1
60,3,181.745,650.521,90.977,187.548,0.868700,-1,-1,-1
60,4,1572.125,700.507,92.509,199.538,0.867986,-1,-1,-1
60,5,1174.902,743.460,76.873,191.379,0.867390,-1,-1,-1
60,20,1070.494,639.246,84.164,184.499,0.866592,-1,-1,-1
60,2,752.664,276.592,54.050,147.066,0.861865,-1,-1,-1
60,6,375.047,0.000,47.257,70.752,0.858209,-1,-1,-1
60,10,138.459,887.173,116.610,188.607,0.857895,-1,-1,-1
60,23,1167.125,345.536,56.274,133.140,0.857706,-1,-1,-1
60,21,856.029,60.020,48.939,123.425,0.853518,-1,-1,-1
60,14,1662.141,38.728,40.762,116.543,0.851095,-1,-1,-1
60,44,981.613,0.023,74.426,41.200,0.847978,-1,-1,-1
60,29,952.198,9.870,34.733,121.399,0.844798,-1,-1,-1
60,24,1382.645,39.171,37.608,134.316,0.843205,-1,-1,-1
60,7,709.028,105.705,50.013,134.247,0.841095,-1,-1,-1
60,27,1278.650,0.000,42.597,113.879,0.835602,-1,-1,-1
60,19,1629.217,42.727,37.221,108.592,0.833613,-1,-1,-1
60,22,905.582,18.982,38.494,120.371,0.833361,-1,-1,-1
60,16,798.560,50.210,35.421,125.619,0.833160,-1,-1,-1
60,18,1186.079,26.200,43.796,127.687,0.832153,-1,-1,-1
60,30,576.942,292.301,56.881,145.128,0.830280,-1,-1,-1
60,40,338.254,481.095,66.998,154.126,0.829763,-1,-1,-1
60,33,87.847,120.392,49.637,118.133,0.826876,-1,-1,-1
60,34,1339.096,0.000,45.094,112.831,0.823783,-1,-1,-1
60,50,1038.873,907.223,68.500,172.577,0.813653,-1,-1,-1
60,26,1151.884,49.720,44.453,126.038,0.806770,-1,-1,-1
60,38,390.443,476.747,119.755,182.897,0.804170,-1,-1,-1
60,37,1886.768,147.543,33.232,113.633,0.786080,-1,-1,-1
60,28,994.169,193.757,56.138,153.412,0.779919,-1,-1,-1
60,43,240.884,0.000,49.498,50.792,0.757651,-1,-1,-1
60,49,48.301,66.749,36.921,105.857,0.754042,-1,-1,-1
60,46,1263.454,27.235,27.552,86.250,0.742666,-1,-1,-1
60,17,447.890,0.000,53.774,48.594,0.733933,-1,-1,-1
60,36,1814.880,0.030,30.861,38.840,0.721996,-1,-1,-1
60,52,1887.310,0.000,31.227,23.728,0.719247,-1,-1,-1
60,25,756.341,0.023,31.301,20.695,0.664703,-1,-1,-1
61,1,1558.272,543.353,81.846,168.497,0.890401,-1,-1,-1
61,9,1698.072,74.447,60.528,133.427,0.884033,-1,-1,-1
61,31,1747.064,171.389,66.598,140.018,0.881929,-1,-1,-1
61,42,1720.997,466.474,75.932,174.750,0.881523,-1,-1,-1
61,15,917.601,282.674,60.780,144.281,0.876705,-1,-1,-1
61,12,576.131,385.601,76.037,146.791,0.876419,-1,-1,-1
61,4,1574.233,705.691,93.401,199.382,0.875851,-1,-1,-1
61,32,1760.061,256.955,75.131,159.590,0.873638,-1,-1,-1
61,8,684.465,397.770,68.852,176.571,0.872670,-1,-1,-1
61,13,1097.410,130.061,54.634,116.579,0.872415,-1,-1,-1
61,11,1847.734,254.654,71.935,148.289,0.871296,-1,-1,-1
61,5,1170.983,744.811,78.559,197.207,0.864086,-1,-1,-1
61,6,376.787,0.000,49.887,70.522,0.860670,-1,-1,-1
61,23,1167.761,344.015,56.331,133.655,0.859903,-1,-1,-1
61,2,752.609,274.847,53.791,148.523,0.857355,-1,-1,-1
61,10,140.766,888.254,114.222,187.263,0.857164,-1,-1,-1
61,7,709.056,102.934,50.056,132.197,0.856165,-1,-1,-1
61,3,179.812,654.291,92.672,193.728,0.852836,-1,-1,-1
61,21,856.415,59.996,48.732,123.244,0.852694,-1,-1,-1
61,14,1662.197,39.265,41.749,116.542,0.852417,-1,-1,-1
61,44,984.139,0.128,72.757,41.654,0.850183,-1,-1,-1
61,20,1069.589,635.129,83.368,180.816,0.848432,-1,-1,-1
61,24,1382.835,38.912,37.456,134.399,0.844942,-1,-1,-1
61,29,953.797,8.481,34.155,120.313,0.843807,-1,-1,-1
61,50,1037.855,901.865,66.472,177.827,0.833285,-1,-1,-1
61,19,1629.203,43.334,37.484,109.514,0.833280,-1,-1,-1
61,27,1278.459,0.000,41.921,112.753,0.833132,-1,-1,-1
61,22,905.289,20.130,38.767,119.815,0.833048,-1,-1,-1
61,16,798.768,50.037,35.189,125.528,0.831922,-1,-1,-1
61,40,338.769,480.931,65.233,153.229,0.828446,-1,-1,-1
61,30,577.286,294.267,56.292,135.739,0.827353,-1,-1,-1
61,18,1185.855,25.133,43.677,128.711,0.825179,-1,-1,-1
61,34,1338.561,0.000,44.439,112.754,0.823543,-1,-1,-1
61,33,87.458,113.900,50.317,124.466,0.818429,-1,-1,-1
61,38,390.083,476.838,120.244,182.531,0.802516,-1,-1,-1
61,26,1152.421,47.619,43.063,125.978,0.791113,-1,-1,-1
61,43,241.587,0.000,48.101,51.934,0.788386,-1,-1,-1
61,28,996.173,195.808,53.744,153.040,0.783641,-1,-1,-1
61,37,1886.912,146.879,33.057,119.944,0.776977,-1,-1,-1
61,17,451.901,0.046,51.547,49.266,0.756281,-1,-1,-1
61,46,1262.429,25.995,28.919,87.084,0.739914,-1,-1,-1
61,49,51.571,66.467,36.731,105.430,0.706717,-1,-1,-1
61,52,1887.575,0.000,31.587,23.447,0.705665,-1,-1,-1
61,36,1814.757,0.020,31.003,38.958,0.670456,-1,-1,-1
61,25,757.602,0.000,29.314,18.533,0.657862,-1,-1,-1
62,1,1560.720,546.144,82.120,165.366,0.884808,-1,-1,-1
62,42,1721.240,463.590,73.819,167.581,0.879926,-1,-1,-1
62,31,1747.791,173.789,66.053,144.401,0.877528,-1,-1,-1
62,15,917.224,283.469,60.668,143.105,0.876623,-1,-1,-1
62,9,1699.690,74.886,60.068,132.672,0.875635,-1,-1,-1
62,11,1848.924,259.378,70.809,144.137,0.874275,-1,-1,-1
62,13,1097.632,131.218,54.223,115.466,0.872650,-1,-1,-1
62,4,1577.486,710.897,92.518,201.242,0.870879,-1,-1,-1
62,32,1761.161,262.945,75.901,153.214,0.870625,-1,-1,-1
62,8,684.851,395.607,68.638,177.910,0.868932,-1,-1,-1
62,12,574.878,386.727,76.457,152.412,0.866435,-1,-1,-1
62,6,377.651,0.000,53.468,70.258,0.865120,-1,-1,-1
62,3,179.579,658.503,92.129,198.976,0.860660,-1,-1,-1
62,5,1167.296,746.097,79.588,201.214,0.859479,-1,-1,-1
62,20,1069.540,631.079,82.016,173.848,0.858589,-1,-1,-1
62,23,1167.909,342.386,56.954,134.546,0.857747,-1,-1,-1
62,2,752.312,273.597,53.547,149.610,0.856350,-1,-1,-1
62,44,986.570,0.047,71.718,42.583,0.855758,-1,-1,-1
62,14,1662.616,39.888,42.402,116.811,0.855124,-1,-1,-1
62,7,709.840,100.924,48.617,130.103,0.854252,-1,-1,-1
62,10,142.858,889.448,111.860,185.823,0.852319,-1,-1,-1
62,21,856.806,59.974,48.340,122.967,0.850604,-1,-1,-1
62,50,1032.534,896.976,70.856,183.024,0.847791,-1,-1,-1
62,24,1382.938,38.454,37.342,134.568,0.845546,-1,-1,-1
62,29,954.630,6.955,34.224,119.388,0.838224,-1,-1,-1
62,19,1629.288,43.953,38.108,110.448,0.837863,-1,-1,-1
62,27,1278.798,0.000,41.173,112.621,0.837341,-1,-1,-1
62,16,798.762,49.707,35.309,125.642,0.831400,-1,-1,-1
62,22,905.376,21.626,38.618,122.088,0.828924,-1,-1,-1
62,33,88.122,110.131,49.854,128.162,0.827362,-1,-1,-1
62,40,338.691,480.464,65.569,154.173,0.822317,-1,-1,-1
62,18,1185.679,24.512,43.826,128.820,0.821713,-1,-1,-1
62,34,1337.093,0.000,45.122,112.524,0.821557,-1,-1,-1
62,30,577.348,296.451,57.899,148.593,0.819158,-1,-1,-1
62,28,994.738,198.752,55.046,153.388,0.806577,-1,-1,-1
62,38,390.101,476.498,120.095,182.741,0.802130,-1,-1,-1
62,26,1152.890,45.734,44.236,125.759,0.794547,-1,-1,-1
62,37,1886.763,147.117,33.214,116.722,0.781118,-1,-1,-1
62,43,240.223,0.000,50.210,54.607,0.771893,-1,-1,-1
62,46,1262.188,24.836,29.317,87.956,0.735760,-1,-1,-1
62,17,453.384,0.000,51.041,48.236,0.723988,-1,-1,-1
62,49,54.737,66.368,43.190,105.252,0.710804,-1,-1,-1
62,52,1888.200,0.000,31.059,23.281,0.704942,-1,-1,-1
62,36,1814.838,0.030,30.318,38.144,0.672997,-1,-1,-1
62,25,757.312,0.000,29.948,15.060,0.582217,-1,-1,-1
63,1,1564.282,552.750,82.882,171.941,0.891821,-1,-1,-1
63,42,1720.695,456.998,70.909,172.608,0.881582,-1,-1,-1
63,9,1702.602,76.104,59.583,131.423,0.878582,-1,-1,-1
63,4,1581.563,718.009,94.859,199.772,0.877105,-1,-1,-1
63,31,1747.475,178.336,67.008,145.981,0.874338,-1,-1,-1
63,5,1161.554,750.921,89.735,203.695,0.874083,-1,-1,-1
63,13,1099.527,132.465,51.824,114.471,0.870609,-1,-1,-1
63,15,915.353,286.029,62.153,142.742,0.869884,-1,-1,-1
63,10,145.698,891.570,109.580,184.449,0.867684,-1,-1,-1
63,11,1853.781,258.956,66.097,144.097,0.865655,-1,-1,-1
63,32,1765.454,268.408,75.599,154.310,0.865330,-1,-1,-1
63,2,750.899,269.853,53.897,150.102,0.864751,-1,-1,-1
63,50,1026.970,885.068,73.973,184.107,0.863550,-1,-1,-1
63,3,177.433,669.150,94.647,194.293,0.863253,-1,-1,-1
63,12,577.047,391.584,71.889,151.672,0.860739,-1,-1,-1
63,8,686.120,389.390,66.065,176.480,0.858805,-1,-1,-1
63,6,384.603,0.000,53.591,68.941,0.858475,-1,-1,-1
63,23,1156.822,338.636,72.094,135.551,0.855121,-1,-1,-1
63,14,1662.550,40.993,44.459,116.862,0.854809,-1,-1,-1
63,21,858.824,59.667,46.779,122.556,0.849985,-1,-1,-1
63,20,1067.323,623.305,82.450,176.997,0.847749,-1,-1,-1
63,24,1382.661,37.398,38.077,134.732,0.844166,-1,-1,-1
63,19,1629.157,45.443,41.663,111.368,0.843972,-1,-1,-1
63,7,709.781,96.950,47.566,129.685,0.841741,-1,-1,-1
63,29,955.573,3.223,34.673,116.789,0.839678,-1,-1,-1
63,44,996.499,0.034,63.361,41.020,0.835134,-1,-1,-1
63,22,906.081,24.499,38.565,127.268,0.832793,-1,-1,-1
63,18,1184.773,23.023,44.390,130.173,0.827902,-1,-1,-1
63,27,1278.148,0.000,40.499,112.386,0.826988,-1,-1,-1
63,16,799.088,49.758,34.423,125.152,0.826731,-1,-1,-1
63,30,578.521,299.202,55.262,139.115,0.823232,-1,-1,-1
63,33,85.477,108.341,52.621,129.145,0.819557,-1,-1,-1
63,34,1336.888,0.000,45.132,111.134,0.818922,-1,-1,-1
63,40,338.865,480.154,67.077,153.515,0.814183,-1,-1,-1
63,26,1153.114,41.996,43.171,120.370,0.813151,-1,-1,-1
63,37,1885.812,149.328,34.188,116.268,0.810695,-1,-1,-1
63,38,390.100,474.365,119.539,184.553,0.807372,-1,-1,-1
63,28,997.605,199.319,52.810,153.231,0.770753,-1,-1,-1
63,49,63.852,66.039,31.864,104.048,0.770703,-1,-1,-1
63,17,460.605,0.018,44.619,45.776,0.762752,-1,-1,-1
63,46,1263.415,26.698,29.158,85.397,0.734778,-1,-1,-1
63,43,242.915,0.000,45.497,59.018,0.712025,-1,-1,-1
63,52,1889.600,0.000,29.938,23.407,0.706785,-1,-1,-1
63,36,1813.915,0.000,53.373,37.912,0.508179,-1,-1,-1
63,25,761.221,0.024,25.675,9.618,0.393569,-1,-1,-1
64,1,1566.220,556.764,83.202,181.136,0.890160,-1,-1,-1
64,42,1721.153,454.750,68.549,174.427,0.882065,-1,-1,-1
64,4,1583.194,721.604,95.951,195.757,0.881817,-1,-1,-1
64,9,1704.020,76.937,58.841,130.603,0.876114,-1,-1,-1
64,5,1158.361,753.555,90.273,203.352,0.873131,-1,-1,-1
64,15,915.781,287.690,61.963,147.745,0.872051,-1,-1,-1
64,50,1025.198,880.700,74.740,175.341,0.871048,-1,-1,-1
64,3,177.032,672.587,94.847,197.598,0.868807,-1,-1,-1
64,10,148.028,892.616,107.294,183.816,0.865065,-1,-1,-1
64,13,1102.051,132.492,49.202,113.241,0.865061,-1,-1,-1
64,12,573.531,394.684,74.198,151.597,0.864811,-1,-1,-1
64,23,1162.741,336.159,67.552,136.486,0.864712,-1,-1,-1
64,2,749.888,268.320,53.706,150.064,0.863204,-1,-1,-1
64,32,1764.415,270.921,78.100,158.619,0.862836,-1,-1,-1
64,11,1856.890,260.977,63.110,140.482,0.862197,-1,-1,-1
64,8,687.160,385.590,64.965,176.654,0.861731,-1,-1,-1
64,31,1748.049,180.887,66.687,147.721,0.859057,-1,-1,-1
64,20,1065.930,620.168,82.210,180.384,0.856772,-1,-1,-1
64,14,1663.549,41.895,44.306,116.983,0.852409,-1,-1,-1
64,19,1629.343,46.179,42.583,111.160,0.846089,-1,-1,-1
64,21,861.289,59.985,44.524,121.251,0.845683,-1,-1,-1
64,7,709.024,94.475,47.225,131.795,0.845114,-1,-1,-1
64,24,1382.782,37.254,37.819,134.808,0.844261,-1,-1,-1
64,29,956.256,1.825,34.667,115.386,0.843995,-1,-1,-1
64,6,385.455,0.000,54.581,67.373,0.842450,-1,-1,-1
64,22,906.037,26.046,38.939,127.209,0.838124,-1,-1,-1
64,44,1004.171,0.000,56.169,41.245,0.834556,-1,-1,-1
64,18,1185.101,21.907,43.827,131.384,0.827673,-1,-1,-1
64,16,799.053,49.476,34.492,125.474,0.827629,-1,-1,-1
64,30,579.142,300.557,55.484,143.808,0.826982,-1,-1,-1
64,34,1336.781,0.000,43.984,111.048,0.821604,-1,-1,-1
64,27,1276.152,0.000,41.548,112.093,0.817930,-1,-1,-1
64,40,339.134,479.976,66.231,154.045,0.816684,-1,-1,-1
64,38,390.424,474.231,119.391,184.270,0.815338,-1,-1,-1
64,26,1153.265,40.259,41.776,119.965,0.812509,-1,-1,-1
64,37,1885.536,154.325,34.464,113.558,0.810147,-1,-1,-1
64,33,87.085,105.668,51.238,131.823,0.805019,-1,-1,-1
64,28,1001.852,201.868,49.050,150.937,0.787537,-1,-1,-1
64,17,460.951,0.000,44.728,44.638,0.783784,-1,-1,-1
64,43,238.901,0.000,48.969,59.741,0.720148,-1,-1,-1
64,46,1264.123,26.116,26.530,85.711,0.709536,-1,-1,-1
64,49,65.483,65.124,49.652,105.540,0.692156,-1,-1,-1
64,52,1890.548,0.014,29.114,22.564,0.688909,-1,-1,-1
64,36,1814.485,0.043,40.130,37.060,0.429532,-1,-1,-1
65,1,1566.865,561.705,84.659,184.998,0.887290,-1,-1,-1
65,42,1718.723,452.433,68.652,176.485,0.877681,-1,-1,-1
65,9,1705.689,77.996,58.124,133.553,0.875703,-1,-1,-1
65,10,149.250,893.432,106.196,182.371,0.873647,-1,-1,-1
65,4,1584.948,725.376,96.912,193.553,0.873439,-1,-1,-1
65,3,176.092,678.252,95.396,199.125,0.872055,-1,-1,-1
65,15,915.381,290.112,62.958,151.043,0.871051,-1,-1,-1
65,23,1165.199,333.981,66.040,135.927,0.870517,-1,-1,-1
65,50,1024.646,875.079,73.368,171.435,0.869342,-1,-1,-1
65,11,1859.636,259.809,60.364,141.504,0.868250,-1,-1,-1
65,32,1770.209,273.872,74.083,161.505,0.867536,-1,-1,-1
65,12,572.751,396.344,74.359,154.962,0.866023,-1,-1,-1
65,31,1748.390,182.204,66.794,147.219,0.863021,-1,-1,-1
65,2,748.532,266.400,54.095,149.460,0.862930,-1,-1,-1
65,13,1104.013,132.657,47.381,112.504,0.859909,-1,-1,-1
65,8,688.589,381.629,63.425,174.273,0.857406,-1,-1,-1
65,7,706.868,93.404,49.725,132.529,0.854927,-1,-1,-1
65,20,1065.338,617.390,81.985,182.973,0.854787,-1,-1,-1
65,19,1629.517,46.759,43.999,111.057,0.850789,-1,-1,-1
65,5,1155.653,756.955,91.199,202.277,0.850691,-1,-1,-1
65,21,861.912,60.013,43.993,120.960,0.846511,-1,-1,-1
65,24,1383.144,37.018,37.551,134.862,0.845904,-1,-1,-1
65,14,1665.479,42.369,42.802,116.633,0.844744,-1,-1,-1
65,29,957.002,0.749,34.564,115.400,0.841624,-1,-1,-1
65,22,905.989,27.180,39.061,126.786,0.838529,-1,-1,-1
65,6,390.047,0.000,51.587,66.498,0.835135,-1,-1,-1
65,34,1336.132,0.000,43.448,110.850,0.832814,-1,-1,-1
65,30,579.619,301.433,54.516,141.270,0.827125,-1,-1,-1
65,18,1185.459,21.186,43.105,131.518,0.827095,-1,-1,-1
65,16,798.665,48.737,35.544,125.425,0.825743,-1,-1,-1
65,40,339.171,479.810,65.950,153.490,0.823057,-1,-1,-1
65,38,390.342,474.076,119.290,184.197,0.818172,-1,-1,-1
65,26,1153.205,38.500,41.262,120.149,0.815556,-1,-1,-1
65,37,1885.359,156.705,34.543,116.474,0.812596,-1,-1,-1
65,44,1013.124,0.019,47.009,40.739,0.809041,-1,-1,-1
65,27,1276.968,0.000,39.922,111.774,0.803048,-1,-1,-1
65,28,1001.564,202.458,50.175,149.895,0.788669,-1,-1,-1
65,17,464.448,0.039,41.461,43.622,0.786554,-1,-1,-1
65,33,89.523,102.108,48.883,135.304,0.749636,-1,-1,-1
65,46,1263.404,23.756,27.287,87.865,0.714206,-1,-1,-1
65,52,1890.851,0.000,28.652,22.226,0.708908,-1,-1,-1
65,43,240.025,0.000,48.972,60.544,0.707950,-1,-1,-1
65,49,68.675,64.283,48.290,105.787,0.660140,-1,-1,-1
65,36,1814.507,0.000,50.176,37.311,0.537769,-1,-1,-1
66,1,1568.123,565.982,86.076,187.970,0.880102,-1,-1,-1
66,42,1715.696,450.525,69.162,178.101,0.874407,-1,-1,-1
66,12,571.385,398.230,75.323,154.623,0.870784,-1,-1,-1
66,4,1588.315,728.579,96.591,190.500,0.870101,-1,-1,-1
66,23,1169.671,331.088,62.089,135.996,0.870058,-1,-1,-1
66,50,1023.951,869.875,71.967,175.360,0.869830,-1,-1,-1
66,20,1064.707,615.060,81.631,185.441,0.867652,-1,-1,-1
66,15,915.442,292.302,63.296,154.437,0.867097,-1,-1,-1
66,9,1707.980,79.168,56.926,136.435,0.866734,-1,-1,-1
66,8,688.011,378.127,64.447,171.913,0.866421,-1,-1,-1
66,10,150.098,894.537,106.223,180.316,0.866108,-1,-1,-1
66,3,174.579,681.347,96.053,198.709,0.865908,-1,-1,-1
66,2,747.480,263.704,54.105,148.651,0.861068,-1,-1,-1
66,13,1104.791,133.566,46.911,112.081,0.859994,-1,-1,-1
66,11,1862.955,260.772,57.031,140.630,0.859897,-1,-1,-1
66,7,705.800,91.651,50.734,133.986,0.854580,-1,-1,-1
66,5,1153.195,759.861,92.376,202.053,0.853751,-1,-1,-1
66,31,1748.849,184.498,67.612,150.698,0.853390,-1,-1,-1
66,32,1766.845,276.788,78.402,162.186,0.850225,-1,-1,-1
66,19,1630.384,47.448,44.544,110.662,0.848924,-1,-1,-1
66,24,1383.209,36.827,37.797,134.428,0.845624,-1,-1,-1
66,21,862.640,59.352,43.576,120.999,0.844598,-1,-1,-1
66,14,1667.941,42.311,41.497,116.340,0.837785,-1,-1,-1
66,29,957.834,0.000,34.482,115.884,0.837257,-1,-1,-1
66,22,905.542,27.709,39.913,126.880,0.836992,-1,-1,-1
66,34,1336.052,0.000,42.582,110.756,0.834787,-1,-1,-1
66,30,579.684,302.308,54.083,138.417,0.830316,-1,-1,-1
66,40,339.159,478.997,65.492,154.378,0.827580,-1,-1,-1
66,16,798.950,48.438,35.541,125.457,0.824099,-1,-1,-1
66,18,1185.363,19.458,43.193,132.750,0.816540,-1,-1,-1
66,26,1153.447,36.666,41.591,120.573,0.815258,-1,-1,-1
66,37,1884.719,158.222,35.179,117.132,0.808598,-1,-1,-1
66,38,389.925,474.177,120.293,183.900,0.798141,-1,-1,-1
66,27,1275.789,0.000,40.311,111.229,0.795485,-1,-1,-1
66,6,393.457,0.000,49.658,65.774,0.785166,-1,-1,-1
66,44,1020.984,0.060,38.836,40.242,0.781999,-1,-1,-1
66,28,1001.237,202.835,53.000,148.878,0.779490,-1,-1,-1
66,17,466.736,0.109,39.786,40.560,0.768164,-1,-1,-1
66,43,238.069,0.000,50.741,61.405,0.743629,-1,-1,-1
66,46,1263.410,23.691,27.334,87.714,0.711525,-1,-1,-1
66,49,70.111,61.788,64.058,114.366,0.711246,-1,-1,-1
66,52,1892.936,0.000,26.491,21.985,0.684941,-1,-1,-1
66,33,90.094,101.058,48.493,135.976,0.683476,-1,-1,-1
66,36,1814.293,0.001,49.760,36.863,0.519020,-1,-1,-1
67,42,1711.987,447.192,70.487,181.383,0.886450,-1,-1,-1
67,1,1570.014,570.772,86.462,185.423,0.881812,-1,-1,-1
67,4,1592.121,731.749,95.737,187.433,0.876214,-1,-1,-1
67,3,172.961,684.142,95.998,196.983,0.872630,-1,-1,-1
67,12,574.652,400.133,71.046,154.063,0.869264,-1,-1,-1
67,5,1151.150,762.651,89.620,199.893,0.868777,-1,-1,-1
67,15,915.432,294.469,63.466,156.344,0.868423,-1,-1,-1
67,32,1775.245,278.996,71.116,162.892,0.868200,-1,-1,-1
67,10,151.787,895.920,104.015,178.610,0.867079,-1,-1,-1
67,8,687.351,373.947,65.707,163.642,0.865507,-1,-1,-1
67,9,1709.411,80.574,56.006,137.922,0.864113,-1,-1,-1
67,20,1064.338,612.388,80.741,187.196,0.863044,-1,-1,-1
67,2,746.568,261.421,54.279,146.113,0.862905,-1,-1,-1
67,13,1105.369,134.291,46.651,111.055,0.862640,-1,-1,-1
67,50,1022.768,865.611,71.444,178.199,0.860810,-1,-1,-1
67,7,704.831,90.577,51.988,134.625,0.859175,-1,-1,-1
67,23,1170.745,328.581,60.968,132.019,0.854119,-1,-1,-1
67,11,1866.492,262.618,53.347,138.436,0.853160,-1,-1,-1
67,19,1630.300,47.425,46.078,111.152,0.851083,-1,-1,-1
67,24,1383.538,36.740,37.387,134.034,0.847836,-1,-1,-1
67,21,862.632,59.120,43.955,120.455,0.846958,-1,-1,-1
67,31,1749.243,186.037,67.151,152.163,0.844749,-1,-1,-1
67,29,958.444,0.000,34.693,115.986,0.843082,-1,-1,-1
67,14,1667.869,42.152,42.135,116.115,0.839830,-1,-1,-1
67,30,580.195,303.659,54.504,132.499,0.839357,-1,-1,-1
67,34,1335.824,0.000,41.594,110.231,0.834067,-1,-1,-1
67,22,905.253,29.237,40.011,125.435,0.831615,-1,-1,-1
67,16,798.895,48.263,35.626,125.308,0.828395,-1,-1,-1
67,40,339.330,478.721,65.779,154.449,0.826578,-1,-1,-1
67,18,1184.811,17.511,43.693,133.087,0.820290,-1,-1,-1
67,26,1153.875,34.754,41.887,121.457,0.818825,-1,-1,-1
67,38,389.277,473.755,120.910,183.849,0.814824,-1,-1,-1
67,37,1883.656,160.416,36.284,115.233,0.814270,-1,-1,-1
67,6,401.489,0.177,42.674,61.824,0.811036,-1,-1,-1
67,28,1002.093,203.085,54.477,147.295,0.797993,-1,-1,-1
67,27,1275.747,0.000,39.774,111.059,0.797065,-1,-1,-1
67,17,470.330,0.003,36.361,36.418,0.788868,-1,-1,-1
67,43,237.900,0.094,50.140,62.147,0.776528,-1,-1,-1
67,44,1030.846,0.080,34.809,39.587,0.718133,-1,-1,-1
67,46,1229.589,20.148,60.206,90.632,0.703615,-1,-1,-1
67,49,73.746,61.292,51.227,105.609,0.679384,-1,-1,-1
67,52,1895.652,0.030,23.970,21.931,0.674206,-1,-1,-1
67,33,85.876,101.954,52.944,134.632,0.666871,-1,-1,-1
67,36,1814.238,0.024,43.090,36.564,0.435883,-1,-1,-1
68,4,1596.871,737.857,97.804,180.186,0.889963,-1,-1,-1
68,42,1703.869,442.317,75.066,183.817,0.884824,-1,-1,-1
68,1,1572.040,579.139,90.002,188.098,0.884401,-1,-1,-1
68,15,915.542,299.201,64.495,155.404,0.876308,-1,-1,-1
68,12,575.003,402.399,70.713,151.703,0.874289,-1,-1,-1
68,3,169.860,688.570,93.438,191.563,0.873151,-1,-1,-1
68,10,154.334,898.726,102.450,179.838,0.871327,-1,-1,-1
68,2,744.945,255.144,53.966,141.367,0.869745,-1,-1,-1
68,9,1710.357,82.826,56.226,138.778,0.868929,-1,-1,-1
68,7,703.897,88.092,52.867,135.640,0.867922,-1,-1,-1
68,5,1146.945,767.275,83.071,195.341,0.867742,-1,-1,-1
68,8,685.761,366.810,65.370,161.860,0.866146,-1,-1,-1
68,20,1062.870,607.025,79.495,191.824,0.864881,-1,-1,-1
68,13,1106.101,137.451,45.992,116.448,0.863705,-1,-1,-1
68,31,1750.524,188.243,68.679,150.632,0.863193,-1,-1,-1
68,50,1020.433,857.731,70.479,184.247,0.856783,-1,-1,-1
68,23,1175.774,322.251,55.686,126.550,0.850079,-1,-1,-1
68,19,1632.151,47.330,48.146,111.061,0.850011,-1,-1,-1
68,30,580.180,304.804,55.620,125.899,0.847517,-1,-1,-1
68,21,863.379,58.166,44.044,121.705,0.847088,-1,-1,-1
68,24,1383.613,36.323,37.611,134.032,0.846742,-1,-1,-1
68,32,1770.148,283.393,79.126,160.565,0.845717,-1,-1,-1
68,29,959.829,0.000,34.726,115.207,0.841824,-1,-1,-1
68,18,1185.297,13.337,42.751,133.270,0.838116,-1,-1,-1
68,22,904.866,29.438,40.134,124.961,0.836320,-1,-1,-1
68,28,1001.909,205.005,54.453,146.199,0.832404,-1,-1,-1
68,16,798.935,47.875,36.118,125.006,0.830638,-1,-1,-1
68,34,1335.782,0.000,41.059,108.845,0.828834,-1,-1,-1
68,40,339.702,478.056,65.468,154.413,0.826428,-1,-1,-1
68,11,1873.167,257.676,46.775,150.835,0.826331,-1,-1,-1
68,26,1154.053,32.979,40.264,122.883,0.819932,-1,-1,-1
68,37,1882.934,162.295,37.066,115.294,0.815547,-1,-1,-1
68,38,387.062,473.370,122.235,183.721,0.811799,-1,-1,-1
68,27,1273.903,0.000,40.319,110.362,0.809781,-1,-1,-1
68,14,1672.543,41.522,39.035,116.923,0.803806,-1,-1,-1
68,43,237.087,0.033,50.835,62.068,0.789142,-1,-1,-1
68,6,403.116,0.095,44.164,56.083,0.752302,-1,-1,-1
68,17,479.373,0.084,29.835,32.597,0.732059,-1,-1,-1
68,46,1262.583,26.155,27.576,84.057,0.717173,-1,-1,-1
68,49,77.954,58.562,60.558,177.897,0.683270,-1,-1,-1
68,44,1039.518,0.017,39.007,39.813,0.676662,-1,-1,-1
68,36,1812.831,0.000,56.720,35.938,0.539289,-1,-1,-1
68,52,1899.451,0.049,20.413,23.710,0.498917,-1,-1,-1
68,33,88.844,122.274,49.754,113.702,0.416522,-1,-1,-1
69,1,1577.165,582.528,86.359,184.384,0.888681,-1,-1,-1
69,4,1598.576,741.241,100.545,176.247,0.885081,-1,-1,-1
69,42,1701.647,439.782,75.499,184.266,0.881011,-1,-1,-1
69,31,1751.499,189.878,68.799,149.381,0.876918,-1,-1,-1
69,15,915.769,300.821,67.144,154.898,0.874796,-1,-1,-1
69,12,574.312,403.740,71.422,149.846,0.873520,-1,-1,-1
69,8,687.479,364.238,63.472,164.034,0.872843,-1,-1,-1
69,2,744.227,252.818,53.907,140.031,0.871747,-1,-1,-1
69,5,1144.949,769.583,82.422,192.115,0.867647,-1,-1,-1
69,9,1711.351,84.456,55.308,137.621,0.867528,-1,-1,-1
69,3,168.381,691.193,92.789,188.437,0.865667,-1,-1,-1
69,13,1106.334,139.383,45.980,117.343,0.865221,-1,-1,-1
69,7,703.722,86.285,52.671,134.879,0.863687,-1,-1,-1
69,20,1061.969,602.931,79.267,193.317,0.860778,-1,-1,-1
69,10,155.060,900.250,103.404,176.889,0.860398,-1,-1,-1
69,50,1020.476,853.435,69.191,189.041,0.860302,-1,-1,-1
69,23,1174.509,320.654,56.547,125.589,0.857702,-1,-1,-1
69,30,579.875,305.736,56.296,125.991,0.854494,-1,-1,-1
69,32,1770.839,285.087,79.855,159.728,0.852783,-1,-1,-1
69,21,863.655,57.706,42.948,121.268,0.845141,-1,-1,-1
69,24,1383.453,35.695,37.910,134.430,0.844712,-1,-1,-1
69,29,960.500,0.000,34.903,114.981,0.841880,-1,-1,-1
69,34,1334.750,0.000,40.572,108.381,0.839564,-1,-1,-1
69,19,1632.764,47.342,49.110,110.954,0.838616,-1,-1,-1
69,22,905.314,29.794,39.438,124.411,0.836729,-1,-1,-1
69,16,798.766,47.643,36.121,125.048,0.833297,-1,-1,-1
69,18,1185.472,11.436,42.430,131.697,0.830140,-1,-1,-1
69,28,1001.542,206.456,54.214,146.426,0.827382,-1,-1,-1
69,37,1882.507,163.016,37.493,114.469,0.826556,-1,-1,-1
69,11,1875.194,263.388,44.767,150.596,0.825056,-1,-1,-1
69,40,339.661,477.786,65.170,154.869,0.823537,-1,-1,-1
69,38,388.676,473.293,120.515,183.478,0.821921,-1,-1,-1
69,26,1153.966,32.157,41.067,123.051,0.819307,-1,-1,-1
69,14,1672.807,41.226,39.539,116.999,0.811497,-1,-1,-1
69,43,237.211,0.030,50.074,61.786,0.798029,-1,-1,-1
69,27,1273.454,0.000,40.638,109.847,0.773158,-1,-1,-1
69,46,1261.578,18.733,29.690,91.046,0.733347,-1,-1,-1
69,54,1172.393,1001.469,95.933,78.531,0.691963,-1,-1,-1
69,44,1040.190,0.090,41.983,38.963,0.691733,-1,-1,-1
69,49,68.222,58.189,70.475,178.872,0.646360,-1,-1,-1
69,17,481.245,0.156,28.827,31.728,0.644343,-1,-1,-1
69,6,404.713,0.000,43.782,54.251,0.643514,-1,-1,-1
69,36,1812.868,0.000,56.391,35.365,0.564203,-1,-1,-1
69,53,0.000,489.643,29.418,165.456,0.547602,-1,-1,-1
69,52,1901.349,0.016,18.637,25.932,0.460568,-1,-1,-1
70,42,1701.504,436.784,73.731,183.386,0.880510,-1,-1,-1
70,1,1580.091,586.384,84.674,180.920,0.878327,-1,-1,-1
70,4,1599.862,745.263,101.375,187.712,0.877259,-1,-1,-1
70,31,1751.195,190.455,69.821,148.228,0.877158,-1,-1,-1
70,12,573.955,405.892,72.348,147.874,0.873656,-1,-1,-1
70,15,916.295,302.161,64.726,154.169,0.873292,-1,-1,-1
70,5,1142.868,771.311,78.283,189.291,0.872737,-1,-1,-1
70,2,743.316,250.123,54.412,140.818,0.871377,-1,-1,-1
70,10,156.933,901.782,101.880,177.328,0.869795,-1,-1,-1
70,9,1711.590,85.811,55.206,137.759,0.868235,-1,-1,-1
70,3,166.463,694.044,91.185,185.489,0.867400,-1,-1,-1
70,13,1106.427,141.577,46.219,116.779,0.866280,-1,-1,-1
70,8,686.308,361.739,65.231,166.418,0.865860,-1,-1,-1
70,20,1060.994,599.588,81.183,192.624,0.863971,-1,-1,-1
70,23,1173.125,318.622,58.254,125.915,0.863586,-1,-1,-1
70,7,703.662,84.435,52.005,135.213,0.860564,-1,-1,-1
70,50,1020.333,849.802,69.352,192.480,0.859953,-1,-1,-1
70,30,579.899,307.029,56.656,122.837,0.856889,-1,-1,-1
70,24,1383.510,35.627,37.816,134.261,0.845486,-1,-1,-1
70,21,863.776,57.371,42.992,121.224,0.844141,-1,-1,-1
70,29,960.722,0.000,35.168,114.261,0.842809,-1,-1,-1
70,19,1633.737,47.492,49.200,110.620,0.842587,-1,-1,-1
70,33,87.784,57.842,50.781,177.426,0.840880,-1,-1,-1
70,32,1771.244,287.129,80.561,157.420,0.838375,-1,-1,-1
70,34,1330.292,0.000,44.883,108.087,0.837583,-1,-1,-1
70,14,1673.203,41.603,40.018,115.568,0.833136,-1,-1,-1
70,16,798.940,47.575,35.990,124.831,0.833117,-1,-1,-1
70,37,1882.534,163.909,37.466,113.476,0.831829,-1,-1,-1
70,22,905.157,30.168,39.618,124.073,0.829902,-1,-1,-1
70,40,339.674,477.643,64.973,154.288,0.829513,-1,-1,-1
70,38,389.990,472.614,119.107,183.856,0.827193,-1,-1,-1
70,28,1001.612,208.603,54.453,150.050,0.822674,-1,-1,-1
70,11,1876.211,267.043,43.727,151.556,0.822578,-1,-1,-1
70,18,1185.284,10.116,43.200,127.837,0.820233,-1,-1,-1
70,26,1153.681,31.568,41.410,123.053,0.810709,-1,-1,-1
70,43,236.597,0.000,50.876,61.666,0.804624,-1,-1,-1
70,27,1272.499,0.000,40.490,109.672,0.789568,-1,-1,-1
70,54,1167.132,996.233,106.517,83.767,0.718288,-1,-1,-1
70,46,1262.047,24.384,28.034,85.343,0.710724,-1,-1,-1
70,53,0.012,487.863,37.093,166.505,0.689989,-1,-1,-1
70,6,406.252,0.000,43.939,53.633,0.631907,-1,-1,-1
70,36,1812.969,0.000,56.183,35.291,0.548236,-1,-1,-1
70,44,1039.823,0.000,51.684,38.687,0.502955,-1,-1,-1
70,17,485.102,0.075,27.582,31.700,0.490301,-1,-1,-1
71,31,1751.107,191.052,70.781,147.805,0.878375,-1,-1,-1
71,42,1700.765,434.109,73.526,181.879,0.878227,-1,-1,-1
71,12,573.519,407.825,73.529,145.330,0.878156,-1,-1,-1
71,1,1582.412,589.272,85.504,178.641,0.877336,-1,-1,-1
71,15,917.329,303.617,64.141,152.835,0.874381,-1,-1,-1
71,4,1600.453,749.199,104.340,199.442,0.873958,-1,-1,-1
71,3,164.275,697.390,90.363,181.932,0.871747,-1,-1,-1
71,5,1140.061,774.072,74.310,186.899,0.869369,-1,-1,-1
71,2,742.677,247.877,54.430,142.669,0.868424,-1,-1,-1
71,10,157.075,905.057,102.123,174.161,0.866885,-1,-1,-1
71,8,687.622,359.692,64.338,168.210,0.865503,-1,-1,-1
71,9,1710.561,86.637,56.905,138.472,0.865256,-1,-1,-1
71,13,1107.342,143.538,45.822,117.112,0.864595,-1,-1,-1
71,30,579.729,308.375,56.899,121.938,0.859378,-1,-1,-1
71,7,703.737,82.638,51.065,133.134,0.857660,-1,-1,-1
71,23,1172.432,317.074,58.726,127.533,0.854761,-1,-1,-1
71,21,863.700,57.053,43.741,121.462,0.848862,-1,-1,-1
71,50,1019.659,844.917,67.841,194.877,0.848320,-1,-1,-1
71,24,1383.518,35.418,37.800,134.210,0.845231,-1,-1,-1
71,29,961.247,0.000,35.137,113.234,0.844736,-1,-1,-1
71,34,1326.453,0.000,47.535,108.160,0.844689,-1,-1,-1
71,19,1634.582,47.912,49.220,109.825,0.843747,-1,-1,-1
71,22,905.066,30.397,39.995,123.698,0.840610,-1,-1,-1
71,14,1676.676,41.944,37.129,115.173,0.838987,-1,-1,-1
71,32,1779.458,287.460,73.040,156.870,0.838819,-1,-1,-1
71,20,1059.915,595.086,80.923,193.151,0.838190,-1,-1,-1
71,33,89.716,57.129,48.911,177.662,0.834957,-1,-1,-1
71,38,389.676,472.691,119.884,183.378,0.834850,-1,-1,-1
71,37,1882.399,165.412,37.601,111.881,0.834621,-1,-1,-1
71,16,799.029,47.334,36.002,124.917,0.833661,-1,-1,-1
71,40,339.702,477.389,65.582,154.181,0.825664,-1,-1,-1
71,18,1184.471,8.178,43.945,125.317,0.823146,-1,-1,-1
71,11,1878.044,273.077,41.916,149.558,0.822304,-1,-1,-1
71,44,1040.021,0.109,59.752,37.993,0.820466,-1,-1,-1
71,26,1153.371,31.100,42.142,123.584,0.811968,-1,-1,-1
71,28,1001.228,210.232,54.353,153.799,0.810870,-1,-1,-1
71,27,1270.831,0.000,41.550,109.301,0.794474,-1,-1,-1
71,43,237.683,0.000,49.836,61.814,0.776431,-1,-1,-1
71,53,0.025,485.281,39.667,170.467,0.735590,-1,-1,-1
71,54,1167.277,993.565,114.627,86.435,0.721326,-1,-1,-1
71,6,405.564,0.009,49.231,51.534,0.715158,-1,-1,-1
71,46,1262.869,15.202,27.518,94.129,0.694020,-1,-1,-1
71,36,1813.528,0.035,46.752,34.592,0.405799,-1,-1,-1
71,17,475.187,0.024,38.670,31.039,0.342368,-1,-1,-1
72,12,572.853,408.096,75.263,144.867,0.884463,-1,-1,-1
72,31,1751.617,191.718,71.101,146.510,0.881000,-1,-1,-1
72,42,1699.660,431.021,72.831,178.639,0.879457,-1,-1,-1
72,1,1584.213,592.064,86.309,175.706,0.877750,-1,-1,-1
72,10,159.422,907.703,101.300,171.245,0.872968,-1,-1,-1
72,3,162.191,701.530,88.590,178.696,0.870471,-1,-1,-1
72,23,1170.775,315.595,61.130,128.931,0.868240,-1,-1,-1
72,15,917.846,304.878,64.084,151.524,0.868190,-1,-1,-1
72,8,687.655,357.322,64.193,169.937,0.865012,-1,-1,-1
72,2,742.276,246.033,54.205,143.830,0.863358,-1,-1,-1
72,13,1107.904,145.458,45.806,118.158,0.860531,-1,-1,-1
72,9,1710.329,87.467,57.564,138.027,0.859899,-1,-1,-1
72,30,579.684,309.803,57.812,120.343,0.855766,-1,-1,-1
72,5,1137.247,775.853,74.342,185.720,0.855076,-1,-1,-1
72,34,1322.454,0.000,51.155,107.768,0.854825,-1,-1,-1
72,7,704.407,80.820,50.343,131.645,0.854424,-1,-1,-1
72,50,1019.971,840.636,66.483,195.939,0.852448,-1,-1,-1
72,20,1058.588,590.884,81.819,189.792,0.848979,-1,-1,-1
72,21,863.679,56.358,45.112,122.027,0.848584,-1,-1,-1
72,19,1636.528,48.189,48.216,109.373,0.847881,-1,-1,-1
72,14,1678.102,42.249,36.956,114.426,0.846403,-1,-1,-1
72,24,1383.396,35.130,37.934,134.480,0.846184,-1,-1,-1
72,29,961.859,0.000,35.356,112.342,0.843917,-1,-1,-1
72,22,905.270,30.846,39.667,122.972,0.842367,-1,-1,-1
72,4,1603.989,754.911,101.779,207.713,0.842074,-1,-1,-1
72,40,339.740,477.202,65.372,154.352,0.834853,-1,-1,-1
72,16,799.072,47.338,36.149,124.737,0.834288,-1,-1,-1
72,44,1039.958,0.058,68.059,37.958,0.830935,-1,-1,-1
72,38,388.788,471.515,120.277,184.262,0.830662,-1,-1,-1
72,37,1882.609,165.237,37.391,111.948,0.827751,-1,-1,-1
72,32,1773.000,288.330,80.328,155.540,0.821204,-1,-1,-1
72,49,89.211,113.540,51.113,121.099,0.819662,-1,-1,-1
72,26,1153.006,31.430,42.780,122.941,0.819346,-1,-1,-1
72,18,1185.183,5.816,42.861,124.067,0.816491,-1,-1,-1
72,11,1878.875,271.556,41.117,153.328,0.815145,-1,-1,-1
72,28,997.387,213.182,57.451,155.805,0.800008,-1,-1,-1
72,33,93.998,57.278,49.550,105.749,0.798004,-1,-1,-1
72,43,240.402,0.015,46.740,61.885,0.786170,-1,-1,-1
72,53,0.000,479.710,49.682,183.071,0.777951,-1,-1,-1
72,27,1269.191,0.000,42.902,109.117,0.774396,-1,-1,-1
72,6,402.878,0.000,60.525,52.448,0.756894,-1,-1,-1
72,54,1167.363,994.012,110.830,85.988,0.751846,-1,-1,-1
72,46,1261.911,15.632,29.545,93.464,0.676580,-1,-1,-1
72,17,484.009,0.018,31.519,31.510,0.548041,-1,-1,-1
72,36,1812.506,0.014,68.630,34.956,0.472730,-1,-1,-1
73,31,1752.684,194.572,70.883,143.862,0.886747,-1,-1,-1
73,12,571.299,411.172,78.638,145.684,0.880329,-1,-1,-1
73,4,1606.767,765.462,103.358,202.422,0.877437,-1,-1,-1
73,23,1168.819,312.985,63.299,131.497,0.874757,-1,-1,-1
73,1,1584.747,598.950,92.402,168.259,0.874536,-1,-1,-1
73,42,1695.612,424.345,76.325,171.689,0.873286,-1,-1,-1
73,32,1773.738,291.734,82.049,152.375,0.872509,-1,-1,-1
73,10,160.563,912.262,101.759,167.055,0.870956,-1,-1,-1
73,15,918.427,306.900,64.266,149.459,0.867622,-1,-1,-1
73,3,159.401,710.272,89.433,194.517,0.864851,-1,-1,-1
73,2,741.354,242.767,54.134,147.153,0.864426,-1,-1,-1
73,13,1109.249,147.772,45.688,116.223,0.864047,-1,-1,-1
73,9,1710.688,88.543,58.684,136.265,0.858806,-1,-1,-1
73,30,579.767,314.252,58.064,117.693,0.858093,-1,-1,-1
73,20,1056.669,582.681,82.098,177.137,0.857876,-1,-1,-1
73,33,100.378,57.163,64.053,102.802,0.855892,-1,-1,-1
73,7,707.033,75.347,48.470,127.896,0.854918,-1,-1,-1
73,34,1318.511,0.000,53.095,107.283,0.853971,-1,-1,-1
73,5,1129.477,780.147,76.270,180.150,0.853391,-1,-1,-1
73,14,1680.258,42.805,36.339,113.267,0.852748,-1,-1,-1
73,29,963.863,0.000,34.503,110.619,0.850504,-1,-1,-1
73,19,1641.633,48.663,45.482,108.764,0.848659,-1,-1,-1
73,50,1019.689,830.036,64.831,198.274,0.845290,-1,-1,-1
73,24,1383.235,34.632,38.111,134.916,0.845091,-1,-1,-1
73,8,684.480,353.640,67.488,172.277,0.841027,-1,-1,-1
73,21,863.452,55.716,43.790,122.106,0.839876,-1,-1,-1
73,16,799.142,46.696,36.113,124.978,0.838569,-1,-1,-1
73,22,905.716,32.527,40.266,120.784,0.837808,-1,-1,-1
73,40,339.844,476.843,64.571,153.888,0.836978,-1,-1,-1
73,44,1040.853,0.135,75.480,37.594,0.836454,-1,-1,-1
73,38,389.787,470.900,120.128,184.357,0.831151,-1,-1,-1
73,37,1882.715,165.431,37.285,111.124,0.830862,-1,-1,-1
73,26,1152.294,27.964,42.238,123.667,0.828041,-1,-1,-1
73,18,1184.514,2.906,42.544,125.530,0.825912,-1,-1,-1
73,11,1881.375,280.535,38.581,149.395,0.819030,-1,-1,-1
73,28,1000.738,218.226,54.299,153.819,0.811718,-1,-1,-1
73,53,0.097,475.704,60.385,198.680,0.794730,-1,-1,-1
73,43,238.743,0.000,48.365,60.985,0.790841,-1,-1,-1
73,49,66.432,111.837,73.885,123.890,0.777551,-1,-1,-1
73,54,1169.638,981.420,106.652,98.577,0.775175,-1,-1,-1
73,27,1263.101,0.000,47.291,108.485,0.728532,-1,-1,-1
73,17,486.522,0.008,37.689,30.631,0.697325,-1,-1,-1
73,46,1255.757,10.213,37.393,97.971,0.602934,-1,-1,-1
73,36,1812.478,0.023,70.697,33.878,0.438091,-1,-1,-1
74,31,1753.930,196.575,70.113,147.836,0.888453,-1,-1,-1
74,4,1609.010,769.507,102.265,206.077,0.888365,-1,-1,-1
74,1,1587.316,603.328,92.556,166.498,0.884948,-1,-1,-1
74,10,161.033,914.179,102.426,164.969,0.880807,-1,-1,-1
74,42,1693.070,421.454,75.725,167.146,0.880482,-1,-1,-1
74,12,570.160,414.172,80.245,149.633,0.879723,-1,-1,-1
74,23,1167.771,311.578,64.168,132.228,0.878079,-1,-1,-1
74,2,741.130,241.463,54.312,147.714,0.867292,-1,-1,-1
74,15,918.717,307.480,64.570,148.595,0.866956,-1,-1,-1
74,13,1109.501,148.350,46.271,115.406,0.865192,-1,-1,-1
74,32,1789.758,293.221,67.387,149.821,0.864653,-1,-1,-1
74,3,158.367,714.585,90.523,203.599,0.862688,-1,-1,-1
74,30,579.722,316.683,58.065,116.034,0.860831,-1,-1,-1
74,20,1055.461,576.882,85.163,176.924,0.854682,-1,-1,-1
74,9,1715.219,88.916,54.586,136.029,0.854010,-1,-1,-1
74,5,1125.540,782.936,77.331,177.022,0.853625,-1,-1,-1
74,14,1680.558,42.989,37.348,113.350,0.852453,-1,-1,-1
74,29,964.340,0.060,34.465,108.646,0.851337,-1,-1,-1
74,33,103.307,57.371,67.895,101.789,0.850375,-1,-1,-1
74,34,1317.190,0.000,53.796,107.227,0.849979,-1,-1,-1
74,7,708.431,73.849,47.108,127.500,0.849374,-1,-1,-1
74,8,686.415,351.206,65.931,172.280,0.848232,-1,-1,-1
74,21,862.856,55.558,44.791,122.137,0.846528,-1,-1,-1
74,24,1383.822,34.327,37.454,134.773,0.845739,-1,-1,-1
74,44,1042.200,0.123,76.663,37.122,0.843942,-1,-1,-1
74,50,1018.214,825.414,65.351,194.545,0.843294,-1,-1,-1
74,19,1644.019,48.858,44.080,108.293,0.841223,-1,-1,-1
74,22,906.655,33.437,39.909,121.253,0.838639,-1,-1,-1
74,40,339.760,476.758,64.307,154.167,0.838207,-1,-1,-1
74,16,799.216,46.527,36.109,124.772,0.837980,-1,-1,-1
74,26,1151.474,25.996,42.550,123.516,0.834491,-1,-1,-1
74,53,0.097,493.130,62.129,183.317,0.831270,-1,-1,-1
74,37,1882.852,165.206,37.148,111.355,0.826765,-1,-1,-1
74,18,1183.951,1.322,42.464,127.371,0.824347,-1,-1,-1
74,28,1002.096,219.671,54.114,155.026,0.821760,-1,-1,-1
74,38,386.254,471.639,87.931,183.462,0.816901,-1,-1,-1
74,11,1881.070,282.081,38.917,150.589,0.810979,-1,-1,-1
74,43,239.463,0.000,47.363,60.308,0.789462,-1,-1,-1
74,54,1167.834,975.504,103.485,104.496,0.783000,-1,-1,-1
74,49,66.305,111.388,73.924,123.740,0.761424,-1,-1,-1
74,27,1221.276,0.000,88.713,108.594,0.761409,-1,-1,-1
74,6,394.501,0.000,87.788,50.795,0.693752,-1,-1,-1
74,17,487.926,0.009,40.383,30.650,0.665080,-1,-1,-1
74,46,1255.083,6.007,37.471,102.379,0.610292,-1,-1,-1
74,55,665.483,1033.311,98.421,46.604,0.591382,-1,-1,-1
74,36,1812.282,0.044,72.224,33.443,0.432880,-1,-1,-1
75,4,1611.116,776.420,100.562,205.222,0.898075,-1,-1,-1
75,31,1755.204,199.240,68.923,152.123,0.889870,-1,-1,-1
75,1,1591.116,607.818,91.759,176.914,0.887079,-1,-1,-1
75,32,1791.223,295.169,67.307,149.184,0.884313,-1,-1,-1
75,12,570.007,415.134,80.712,155.882,0.873457,-1,-1,-1
75,42,1690.747,417.624,76.508,167.738,0.873110,-1,-1,-1
75,15,919.380,308.739,64.310,146.685,0.872927,-1,-1,-1
75,23,1167.576,309.675,63.664,133.322,0.871381,-1,-1,-1
75,2,741.048,239.743,54.292,149.089,0.868629,-1,-1,-1
75,13,1109.801,149.071,46.613,114.717,0.867454,-1,-1,-1
75,20,1053.478,574.485,90.041,168.312,0.867373,-1,-1,-1
75,9,1713.730,89.507,56.472,134.969,0.862091,-1,-1,-1
75,10,161.057,916.651,104.536,162.146,0.860117,-1,-1,-1
75,5,1119.512,785.096,80.684,175.627,0.858302,-1,-1,-1
75,33,106.433,57.514,69.501,100.393,0.857221,-1,-1,-1
75,7,709.242,71.635,47.134,128.538,0.856889,-1,-1,-1
75,30,579.815,319.043,57.404,122.027,0.854132,-1,-1,-1
75,14,1680.539,43.836,37.927,114.183,0.854068,-1,-1,-1
75,50,1016.853,820.357,65.063,188.256,0.853976,-1,-1,-1
75,8,689.269,348.593,63.565,172.624,0.851346,-1,-1,-1
75,21,862.521,54.859,44.060,123.259,0.850583,-1,-1,-1
75,44,1045.373,0.107,74.714,37.039,0.849941,-1,-1,-1
75,29,965.106,0.000,34.362,107.316,0.849004,-1,-1,-1
75,24,1383.775,34.301,37.483,134.795,0.844676,-1,-1,-1
75,19,1647.326,50.220,42.161,108.834,0.840320,-1,-1,-1
75,34,1316.471,0.000,53.276,107.457,0.840017,-1,-1,-1
75,16,799.218,46.495,36.133,124.591,0.836611,-1,-1,-1
75,22,906.859,34.768,40.623,123.476,0.836270,-1,-1,-1
75,37,1882.995,165.735,37.005,112.107,0.834289,-1,-1,-1
75,40,339.618,476.479,64.401,153.789,0.831139,-1,-1,-1
75,18,1183.370,0.956,42.838,128.120,0.829883,-1,-1,-1
75,3,155.886,718.692,92.926,208.485,0.828135,-1,-1,-1
75,28,1002.585,221.239,52.905,155.168,0.827041,-1,-1,-1
75,26,1150.283,24.049,41.386,123.728,0.825246,-1,-1,-1
75,53,0.074,492.315,63.707,185.561,0.820268,-1,-1,-1
75,11,1882.179,282.657,37.821,149.834,0.816714,-1,-1,-1
75,38,386.282,471.226,83.630,183.740,0.812572,-1,-1,-1
75,54,1168.896,965.673,101.621,114.327,0.800833,-1,-1,-1
75,49,88.323,114.004,49.961,119.636,0.773599,-1,-1,-1
75,43,235.782,0.066,50.802,60.600,0.766738,-1,-1,-1
75,6,425.662,0.010,59.470,50.142,0.763267,-1,-1,-1
75,17,488.732,0.000,43.593,29.803,0.700351,-1,-1,-1
75,46,1261.502,0.000,47.230,107.893,0.696914,-1,-1,-1
75,55,663.565,1026.825,95.746,53.060,0.665925,-1,-1,-1
75,27,1250.807,6.267,40.685,101.810,0.510286,-1,-1,-1
75,56,417.541,470.693,92.504,159.361,0.467965,-1,-1,-1
75,36,1811.871,0.059,73.572,33.384,0.437407,-1,-1,-1
76,4,1613.041,780.043,101.147,204.997,0.891968,-1,-1,-1
76,1,1596.406,612.506,89.168,187.799,0.890095,-1,-1,-1
76,31,1756.643,202.469,67.983,151.651,0.881127,-1,-1,-1
76,32,1779.795,297.546,79.941,154.911,0.879527,-1,-1,-1
76,42,1687.153,415.733,76.371,166.824,0.878159,-1,-1,-1
76,12,569.443,418.887,81.589,157.522,0.878019,-1,-1,-1
76,15,919.441,309.911,64.242,145.355,0.875825,-1,-1,-1
76,23,1166.907,307.898,64.366,134.175,0.870858,-1,-1,-1
76,13,1109.874,149.893,48.095,113.572,0.868273,-1,-1,-1
76,2,740.880,237.846,54.222,150.382,0.865559,-1,-1,-1
76,7,709.534,70.383,48.197,129.307,0.858040,-1,-1,-1
76,5,1108.463,788.312,89.553,174.581,0.857781,-1,-1,-1
76,30,579.629,321.247,57.883,121.185,0.855970,-1,-1,-1
76,21,862.541,54.304,43.997,123.238,0.853472,-1,-1,-1
76,8,690.332,345.356,62.761,172.067,0.852436,-1,-1,-1
76,20,1053.456,570.691,86.855,171.161,0.851740,-1,-1,-1
76,14,1680.941,44.455,39.751,115.531,0.851247,-1,-1,-1
76,29,965.234,0.000,34.897,104.127,0.851146,-1,-1,-1
76,9,1715.269,89.749,54.995,134.680,0.851093,-1,-1,-1
76,33,106.575,57.610,72.253,101.121,0.850050,-1,-1,-1
76,50,1015.757,815.158,65.672,178.883,0.848021,-1,-1,-1
76,24,1383.621,34.028,37.722,134.867,0.842777,-1,-1,-1
76,34,1315.813,0.026,52.504,107.304,0.841813,-1,-1,-1
76,22,907.543,36.444,40.365,126.648,0.841152,-1,-1,-1
76,53,0.000,502.658,65.803,179.741,0.839696,-1,-1,-1
76,19,1649.212,50.930,40.938,110.035,0.839532,-1,-1,-1
76,10,162.620,919.485,103.889,159.058,0.839478,-1,-1,-1
76,16,799.222,46.238,36.089,124.643,0.837901,-1,-1,-1
76,18,1181.881,0.373,43.444,128.687,0.832700,-1,-1,-1
76,6,428.741,0.044,57.320,49.944,0.832201,-1,-1,-1
76,26,1149.101,21.853,41.543,121.671,0.830905,-1,-1,-1
76,40,339.719,476.348,65.066,153.879,0.829723,-1,-1,-1
76,3,154.590,724.643,93.692,213.296,0.828862,-1,-1,-1
76,37,1882.520,167.187,37.480,113.963,0.824663,-1,-1,-1
76,28,1002.299,222.518,54.548,154.069,0.823648,-1,-1,-1
76,44,1049.509,0.060,71.808,36.461,0.822678,-1,-1,-1
76,38,386.071,470.970,98.059,183.628,0.818399,-1,-1,-1
76,54,1167.605,959.759,102.333,120.241,0.814847,-1,-1,-1
76,11,1882.884,286.603,37.116,145.636,0.812990,-1,-1,-1
76,43,234.496,0.085,52.533,62.786,0.798880,-1,-1,-1
76,49,66.053,111.258,73.816,123.626,0.754837,-1,-1,-1
76,17,491.460,0.029,42.188,28.818,0.730507,-1,-1,-1
76,46,1272.764,0.000,35.548,108.042,0.702769,-1,-1,-1
76,55,659.612,1021.124,99.368,58.781,0.657663,-1,-1,-1
76,56,418.067,471.136,92.194,159.028,0.612622,-1,-1,-1
76,27,1249.059,5.726,41.642,102.382,0.588114,-1,-1,-1
76,36,1811.738,0.061,73.638,33.058,0.438411,-1,-1,-1
77,4,1614.816,784.930,101.271,200.284,0.897226,-1,-1,-1
77,31,1756.575,205.158,68.199,151.069,0.883342,-1,-1,-1
77,15,919.492,311.650,63.978,149.050,0.878148,-1,-1,-1
77,42,1680.361,414.046,80.799,168.230,0.875860,-1,-1,-1
77,1,1598.476,618.278,92.195,184.518,0.874315,-1,-1,-1
77,10,163.219,922.408,104.662,156.169,0.873182,-1,-1,-1
77,32,1786.680,300.316,73.765,159.343,0.873019,-1,-1,-1
77,12,569.600,421.201,81.903,158.431,0.871833,-1,-1,-1
77,20,1053.555,567.507,86.662,172.354,0.871517,-1,-1,-1
77,13,1109.010,150.616,49.052,112.939,0.870844,-1,-1,-1
77,2,740.668,236.384,54.134,149.966,0.866044,-1,-1,-1
77,5,1098.062,790.713,97.530,181.956,0.865313,-1,-1,-1
77,23,1166.907,305.084,60.321,135.071,0.864146,-1,-1,-1
77,30,579.186,323.076,57.665,119.802,0.862170,-1,-1,-1
77,50,1015.258,810.435,65.129,177.130,0.858965,-1,-1,-1
77,29,966.300,0.000,34.336,101.204,0.857066,-1,-1,-1
77,21,862.535,54.072,43.630,123.214,0.853147,-1,-1,-1
77,7,709.954,69.595,48.968,129.884,0.852171,-1,-1,-1
77,8,690.955,341.933,62.760,172.085,0.848235,-1,-1,-1
77,3,152.910,730.379,94.680,205.672,0.846614,-1,-1,-1
77,14,1680.909,45.310,41.586,115.590,0.846517,-1,-1,-1
77,22,908.425,37.659,39.966,127.913,0.843699,-1,-1,-1
77,9,1714.772,90.430,55.458,133.753,0.843421,-1,-1,-1
77,24,1383.591,34.038,37.746,134.670,0.842551,-1,-1,-1
77,34,1315.858,0.000,52.000,107.221,0.842280,-1,-1,-1
77,53,0.000,510.613,66.817,175.794,0.841332,-1,-1,-1
77,44,1055.952,0.083,65.653,35.167,0.840772,-1,-1,-1
77,19,1650.170,51.489,40.799,112.330,0.838612,-1,-1,-1
77,16,799.190,46.048,36.131,124.778,0.837022,-1,-1,-1
77,26,1147.815,19.983,42.306,120.370,0.836999,-1,-1,-1
77,33,107.608,56.928,72.110,101.379,0.836956,-1,-1,-1
77,54,1165.682,949.585,104.941,130.415,0.836237,-1,-1,-1
77,18,1181.961,0.077,42.616,128.693,0.830982,-1,-1,-1
77,40,339.759,476.339,64.834,153.851,0.830862,-1,-1,-1
77,28,1003.349,223.577,52.029,153.038,0.825260,-1,-1,-1
77,37,1882.240,169.302,37.760,116.232,0.822501,-1,-1,-1
77,6,429.200,0.053,58.493,48.820,0.821548,-1,-1,-1
77,43,233.269,0.145,53.901,65.074,0.817249,-1,-1,-1
77,38,385.904,470.807,95.659,183.775,0.814809,-1,-1,-1
77,11,1883.605,288.714,36.395,143.685,0.812653,-1,-1,-1
77,49,88.551,113.457,49.602,119.749,0.757877,-1,-1,-1
77,46,1260.217,0.000,47.350,107.562,0.752216,-1,-1,-1
77,17,492.308,0.000,40.958,27.107,0.748831,-1,-1,-1
77,55,658.492,1015.737,100.040,64.204,0.726131,-1,-1,-1
77,56,417.992,470.737,92.247,159.354,0.684332,-1,-1,-1
77,27,1249.354,6.629,40.315,101.073,0.550933,-1,-1,-1
77,36,1811.615,0.064,73.597,33.047,0.436665,-1,-1,-1
78,42,1667.048,410.365,89.849,173.039,0.890022,-1,-1,-1
78,31,1755.456,210.398,69.200,152.594,0.887782,-1,-1,-1
78,15,919.054,316.590,63.595,155.941,0.884656,-1,-1,-1
78,12,569.410,426.155,83.572,158.091,0.882190,-1,-1,-1
78,13,1106.753,153.711,52.355,112.084,0.870548,-1,-1,-1
78,10,162.907,927.022,104.760,152.258,0.868562,-1,-1,-1
78,1,1599.572,627.848,114.547,171.652,0.866605,-1,-1,-1
78,4,1619.200,793.661,100.503,193.650,0.864115,-1,-1,-1
78,8,693.815,335.135,59.741,163.537,0.861768,-1,-1,-1
78,30,577.924,326.077,58.780,116.024,0.859294,-1,-1,-1
78,50,1012.256,801.883,66.277,174.504,0.858965,-1,-1,-1
78,2,740.624,232.170,53.785,149.121,0.857989,-1,-1,-1
78,54,1167.683,923.322,105.074,156.678,0.857940,-1,-1,-1
78,20,1054.871,562.235,84.980,177.965,0.856787,-1,-1,-1
78,23,1167.519,300.528,56.177,132.541,0.856146,-1,-1,-1
78,21,861.857,53.856,43.849,123.224,0.855689,-1,-1,-1
78,33,117.373,56.232,65.495,101.211,0.850255,-1,-1,-1
78,29,966.972,0.000,34.892,98.075,0.850205,-1,-1,-1
78,9,1713.601,92.452,57.083,132.238,0.848663,-1,-1,-1
78,3,148.440,739.174,98.502,198.052,0.847313,-1,-1,-1
78,19,1650.590,52.439,43.486,115.441,0.846153,-1,-1,-1
78,32,1784.770,305.326,77.767,164.296,0.845692,-1,-1,-1
78,5,1085.839,797.346,103.251,188.909,0.845414,-1,-1,-1
78,24,1383.487,33.969,37.837,134.522,0.843221,-1,-1,-1
78,53,0.004,507.450,66.856,181.836,0.842869,-1,-1,-1
78,37,1880.848,172.504,39.135,119.220,0.841353,-1,-1,-1
78,26,1145.272,17.315,44.236,117.233,0.840407,-1,-1,-1
78,34,1315.802,0.000,49.982,106.859,0.839063,-1,-1,-1
78,18,1181.111,0.154,42.063,126.930,0.836202,-1,-1,-1
78,14,1680.089,47.018,44.555,116.462,0.835456,-1,-1,-1
78,16,799.137,45.986,36.059,124.528,0.834505,-1,-1,-1
78,22,910.311,40.636,39.614,126.908,0.833372,-1,-1,-1
78,40,340.058,476.354,64.353,153.569,0.832878,-1,-1,-1
78,7,710.271,67.974,50.169,131.435,0.831843,-1,-1,-1
78,28,1003.727,225.960,51.208,150.505,0.826212,-1,-1,-1
78,6,432.214,0.038,56.491,45.922,0.821890,-1,-1,-1
78,38,386.309,470.325,123.418,183.988,0.815027,-1,-1,-1
78,11,1885.815,286.645,34.185,145.880,0.799565,-1,-1,-1
78,43,234.692,0.000,53.451,69.217,0.785979,-1,-1,-1
78,49,75.039,112.356,63.516,120.689,0.743552,-1,-1,-1
78,44,1071.844,0.026,51.481,34.426,0.739324,-1,-1,-1
78,55,658.361,1006.048,103.252,73.930,0.738294,-1,-1,-1
78,17,496.239,0.000,38.252,23.343,0.736467,-1,-1,-1
78,56,418.719,469.824,91.259,158.635,0.691959,-1,-1,-1
78,27,1249.821,4.318,38.649,102.975,0.587118,-1,-1,-1
78,36,1811.865,0.006,75.625,33.108,0.435350,-1,-1,-1
79,42,1663.381,408.041,89.739,174.617,0.894628,-1,-1,-1
79,31,1754.852,212.911,70.126,155.642,0.892590,-1,-1,-1
79,15,918.631,319.054,63.746,157.458,0.880481,-1,-1,-1
79,54,1168.585,932.867,102.445,146.862,0.879870,-1,-1,-1
79,12,569.299,427.336,84.123,156.939,0.879688,-1,-1,-1
79,13,1105.456,154.948,54.432,116.263,0.869096,-1,-1,-1
79,20,1054.353,559.683,84.700,180.676,0.868718,-1,-1,-1
79,1,1600.656,632.906,95.057,180.953,0.868136,-1,-1,-1
79,10,163.090,928.275,104.923,151.361,0.866764,-1,-1,-1
79,4,1619.975,796.028,102.306,191.009,0.863863,-1,-1,-1
79,8,693.789,331.105,60.099,160.772,0.862377,-1,-1,-1
79,9,1712.692,93.358,57.989,133.961,0.861818,-1,-1,-1
79,3,145.466,743.316,100.503,194.859,0.858211,-1,-1,-1
79,21,861.791,53.676,43.980,123.518,0.854172,-1,-1,-1
79,19,1650.842,53.420,43.516,114.593,0.853310,-1,-1,-1
79,23,1167.690,298.227,62.546,129.153,0.852295,-1,-1,-1
79,2,740.212,229.688,53.997,148.935,0.851884,-1,-1,-1
79,50,1010.410,798.221,67.851,178.115,0.850884,-1,-1,-1
79,30,576.861,327.227,58.922,125.459,0.849314,-1,-1,-1
79,29,967.399,0.000,35.096,97.145,0.845160,-1,-1,-1
79,7,710.332,66.962,49.292,132.695,0.844873,-1,-1,-1
79,37,1880.698,173.148,39.292,120.196,0.843451,-1,-1,-1
79,5,1083.790,799.824,101.657,190.200,0.843119,-1,-1,-1
79,24,1383.541,33.725,37.785,134.683,0.842587,-1,-1,-1
79,53,0.000,503.918,67.093,185.522,0.842460,-1,-1,-1
79,34,1315.060,0.000,50.340,106.887,0.841860,-1,-1,-1
79,26,1144.170,15.816,44.194,117.739,0.841499,-1,-1,-1
79,22,910.378,41.462,39.534,128.802,0.836682,-1,-1,-1
79,32,1785.822,307.849,79.370,164.342,0.835468,-1,-1,-1
79,14,1680.153,47.554,45.698,115.623,0.834354,-1,-1,-1
79,18,1182.089,0.099,40.116,126.418,0.833105,-1,-1,-1
79,16,799.142,46.022,36.121,124.302,0.831687,-1,-1,-1
79,6,434.032,0.089,54.892,44.210,0.828084,-1,-1,-1
79,28,1004.863,226.199,50.847,150.164,0.827887,-1,-1,-1
79,40,339.654,476.115,64.747,153.770,0.827545,-1,-1,-1
79,33,105.585,54.728,76.898,102.864,0.820987,-1,-1,-1
79,38,385.736,470.422,124.223,183.927,0.803175,-1,-1,-1
79,49,65.512,111.060,73.306,122.809,0.801065,-1,-1,-1
79,11,1887.714,293.920,32.286,138.582,0.789018,-1,-1,-1
79,43,235.038,0.000,51.917,69.083,0.784450,-1,-1,-1
79,55,660.885,1000.720,101.273,79.255,0.751035,-1,-1,-1
79,17,500.175,0.000,34.696,20.034,0.676183,-1,-1,-1
79,56,417.197,469.848,92.883,159.235,0.670671,-1,-1,-1
79,44,1079.868,0.079,42.680,33.938,0.652802,-1,-1,-1
79,27,1248.685,2.812,41.125,104.348,0.542350,-1,-1,-1
79,36,1811.456,0.040,73.880,32.577,0.410379,-1,-1,-1
80,42,1661.646,406.039,88.728,176.546,0.894154,-1,-1,-1
80,12,569.440,429.806,84.479,155.556,0.894000,-1,-1,-1
80,31,1754.511,214.853,70.697,154.901,0.892240,-1,-1,-1
80,1,1600.715,637.041,98.310,177.379,0.887350,-1,-1,-1
80,54,1168.641,928.304,102.898,151.306,0.883353,-1,-1,-1
80,33,103.137,54.267,79.361,102.574,0.880881,-1,-1,-1
80,15,918.158,321.847,63.570,156.851,0.876140,-1,-1,-1
80,10,162.589,931.135,105.633,148.702,0.871983,-1,-1,-1
80,4,1621.461,799.121,103.452,187.994,0.870777,-1,-1,-1
80,13,1104.864,157.768,53.994,118.533,0.867556,-1,-1,-1
80,8,693.970,328.063,59.569,158.714,0.867402,-1,-1,-1
80,3,142.438,747.026,100.249,192.491,0.865860,-1,-1,-1
80,20,1054.900,558.427,83.928,181.476,0.865616,-1,-1,-1
80,5,1083.362,800.353,99.710,194.843,0.863190,-1,-1,-1
80,9,1713.065,95.133,57.561,136.205,0.861647,-1,-1,-1
80,49,65.695,111.005,72.809,122.501,0.853363,-1,-1,-1
80,21,861.636,53.647,43.748,123.570,0.851734,-1,-1,-1
80,19,1650.533,53.991,44.359,115.093,0.851049,-1,-1,-1
80,2,739.752,227.245,53.965,147.601,0.850458,-1,-1,-1
80,23,1168.051,295.585,55.171,127.559,0.849845,-1,-1,-1
80,29,967.442,0.020,36.010,96.719,0.846849,-1,-1,-1
80,50,1008.952,794.672,68.279,180.566,0.846178,-1,-1,-1
80,32,1787.220,311.489,79.696,164.190,0.845867,-1,-1,-1
80,22,910.072,42.599,41.098,128.691,0.845089,-1,-1,-1
80,53,0.000,504.055,66.783,185.177,0.840664,-1,-1,-1
80,30,576.471,328.152,58.645,139.447,0.840643,-1,-1,-1
80,24,1383.241,33.793,37.988,134.704,0.840333,-1,-1,-1
80,34,1313.650,0.000,50.675,106.508,0.839199,-1,-1,-1
80,26,1142.974,14.550,44.792,118.498,0.838729,-1,-1,-1
80,37,1880.006,175.726,39.994,118.112,0.837496,-1,-1,-1
80,7,710.618,66.358,50.054,133.165,0.837422,-1,-1,-1
80,14,1680.822,48.594,46.922,116.539,0.835279,-1,-1,-1
80,18,1181.234,0.000,40.177,126.014,0.830677,-1,-1,-1
80,16,799.175,46.074,36.056,124.207,0.830553,-1,-1,-1
80,28,1004.055,226.898,51.542,149.281,0.829935,-1,-1,-1
80,40,339.576,476.072,64.929,154.220,0.819124,-1,-1,-1
80,27,1239.565,0.000,65.234,107.105,0.818016,-1,-1,-1
80,6,438.557,0.010,50.493,41.021,0.814878,-1,-1,-1
80,43,234.320,0.219,52.279,69.921,0.809163,-1,-1,-1
80,38,385.832,469.760,124.085,184.426,0.796242,-1,-1,-1
80,11,1887.273,294.730,32.727,137.583,0.775464,-1,-1,-1
80,55,655.073,995.711,107.768,84.289,0.734156,-1,-1,-1
80,17,504.762,0.065,30.039,17.564,0.665579,-1,-1,-1
80,44,1089.814,0.073,34.576,34.974,0.534788,-1,-1,-1
80,36,1811.758,0.017,76.078,32.982,0.434219,-1,-1,-1
81,42,1660.085,403.995,88.888,178.252,0.889860,-1,-1,-1
81,12,569.392,432.124,85.020,153.330,0.888357,-1,-1,-1
81,31,1754.467,216.628,70.520,153.924,0.886904,-1,-1,-1
81,33,102.839,53.661,79.591,102.282,0.881363,-1,-1,-1
81,54,1169.283,918.901,102.649,160.676,0.879168,-1,-1,-1
81,15,917.477,324.809,63.744,156.894,0.877479,-1,-1,-1
81,10,163.577,933.096,105.120,146.793,0.875584,-1,-1,-1
81,4,1622.290,802.871,103.393,184.760,0.872034,-1,-1,-1
81,1,1603.245,640.897,99.985,178.745,0.871060,-1,-1,-1
81,5,1080.802,809.035,100.442,192.065,0.870596,-1,-1,-1
81,13,1104.063,160.256,54.296,119.403,0.868209,-1,-1,-1
81,3,140.204,750.181,99.709,190.293,0.864353,-1,-1,-1
81,8,693.008,325.603,60.743,159.386,0.863117,-1,-1,-1
81,20,1055.079,555.355,82.781,184.801,0.862635,-1,-1,-1
81,32,1789.275,313.459,79.727,164.849,0.860299,-1,-1,-1
81,30,576.283,329.008,58.790,122.303,0.858997,-1,-1,-1
81,2,739.510,224.978,53.759,142.949,0.858427,-1,-1,-1
81,50,1007.776,791.849,68.110,183.532,0.857104,-1,-1,-1
81,9,1713.596,96.761,57.074,138.399,0.855796,-1,-1,-1
81,19,1651.137,54.768,43.857,115.525,0.851711,-1,-1,-1
81,21,861.372,53.637,43.881,123.607,0.849187,-1,-1,-1
81,29,967.826,0.015,36.463,96.657,0.848060,-1,-1,-1
81,7,711.104,65.369,50.854,132.923,0.844642,-1,-1,-1
81,24,1383.364,33.846,37.747,134.670,0.843173,-1,-1,-1
81,22,910.687,43.412,42.286,128.306,0.842820,-1,-1,-1
81,53,0.000,500.404,66.093,188.723,0.841544,-1,-1,-1
81,34,1313.318,0.000,49.901,106.486,0.841045,-1,-1,-1
81,14,1680.876,49.224,48.170,115.936,0.840082,-1,-1,-1
81,26,1142.155,14.076,45.378,118.739,0.839349,-1,-1,-1
81,23,1168.968,292.599,54.277,126.182,0.839210,-1,-1,-1
81,37,1879.615,176.336,40.384,119.384,0.837020,-1,-1,-1
81,16,798.986,46.003,36.204,124.349,0.831947,-1,-1,-1
81,18,1179.953,0.000,40.236,125.323,0.830519,-1,-1,-1
81,28,1003.766,228.126,51.535,148.108,0.826340,-1,-1,-1
81,40,339.425,476.150,65.072,153.974,0.821576,-1,-1,-1
81,27,1253.355,0.000,48.921,107.443,0.817536,-1,-1,-1
81,43,233.729,0.186,52.686,71.058,0.809184,-1,-1,-1
81,38,386.184,469.101,123.509,184.880,0.805957,-1,-1,-1
81,6,444.041,0.000,44.169,39.112,0.802524,-1,-1,-1
81,49,66.518,111.464,71.369,121.091,0.791514,-1,-1,-1
81,55,661.140,990.788,105.164,88.835,0.773465,-1,-1,-1
81,11,1886.996,290.412,33.004,141.915,0.772307,-1,-1,-1
81,44,1097.316,0.024,33.523,35.706,0.733639,-1,-1,-1
81,36,1812.085,0.069,73.351,32.581,0.451948,-1,-1,-1
81,17,503.120,0.065,31.987,16.582,0.388275,-1,-1,-1
82,31,1754.180,217.966,71.311,152.559,0.890488,-1,-1,-1
82,42,1659.874,401.693,86.245,179.216,0.886113,-1,-1,-1
82,12,568.781,435.351,85.478,149.904,0.885391,-1,-1,-1
82,33,102.623,52.477,79.806,103.208,0.881625,-1,-1,-1
82,15,915.857,326.797,64.665,157.058,0.881338,-1,-1,-1
82,54,1171.470,919.521,101.602,160.416,0.876049,-1,-1,-1
82,5,1079.578,812.366,97.092,190.741,0.869956,-1,-1,-1
82,20,1055.732,552.509,80.915,187.547,0.867876,-1,-1,-1
82,32,1790.387,315.469,79.828,162.902,0.867658,-1,-1,-1
82,10,163.274,934.171,106.361,145.829,0.866808,-1,-1,-1
82,13,1103.741,162.200,54.420,119.660,0.866511,-1,-1,-1
82,4,1624.512,808.153,103.551,179.064,0.866229,-1,-1,-1
82,1,1606.854,643.449,99.445,181.225,0.864806,-1,-1,-1
82,2,739.106,222.016,54.235,142.231,0.861031,-1,-1,-1
82,8,692.760,322.854,61.277,162.057,0.859973,-1,-1,-1
82,50,1006.235,788.062,68.299,187.254,0.859631,-1,-1,-1
82,3,137.510,753.456,99.326,187.111,0.858775,-1,-1,-1
82,30,576.249,329.868,58.084,122.549,0.855130,-1,-1,-1
82,7,711.307,63.424,51.482,133.877,0.851529,-1,-1,-1
82,19,1651.741,55.564,43.609,115.248,0.850843,-1,-1,-1
82,9,1713.870,98.831,56.890,139.864,0.850125,-1,-1,-1
82,23,1169.915,291.652,52.985,123.774,0.847934,-1,-1,-1
82,29,967.915,0.000,37.324,96.380,0.847415,-1,-1,-1
82,21,861.148,53.586,43.751,123.727,0.844914,-1,-1,-1
82,34,1313.173,0.000,48.534,106.480,0.843056,-1,-1,-1
82,24,1382.945,33.847,38.171,134.515,0.842663,-1,-1,-1
82,53,0.000,513.479,65.731,175.398,0.842472,-1,-1,-1
82,26,1141.435,13.105,45.844,119.697,0.838143,-1,-1,-1
82,14,1681.008,50.007,49.683,116.167,0.835179,-1,-1,-1
82,22,910.971,43.602,42.933,127.959,0.835048,-1,-1,-1
82,37,1879.270,177.792,40.727,118.568,0.833874,-1,-1,-1
82,18,1178.981,0.000,40.145,124.639,0.832153,-1,-1,-1
82,16,798.977,45.959,36.004,124.389,0.831907,-1,-1,-1
82,28,1003.391,229.483,52.239,146.788,0.826622,-1,-1,-1
82,40,339.320,476.098,64.741,153.969,0.824570,-1,-1,-1
82,43,233.745,0.181,52.394,73.035,0.809015,-1,-1,-1
82,38,386.065,469.112,123.397,184.858,0.798161,-1,-1,-1
82,27,1251.730,0.000,47.480,107.104,0.794785,-1,-1,-1
82,49,66.353,111.306,71.256,121.227,0.791864,-1,-1,-1
82,55,659.893,984.849,107.672,95.013,0.784929,-1,-1,-1
82,11,1887.087,294.862,32.913,141.258,0.773810,-1,-1,-1
82,6,449.092,0.156,39.604,37.603,0.766959,-1,-1,-1
82,44,1100.551,0.090,33.571,36.112,0.753759,-1,-1,-1
82,36,1811.987,0.042,73.543,32.797,0.431370,-1,-1,-1
83,31,1754.195,219.790,72.823,150.658,0.890293,-1,-1,-1
83,1,1617.832,652.021,94.349,178.832,0.887988,-1,-1,-1
83,54,1177.102,910.059,96.369,169.792,0.882493,-1,-1,-1
83,15,914.717,331.024,63.571,155.811,0.880797,-1,-1,-1
83,12,567.652,370.091,85.903,215.057,0.879166,-1,-1,-1
83,13,1103.162,166.234,54.412,118.827,0.875112,-1,-1,-1
83,42,1656.949,397.266,81.417,178.436,0.874381,-1,-1,-1
83,4,1628.417,817.520,103.973,204.687,0.871715,-1,-1,-1
83,5,1079.938,817.194,86.828,186.712,0.870871,-1,-1,-1
83,32,1793.323,318.864,81.885,159.229,0.869091,-1,-1,-1
83,50,1003.125,780.301,68.912,193.020,0.867230,-1,-1,-1
83,2,738.184,218.510,52.156,139.048,0.862739,-1,-1,-1
83,30,575.670,332.407,58.351,132.291,0.860457,-1,-1,-1
83,8,689.748,319.198,64.997,166.036,0.858317,-1,-1,-1
83,20,1056.918,545.704,78.613,187.333,0.856151,-1,-1,-1
83,7,711.196,59.488,51.681,130.618,0.854907,-1,-1,-1
83,9,1714.692,102.448,56.486,138.900,0.852819,-1,-1,-1
83,53,0.000,517.762,68.016,171.845,0.851533,-1,-1,-1
83,10,164.808,938.264,118.914,141.736,0.851098,-1,-1,-1
83,29,969.879,0.005,35.989,96.213,0.849702,-1,-1,-1
83,19,1653.299,56.512,44.114,114.278,0.847107,-1,-1,-1
83,3,133.074,760.524,96.515,187.122,0.845336,-1,-1,-1
83,14,1682.422,50.890,50.598,115.977,0.844249,-1,-1,-1
83,24,1383.040,34.057,37.922,134.438,0.843713,-1,-1,-1
83,22,912.096,44.487,42.935,127.193,0.842660,-1,-1,-1
83,34,1313.218,0.098,47.165,106.339,0.842453,-1,-1,-1
83,23,1173.362,289.005,48.738,125.995,0.842186,-1,-1,-1
83,21,861.139,53.346,43.316,123.902,0.841997,-1,-1,-1
83,18,1177.202,0.000,39.870,122.283,0.837848,-1,-1,-1
83,16,798.824,46.023,36.024,124.303,0.835333,-1,-1,-1
83,26,1140.966,11.848,45.212,121.293,0.833508,-1,-1,-1
83,37,1879.439,180.419,40.561,116.126,0.830958,-1,-1,-1
83,43,232.254,0.069,52.393,74.003,0.825332,-1,-1,-1
83,40,339.147,476.201,65.827,154.277,0.823799,-1,-1,-1
83,55,661.853,971.630,107.440,108.370,0.822592,-1,-1,-1
83,28,1001.789,234.441,55.666,152.374,0.799940,-1,-1,-1
83,38,385.333,467.865,124.359,185.988,0.788814,-1,-1,-1
83,27,1251.039,0.199,40.362,106.457,0.779460,-1,-1,-1
83,49,67.120,111.305,70.445,121.273,0.773246,-1,-1,-1
83,33,122.449,51.383,59.672,104.338,0.746513,-1,-1,-1
83,11,1886.591,298.675,33.409,153.356,0.675210,-1,-1,-1
83,44,1109.036,0.001,38.862,35.659,0.540460,-1,-1,-1
83,6,457.658,0.029,32.906,37.360,0.515381,-1,-1,-1
83,36,1811.511,0.000,70.321,32.687,0.440304,-1,-1,-1
84,31,1754.809,220.960,72.513,149.301,0.889295,-1,-1,-1
84,12,567.628,376.691,83.598,208.091,0.881395,-1,-1,-1
84,1,1622.991,656.695,91.998,174.338,0.879557,-1,-1,-1
84,15,913.652,332.828,63.579,153.973,0.879295,-1,-1,-1
84,54,1177.485,905.713,95.444,174.287,0.879291,-1,-1,-1
84,32,1794.403,320.460,83.136,158.270,0.878126,-1,-1,-1
84,42,1657.062,394.701,78.683,175.892,0.874434,-1,-1,-1
84,13,1103.182,167.487,54.008,117.736,0.874228,-1,-1,-1
84,4,1630.521,823.697,103.297,209.474,0.870748,-1,-1,-1
84,50,1001.478,777.475,69.290,191.262,0.868305,-1,-1,-1
84,8,688.526,317.944,65.910,167.368,0.866927,-1,-1,-1
84,2,737.522,217.163,52.083,139.999,0.861207,-1,-1,-1
84,9,1714.399,104.330,56.986,138.637,0.859904,-1,-1,-1
84,5,1080.375,820.025,81.296,183.561,0.856396,-1,-1,-1
84,7,711.095,57.669,50.667,128.441,0.851557,-1,-1,-1
84,20,1057.579,542.944,77.570,184.942,0.851490,-1,-1,-1
84,29,971.304,0.034,35.459,96.269,0.848818,-1,-1,-1
84,34,1313.058,0.059,45.841,106.416,0.847463,-1,-1,-1
84,24,1382.901,34.166,37.690,134.298,0.845054,-1,-1,-1
84,23,1174.323,288.238,47.219,126.434,0.842390,-1,-1,-1
84,30,575.246,334.083,60.354,161.789,0.841948,-1,-1,-1
84,22,912.332,45.288,43.702,126.335,0.841085,-1,-1,-1
84,21,861.018,53.363,43.827,123.920,0.836299,-1,-1,-1
84,16,798.790,46.035,36.091,124.364,0.835813,-1,-1,-1
84,18,1176.286,0.000,39.930,120.549,0.834972,-1,-1,-1
84,19,1654.578,57.116,42.839,114.226,0.834850,-1,-1,-1
84,14,1684.280,51.626,51.385,114.377,0.832135,-1,-1,-1
84,37,1879.622,181.309,40.378,115.529,0.830694,-1,-1,-1
84,53,0.000,518.928,67.860,178.797,0.830062,-1,-1,-1
84,43,231.460,0.000,51.956,74.110,0.820027,-1,-1,-1
84,28,1001.420,235.562,54.419,157.143,0.814718,-1,-1,-1
84,55,664.133,964.742,107.090,115.258,0.811818,-1,-1,-1
84,26,1140.401,10.866,43.874,122.251,0.810688,-1,-1,-1
84,40,339.106,476.100,65.750,154.365,0.808059,-1,-1,-1
84,33,136.504,51.102,46.427,105.033,0.801932,-1,-1,-1
84,10,164.790,940.904,124.039,139.096,0.799218,-1,-1,-1
84,38,386.356,468.360,122.972,185.473,0.793893,-1,-1,-1
84,27,1248.870,0.000,40.082,106.937,0.773010,-1,-1,-1
84,49,72.411,111.758,64.879,120.745,0.752608,-1,-1,-1
84,3,129.685,763.391,96.061,190.589,0.752577,-1,-1,-1
84,44,1099.924,0.035,55.643,34.843,0.723894,-1,-1,-1
84,11,1886.873,309.310,33.083,139.739,0.720503,-1,-1,-1
84,36,1811.643,0.000,66.374,32.697,0.470196,-1,-1,-1
85,31,1756.324,221.710,72.224,148.772,0.885117,-1,-1,-1
85,15,913.092,334.174,63.613,153.132,0.882918,-1,-1,-1
85,1,1626.707,660.095,91.224,170.491,0.881529,-1,-1,-1
85,54,1178.000,901.980,95.016,178.020,0.881485,-1,-1,-1
85,42,1656.858,391.526,78.437,173.029,0.880730,-1,-1,-1
85,12,567.702,374.621,80.426,211.340,0.879602,-1,-1,-1
85,32,1797.084,321.845,81.929,156.643,0.874297,-1,-1,-1
85,13,1104.143,168.406,52.767,116.997,0.874005,-1,-1,-1
85,50,1000.962,772.839,69.286,189.288,0.871226,-1,-1,-1
85,5,1079.894,822.820,80.739,180.856,0.868249,-1,-1,-1
85,8,689.228,316.596,65.179,168.037,0.865658,-1,-1,-1
85,4,1632.398,827.990,105.189,213.404,0.865184,-1,-1,-1
85,2,737.345,215.526,51.767,142.257,0.860211,-1,-1,-1
85,7,710.844,55.813,50.435,126.662,0.859012,-1,-1,-1
85,34,1312.697,0.000,45.757,106.508,0.854515,-1,-1,-1
85,9,1715.505,105.442,56.467,140.101,0.853580,-1,-1,-1
85,53,0.000,522.812,70.046,184.523,0.853524,-1,-1,-1
85,30,575.903,336.592,57.677,150.956,0.851194,-1,-1,-1
85,24,1382.859,34.104,37.985,134.375,0.844670,-1,-1,-1
85,23,1175.158,287.175,46.637,128.071,0.843286,-1,-1,-1
85,29,972.721,0.000,34.980,95.377,0.841825,-1,-1,-1
85,22,912.715,45.971,43.934,125.466,0.841660,-1,-1,-1
85,16,798.643,46.099,36.161,124.277,0.838116,-1,-1,-1
85,18,1175.424,0.000,40.215,116.635,0.837969,-1,-1,-1
85,19,1655.505,57.634,42.949,114.011,0.834566,-1,-1,-1
85,20,1058.729,539.492,76.236,182.770,0.834507,-1,-1,-1
85,21,860.854,53.396,43.808,123.910,0.833593,-1,-1,-1
85,14,1685.358,52.371,51.810,114.171,0.831686,-1,-1,-1
85,37,1879.741,182.506,40.258,114.370,0.830739,-1,-1,-1
85,26,1139.777,9.573,43.401,123.525,0.828433,-1,-1,-1
85,43,230.077,0.000,51.928,74.455,0.822758,-1,-1,-1
85,40,339.089,476.319,65.274,154.055,0.818172,-1,-1,-1
85,55,653.979,959.205,121.855,120.795,0.816966,-1,-1,-1
85,10,165.597,939.018,113.778,140.982,0.808846,-1,-1,-1
85,27,1249.665,0.000,37.635,107.013,0.806351,-1,-1,-1
85,33,139.907,50.845,52.462,105.007,0.804410,-1,-1,-1
85,38,386.386,468.512,122.499,185.242,0.800265,-1,-1,-1
85,3,128.354,768.006,95.353,205.060,0.783821,-1,-1,-1
85,28,1002.074,238.790,52.831,157.334,0.776706,-1,-1,-1
85,49,79.199,111.939,57.860,120.288,0.761605,-1,-1,-1
85,11,1887.184,314.820,32.760,129.465,0.689752,-1,-1,-1
85,44,1099.830,0.025,47.592,32.923,0.662262,-1,-1,-1
85,6,468.403,0.087,25.896,36.887,0.533456,-1,-1,-1
85,36,1811.421,0.000,69.025,32.573,0.479657,-1,-1,-1
85,57,1856.985,0.014,26.977,10.286,0.363559,-1,-1,-1
86,1,1629.338,665.468,91.066,174.346,0.887929,-1,-1,-1
86,54,1178.723,896.515,94.771,183.485,0.887155,-1,-1,-1
86,12,567.520,378.716,77.920,214.824,0.882028,-1,-1,-1
86,15,912.299,335.354,64.226,152.019,0.881995,-1,-1,-1
86,31,1758.036,222.307,71.097,148.197,0.881810,-1,-1,-1
86,42,1656.611,388.265,76.051,169.552,0.877036,-1,-1,-1
86,32,1803.082,323.517,78.104,154.749,0.875799,-1,-1,-1
86,4,1633.475,833.498,107.492,213.269,0.873631,-1,-1,-1
86,50,999.943,768.219,69.265,188.926,0.872646,-1,-1,-1
86,13,1104.968,168.786,51.735,116.523,0.870545,-1,-1,-1
86,8,688.704,315.378,65.397,168.703,0.867451,-1,-1,-1
86,5,1077.677,826.097,76.401,177.076,0.866475,-1,-1,-1
86,53,0.000,526.210,72.797,188.738,0.860244,-1,-1,-1
86,9,1714.796,106.398,57.902,140.299,0.856124,-1,-1,-1
86,2,736.948,214.281,51.245,142.668,0.854464,-1,-1,-1
86,20,1058.622,535.424,76.207,180.707,0.853035,-1,-1,-1
86,7,710.818,54.107,49.166,124.398,0.851425,-1,-1,-1
86,34,1312.482,0.000,46.581,106.557,0.850250,-1,-1,-1
86,24,1382.888,34.050,38.028,134.709,0.844024,-1,-1,-1
86,23,1175.392,286.198,46.654,128.954,0.842901,-1,-1,-1
86,30,575.323,338.307,58.065,155.747,0.842676,-1,-1,-1
86,33,144.289,51.610,57.871,104.184,0.841976,-1,-1,-1
86,16,798.425,46.184,36.512,124.271,0.841542,-1,-1,-1
86,14,1687.224,52.808,51.872,114.982,0.837562,-1,-1,-1
86,19,1656.577,58.200,42.578,113.678,0.837475,-1,-1,-1
86,29,974.273,0.000,34.240,94.764,0.835049,-1,-1,-1
86,18,1174.394,0.000,41.341,113.637,0.832641,-1,-1,-1
86,37,1880.174,182.592,39.826,114.321,0.828033,-1,-1,-1
86,26,1140.099,7.985,40.893,123.881,0.821030,-1,-1,-1
86,43,230.135,0.000,50.798,74.918,0.816075,-1,-1,-1
86,55,646.472,954.041,129.165,125.910,0.814498,-1,-1,-1
86,10,165.402,944.600,114.687,135.309,0.812614,-1,-1,-1
86,22,912.452,47.593,44.675,123.916,0.809516,-1,-1,-1
86,40,338.781,476.284,65.953,154.147,0.806650,-1,-1,-1
86,21,860.786,53.368,45.784,124.049,0.795501,-1,-1,-1
86,38,385.667,467.379,122.921,186.436,0.792874,-1,-1,-1
86,27,1248.733,0.000,38.517,107.112,0.786752,-1,-1,-1
86,28,1001.884,241.925,53.010,152.274,0.782252,-1,-1,-1
86,44,1100.726,0.008,57.947,33.782,0.777435,-1,-1,-1
86,49,80.998,112.383,55.856,120.012,0.769733,-1,-1,-1
86,6,467.740,0.134,31.857,36.692,0.744404,-1,-1,-1
86,3,127.045,772.954,97.236,211.805,0.721480,-1,-1,-1
86,11,1887.317,319.756,32.627,119.114,0.681150,-1,-1,-1
86,36,1810.888,0.000,70.433,32.545,0.461212,-1,-1,-1
86,57,1859.273,0.029,25.425,11.257,0.330047,-1,-1,-1
87,1,1631.270,671.229,92.702,185.960,0.889764,-1,-1,-1
87,15,911.933,337.297,64.512,150.076,0.880683,-1,-1,-1
87,4,1635.858,839.699,107.655,214.759,0.880037,-1,-1,-1
87,32,1804.010,326.233,79.183,153.687,0.879122,-1,-1,-1
87,42,1656.322,386.165,75.450,162.892,0.879113,-1,-1,-1
87,31,1759.132,223.656,70.246,147.014,0.878402,-1,-1,-1
87,54,1181.970,891.168,92.352,188.832,0.877473,-1,-1,-1
87,12,567.712,378.564,75.639,223.928,0.873220,-1,-1,-1
87,8,689.314,313.946,64.467,168.553,0.871995,-1,-1,-1
87,13,1105.695,169.890,51.361,115.573,0.870883,-1,-1,-1
87,33,147.087,52.191,64.014,103.306,0.868623,-1,-1,-1
87,50,999.796,763.994,68.523,181.568,0.864466,-1,-1,-1
87,9,1716.757,107.852,56.497,139.558,0.861025,-1,-1,-1
87,5,1073.501,829.337,77.742,174.494,0.860687,-1,-1,-1
87,2,736.588,213.700,50.805,143.598,0.858855,-1,-1,-1
87,7,711.812,52.879,46.287,124.657,0.857002,-1,-1,-1
87,20,1059.373,532.353,75.321,170.918,0.853299,-1,-1,-1
87,34,1312.233,0.005,47.054,106.597,0.851074,-1,-1,-1
87,10,166.856,944.832,114.949,135.081,0.846978,-1,-1,-1
87,30,575.820,341.279,57.233,143.005,0.846417,-1,-1,-1
87,53,0.000,527.483,75.313,192.580,0.845122,-1,-1,-1
87,55,644.234,948.176,130.819,131.746,0.844002,-1,-1,-1
87,23,1175.547,285.168,46.767,129.914,0.843499,-1,-1,-1
87,24,1382.616,34.347,38.015,134.394,0.843432,-1,-1,-1
87,22,912.141,49.373,45.239,123.269,0.842747,-1,-1,-1
87,16,798.458,46.709,36.216,123.872,0.840673,-1,-1,-1
87,19,1657.737,59.400,41.881,112.379,0.839624,-1,-1,-1
87,29,974.025,0.012,35.172,93.472,0.837617,-1,-1,-1
87,14,1689.937,53.521,50.698,115.125,0.833891,-1,-1,-1
87,18,1173.275,0.000,42.240,112.085,0.826661,-1,-1,-1
87,37,1880.218,183.976,39.782,112.956,0.826589,-1,-1,-1
87,43,230.444,0.000,50.174,75.395,0.815691,-1,-1,-1
87,21,860.643,53.401,45.816,124.241,0.805490,-1,-1,-1
87,3,124.798,779.433,99.354,201.321,0.804507,-1,-1,-1
87,26,1139.290,7.015,39.481,124.671,0.800795,-1,-1,-1
87,40,338.787,476.500,66.526,153.762,0.799968,-1,-1,-1
87,38,385.708,467.792,122.694,186.244,0.784738,-1,-1,-1
87,44,1101.225,0.034,59.562,33.825,0.773671,-1,-1,-1
87,6,468.868,0.177,37.040,36.651,0.772101,-1,-1,-1
87,28,998.238,243.843,55.229,158.001,0.765095,-1,-1,-1
87,49,78.117,112.441,58.678,119.988,0.760998,-1,-1,-1
87,27,1245.770,0.048,39.011,107.580,0.694875,-1,-1,-1
87,11,1887.353,320.584,32.647,115.330,0.673582,-1,-1,-1
87,36,1809.500,0.069,73.494,32.377,0.466604,-1,-1,-1
87,58,500.822,0.000,33.549,13.715,0.374633,-1,-1,-1
87,57,1862.212,0.018,24.684,13.972,0.370970,-1,-1,-1
87,56,420.487,476.564,88.085,152.673,0.260542,-1,-1,-1
88,54,1184.492,879.915,92.378,200.085,0.889409,-1,-1,-1
88,15,910.716,341.305,65.396,146.972,0.888100,-1,-1,-1
88,4,1639.933,849.614,108.871,212.685,0.882841,-1,-1,-1
88,42,1657.199,380.878,71.795,162.863,0.877211,-1,-1,-1
88,33,152.886,52.892,68.744,102.868,0.877140,-1,-1,-1
88,31,1761.531,228.527,68.847,154.467,0.876958,-1,-1,-1
88,12,566.970,440.357,72.192,172.810,0.874802,-1,-1,-1
88,13,1108.310,172.095,48.843,113.885,0.870691,-1,-1,-1
88,50,999.996,754.244,67.397,169.587,0.868928,-1,-1,-1
88,8,686.418,308.479,67.552,168.147,0.867143,-1,-1,-1
88,20,1057.694,526.536,76.885,163.157,0.865404,-1,-1,-1
88,34,1312.258,0.000,46.189,106.670,0.859605,-1,-1,-1
88,9,1716.891,109.608,57.924,137.812,0.858922,-1,-1,-1
88,2,735.559,211.487,48.800,144.714,0.858459,-1,-1,-1
88,22,912.260,52.506,45.477,128.894,0.857220,-1,-1,-1
88,32,1807.358,331.556,79.999,162.314,0.856755,-1,-1,-1
88,30,575.777,346.445,56.928,133.904,0.855433,-1,-1,-1
88,1,1634.904,681.750,92.497,196.914,0.855262,-1,-1,-1
88,5,1065.362,835.096,83.398,199.083,0.854698,-1,-1,-1
88,53,0.000,533.839,83.136,188.716,0.853468,-1,-1,-1
88,37,1880.620,185.778,39.219,111.196,0.846833,-1,-1,-1
88,23,1175.864,281.872,47.860,132.217,0.845155,-1,-1,-1
88,24,1382.453,34.405,37.758,134.559,0.842134,-1,-1,-1
88,16,797.954,46.715,37.096,123.887,0.840785,-1,-1,-1
88,7,708.499,50.051,47.491,127.688,0.840292,-1,-1,-1
88,19,1661.027,60.541,40.579,111.351,0.837841,-1,-1,-1
88,29,976.785,0.000,34.580,90.566,0.834832,-1,-1,-1
88,55,645.094,939.404,128.442,140.421,0.834561,-1,-1,-1
88,14,1694.619,54.302,48.742,114.115,0.828358,-1,-1,-1
88,18,1171.613,0.000,42.763,110.146,0.820008,-1,-1,-1
88,43,228.346,0.000,49.776,75.836,0.818379,-1,-1,-1
88,10,167.961,952.794,118.918,127.206,0.812126,-1,-1,-1
88,49,62.381,110.553,75.718,123.798,0.806992,-1,-1,-1
88,21,859.890,53.476,52.815,124.716,0.803325,-1,-1,-1
88,38,384.657,467.298,123.869,186.994,0.798435,-1,-1,-1
88,40,338.482,476.428,69.739,152.888,0.781747,-1,-1,-1
88,26,1138.796,5.933,40.218,123.401,0.780888,-1,-1,-1
88,28,997.994,248.718,51.136,156.507,0.773683,-1,-1,-1
88,6,468.503,0.000,66.040,37.198,0.772326,-1,-1,-1
88,3,121.788,790.385,103.642,199.937,0.738693,-1,-1,-1
88,44,1103.956,0.010,67.219,33.904,0.727454,-1,-1,-1
88,11,1888.346,327.276,31.654,142.012,0.560951,-1,-1,-1
88,27,1242.606,0.000,39.732,107.238,0.522652,-1,-1,-1
88,36,1808.778,0.042,38.277,32.581,0.485346,-1,-1,-1
88,57,1850.654,0.000,42.095,18.943,0.477429,-1,-1,-1
88,58,504.188,0.151,29.602,12.693,0.315277,-1,-1,-1
88,56,408.504,467.203,87.630,133.285,0.248221,-1,-1,-1
89,15,910.183,343.133,65.510,151.707,0.887828,-1,-1,-1
89,31,1761.910,230.432,68.953,158.990,0.882007,-1,-1,-1
89,1,1636.870,687.469,92.994,143.437,0.878525,-1,-1,-1
89,42,1656.881,377.980,70.103,165.451,0.878387,-1,-1,-1
89,4,1642.998,854.462,108.874,208.535,0.878048,-1,-1,-1
89,20,1056.937,522.911,77.576,166.537,0.877991,-1,-1,-1
89,33,156.136,52.892,68.447,103.367,0.870698,-1,-1,-1
89,12,566.387,440.000,73.109,176.573,0.867758,-1,-1,-1
89,13,1108.997,174.062,48.354,116.886,0.867469,-1,-1,-1
89,50,1001.745,750.241,64.426,165.343,0.865227,-1,-1,-1
89,8,689.013,305.972,65.952,166.252,0.859783,-1,-1,-1
89,55,647.141,935.074,124.223,144.874,0.859673,-1,-1,-1
89,2,734.671,210.268,47.885,145.182,0.859481,-1,-1,-1
89,54,1184.772,873.724,93.383,204.117,0.859377,-1,-1,-1
89,34,1311.891,0.000,45.206,106.684,0.855799,-1,-1,-1
89,9,1717.148,110.439,58.245,136.960,0.855254,-1,-1,-1
89,22,912.393,53.989,45.278,130.102,0.854647,-1,-1,-1
89,53,0.000,537.931,86.342,185.489,0.852816,-1,-1,-1
89,32,1808.945,335.672,79.852,166.567,0.850591,-1,-1,-1
89,7,707.687,49.340,47.762,128.592,0.845971,-1,-1,-1
89,37,1880.500,186.542,39.359,111.333,0.845186,-1,-1,-1
89,5,1060.992,839.093,87.236,208.383,0.844800,-1,-1,-1
89,30,575.503,348.901,57.154,146.783,0.842105,-1,-1,-1
89,23,1176.046,278.680,51.274,133.029,0.840991,-1,-1,-1
89,24,1382.122,34.428,38.219,134.673,0.840537,-1,-1,-1
89,19,1662.728,61.351,38.675,110.399,0.839736,-1,-1,-1
89,16,797.986,46.671,36.697,123.947,0.837932,-1,-1,-1
89,29,977.464,0.000,34.682,87.962,0.833791,-1,-1,-1
89,14,1697.849,54.653,47.692,111.810,0.830460,-1,-1,-1
89,10,169.550,951.617,114.661,128.383,0.819255,-1,-1,-1
89,43,227.233,0.000,49.962,75.889,0.817911,-1,-1,-1
89,49,84.242,112.598,52.366,120.106,0.813929,-1,-1,-1
89,38,385.369,467.215,122.938,187.002,0.806412,-1,-1,-1
89,18,1172.009,0.000,41.441,110.577,0.805766,-1,-1,-1
89,21,859.874,53.445,51.331,124.839,0.799486,-1,-1,-1
89,6,469.701,0.000,66.082,37.673,0.792667,-1,-1,-1
89,28,995.621,248.747,54.887,158.176,0.788027,-1,-1,-1
89,26,1108.852,0.000,71.246,127.754,0.772284,-1,-1,-1
89,40,338.440,476.079,70.353,153.279,0.764888,-1,-1,-1
89,3,120.611,796.174,105.761,205.590,0.751907,-1,-1,-1
89,11,1889.086,335.434,30.914,135.119,0.674425,-1,-1,-1
89,57,1863.219,0.000,29.160,19.530,0.505220,-1,-1,-1
89,36,1810.112,0.000,34.980,32.489,0.490144,-1,-1,-1
89,56,412.177,467.379,78.844,142.578,0.428294,-1,-1,-1
89,27,1241.482,0.000,40.355,107.129,0.412848,-1,-1,-1
89,58,504.741,0.094,30.862,10.857,0.240941,-1,-1,-1
90,31,1761.950,233.887,68.893,156.839,0.887138,-1,-1,-1
90,20,1056.518,520.779,77.592,169.308,0.884249,-1,-1,-1
90,54,1185.432,865.985,93.532,210.508,0.882092,-1,-1,-1
90,15,910.234,345.597,65.984,156.675,0.881492,-1,-1,-1
90,42,1656.900,375.963,70.524,167.468,0.881161,-1,-1,-1
90,4,1644.459,858.849,110.802,203.886,0.874565,-1,-1,-1
90,33,160.973,52.701,64.854,103.603,0.873034,-1,-1,-1
90,55,649.990,930.372,119.413,149.628,0.868108,-1,-1,-1
90,12,565.576,440.000,73.345,176.923,0.867542,-1,-1,-1
90,13,1109.059,176.054,48.518,121.024,0.865229,-1,-1,-1
90,50,1002.827,746.657,63.099,165.235,0.864654,-1,-1,-1
90,8,690.937,302.753,62.340,164.408,0.862824,-1,-1,-1
90,2,733.375,209.243,47.707,144.614,0.858017,-1,-1,-1
90,22,912.494,55.872,45.406,131.223,0.857049,-1,-1,-1
90,32,1809.775,337.692,80.351,170.269,0.856967,-1,-1,-1
90,5,1057.575,843.981,92.040,218.644,0.856752,-1,-1,-1
90,53,0.042,542.329,94.183,188.350,0.853714,-1,-1,-1
90,37,1880.370,188.552,39.548,114.004,0.852971,-1,-1,-1
90,7,705.917,48.746,49.454,129.009,0.848393,-1,-1,-1
90,34,1311.662,0.000,43.992,106.464,0.846900,-1,-1,-1
90,30,575.532,351.096,57.579,143.864,0.846675,-1,-1,-1
90,9,1716.520,111.431,59.410,135.905,0.845214,-1,-1,-1
90,24,1382.312,34.800,37.890,134.303,0.842779,-1,-1,-1
90,23,1176.298,276.781,49.258,133.524,0.842428,-1,-1,-1
90,43,225.071,0.000,52.234,76.778,0.841351,-1,-1,-1
90,29,977.992,0.000,34.897,85.908,0.840426,-1,-1,-1
90,16,797.950,47.050,36.771,123.783,0.838748,-1,-1,-1
90,19,1662.627,62.300,39.185,109.938,0.837357,-1,-1,-1
90,14,1702.161,55.287,44.267,113.320,0.827657,-1,-1,-1
90,10,170.051,959.006,108.388,120.783,0.822027,-1,-1,-1
90,26,1113.503,0.000,65.081,124.218,0.819152,-1,-1,-1
90,18,1172.144,0.000,40.208,111.260,0.816206,-1,-1,-1
90,49,84.043,112.596,52.519,120.249,0.812385,-1,-1,-1
90,21,859.923,53.462,54.534,125.007,0.809873,-1,-1,-1
90,28,995.667,251.170,55.206,155.784,0.804823,-1,-1,-1
90,38,385.028,467.310,122.741,186.989,0.801306,-1,-1,-1
90,3,119.350,801.363,108.424,200.458,0.799492,-1,-1,-1
90,6,471.067,0.000,65.080,36.183,0.790958,-1,-1,-1
90,1,1639.203,691.654,93.254,142.572,0.785491,-1,-1,-1
90,40,338.343,476.252,70.977,152.946,0.762438,-1,-1,-1
90,11,1890.535,336.884,29.465,134.446,0.669782,-1,-1,-1
90,36,1809.678,0.089,35.470,31.681,0.526037,-1,-1,-1
90,57,1849.839,0.000,44.058,20.982,0.466921,-1,-1,-1
90,27,1240.276,0.000,40.526,107.014,0.406132,-1,-1,-1
90,58,502.116,0.115,35.284,10.876,0.311575,-1,-1,-1
91,31,1761.962,236.766,68.813,153.901,0.886200,-1,-1,-1
91,20,1056.292,518.392,77.843,172.021,0.885183,-1,-1,-1
91,42,1655.532,374.561,71.607,168.739,0.884507,-1,-1,-1
91,54,1185.588,858.429,93.861,207.776,0.883424,-1,-1,-1
91,15,909.924,348.489,67.081,162.414,0.880816,-1,-1,-1
91,4,1647.794,863.049,110.843,200.210,0.869506,-1,-1,-1
91,33,161.997,52.100,65.214,103.960,0.868587,-1,-1,-1
91,55,654.588,926.932,112.623,153.068,0.868438,-1,-1,-1
91,8,692.555,299.841,59.676,159.690,0.866413,-1,-1,-1
91,50,1003.712,742.953,62.523,168.537,0.864739,-1,-1,-1
91,53,0.000,544.518,95.981,187.606,0.864624,-1,-1,-1
91,12,564.602,440.000,69.449,184.375,0.863973,-1,-1,-1
91,13,1109.084,176.640,49.834,128.932,0.861061,-1,-1,-1
91,22,912.468,57.430,45.447,131.705,0.857793,-1,-1,-1
91,32,1809.595,341.763,81.891,170.650,0.855786,-1,-1,-1
91,2,732.320,207.371,47.516,144.559,0.855173,-1,-1,-1
91,37,1879.788,190.248,40.139,116.501,0.849373,-1,-1,-1
91,7,704.982,48.194,49.339,129.074,0.847877,-1,-1,-1
91,9,1715.630,112.287,60.896,135.018,0.847594,-1,-1,-1
91,23,1177.547,274.556,46.875,132.053,0.845100,-1,-1,-1
91,5,1053.956,848.129,93.133,219.215,0.844794,-1,-1,-1
91,1,1640.974,697.388,93.929,189.303,0.843706,-1,-1,-1
91,34,1311.357,0.000,43.393,106.794,0.843340,-1,-1,-1
91,24,1382.251,34.674,37.943,134.451,0.842297,-1,-1,-1
91,43,224.823,0.000,51.651,76.390,0.841746,-1,-1,-1
91,19,1662.918,63.267,39.234,109.144,0.841194,-1,-1,-1
91,16,797.916,47.504,36.741,123.552,0.839725,-1,-1,-1
91,49,86.498,113.202,49.934,119.771,0.839143,-1,-1,-1
91,30,575.588,352.156,57.134,141.005,0.835725,-1,-1,-1
91,29,978.358,0.000,35.192,83.340,0.835394,-1,-1,-1
91,14,1705.855,56.420,42.794,115.884,0.833596,-1,-1,-1
91,21,859.407,53.427,55.986,125.113,0.823547,-1,-1,-1
91,38,383.822,467.198,123.936,187.222,0.812308,-1,-1,-1
91,28,995.170,251.208,54.601,156.307,0.800113,-1,-1,-1
91,6,473.621,0.015,44.916,36.364,0.796783,-1,-1,-1
91,18,1168.018,0.000,43.754,111.509,0.794759,-1,-1,-1
91,26,1119.922,0.000,64.559,120.671,0.776967,-1,-1,-1
91,40,337.778,476.419,72.651,153.846,0.752622,-1,-1,-1
91,11,1892.217,342.392,27.783,128.958,0.707926,-1,-1,-1
91,3,117.906,791.885,111.599,285.867,0.661591,-1,-1,-1
91,36,1808.187,0.103,37.275,30.943,0.526745,-1,-1,-1
91,57,1863.375,0.000,30.930,21.597,0.468787,-1,-1,-1
91,10,170.022,963.306,109.353,116.694,0.427118,-1,-1,-1
91,27,1239.292,0.000,38.327,74.489,0.411996,-1,-1,-1
91,58,503.991,0.110,34.002,9.624,0.329540,-1,-1,-1
92,54,1185.713,852.010,94.380,196.340,0.885617,-1,-1,-1
92,42,1655.146,373.016,74.609,170.063,0.885316,-1,-1,-1
92,20,1055.539,515.930,77.462,175.119,0.882424,-1,-1,-1
92,4,1649.570,867.850,111.392,194.912,0.878315,-1,-1,-1
92,15,909.858,351.557,67.562,160.312,0.877205,-1,-1,-1
92,33,164.517,51.402,63.214,104.478,0.876712,-1,-1,-1
92,5,1050.598,851.542,101.321,223.435,0.871509,-1,-1,-1
92,31,1761.691,239.356,69.353,161.750,0.871443,-1,-1,-1
92,1,1644.429,703.147,93.781,194.320,0.870216,-1,-1,-1
92,12,562.768,440.000,75.537,184.896,0.865043,-1,-1,-1
92,8,692.990,296.641,56.427,156.881,0.865027,-1,-1,-1
92,53,0.303,548.830,96.434,184.501,0.863427,-1,-1,-1
92,22,912.613,58.875,45.884,131.538,0.861739,-1,-1,-1
92,13,1109.593,181.023,48.174,121.474,0.859389,-1,-1,-1
92,55,656.013,922.648,110.142,157.352,0.855293,-1,-1,-1
92,7,704.232,46.394,49.639,129.984,0.853601,-1,-1,-1
92,9,1715.938,113.704,61.333,134.375,0.852497,-1,-1,-1
92,32,1810.508,344.595,82.633,171.092,0.852260,-1,-1,-1
92,50,1003.875,739.866,62.115,171.802,0.846866,-1,-1,-1
92,19,1662.660,64.098,40.859,109.091,0.846608,-1,-1,-1
92,2,731.345,205.834,46.632,142.528,0.846310,-1,-1,-1
92,21,859.004,53.520,57.910,125.041,0.846175,-1,-1,-1
92,37,1879.154,191.163,40.794,120.278,0.844907,-1,-1,-1
92,24,1382.152,34.875,37.988,134.331,0.843028,-1,-1,-1
92,23,1177.316,272.562,46.708,129.004,0.842238,-1,-1,-1
92,34,1311.060,0.000,43.244,106.504,0.841562,-1,-1,-1
92,30,575.831,353.482,56.405,139.159,0.841348,-1,-1,-1
92,49,86.085,113.180,50.247,119.754,0.841324,-1,-1,-1
92,29,979.739,0.000,34.753,82.964,0.840755,-1,-1,-1
92,43,224.151,0.000,51.857,78.364,0.837720,-1,-1,-1
92,16,797.825,47.559,36.726,123.502,0.837317,-1,-1,-1
92,14,1708.255,57.411,41.797,116.461,0.835690,-1,-1,-1
92,10,171.990,964.742,106.261,115.226,0.832955,-1,-1,-1
92,38,383.732,467.164,124.077,187.289,0.808164,-1,-1,-1
92,18,1171.128,0.000,39.772,111.897,0.803870,-1,-1,-1
92,26,1137.730,0.696,38.702,116.522,0.797470,-1,-1,-1
92,28,994.318,252.792,56.339,154.673,0.790810,-1,-1,-1
92,6,476.888,0.000,41.333,35.238,0.776765,-1,-1,-1
92,3,115.744,811.658,110.843,188.533,0.758579,-1,-1,-1
92,11,1893.991,343.280,26.009,127.808,0.729154,-1,-1,-1
92,40,337.690,476.320,72.685,154.022,0.720742,-1,-1,-1
92,36,1806.700,0.025,38.831,30.768,0.577567,-1,-1,-1
92,57,1863.139,0.000,30.516,21.837,0.472936,-1,-1,-1
92,56,413.899,467.480,79.670,147.832,0.449945,-1,-1,-1
92,27,1238.005,0.000,38.554,69.461,0.416987,-1,-1,-1
92,58,505.932,0.127,32.536,7.155,0.223022,-1,-1,-1
93,42,1652.615,370.065,75.377,172.917,0.895150,-1,-1,-1
93,54,1184.690,840.858,95.443,196.519,0.887889,-1,-1,-1
93,20,1055.228,511.727,77.698,178.589,0.884524,-1,-1,-1
93,5,1045.723,862.468,104.891,216.501,0.880653,-1,-1,-1
93,1,1649.280,710.623,94.022,188.783,0.874413,-1,-1,-1
93,4,1656.635,876.382,112.845,186.587,0.874133,-1,-1,-1
93,12,560.730,440.000,75.125,185.768,0.873555,-1,-1,-1
93,15,909.736,357.496,67.894,163.427,0.872696,-1,-1,-1
93,31,1762.374,244.278,69.891,162.338,0.866405,-1,-1,-1
93,32,1811.673,348.844,100.576,169.753,0.863958,-1,-1,-1
93,55,661.414,913.658,103.830,166.312,0.863063,-1,-1,-1
93,8,692.153,291.566,56.989,154.333,0.861832,-1,-1,-1
93,22,912.879,61.874,45.379,130.496,0.861601,-1,-1,-1
93,13,1110.965,185.258,50.129,127.995,0.861357,-1,-1,-1
93,53,3.733,552.769,92.841,178.782,0.859864,-1,-1,-1
93,33,170.078,50.636,57.942,104.726,0.859762,-1,-1,-1
93,30,575.303,356.800,58.565,139.800,0.856904,-1,-1,-1
93,9,1715.781,117.030,62.128,135.266,0.854360,-1,-1,-1
93,7,703.856,44.430,49.621,128.454,0.854138,-1,-1,-1
93,2,728.683,201.460,47.512,133.455,0.852852,-1,-1,-1
93,50,1006.742,733.865,59.368,177.303,0.850363,-1,-1,-1
93,19,1662.672,66.077,43.132,111.613,0.848289,-1,-1,-1
93,23,1175.832,268.430,50.343,123.455,0.848281,-1,-1,-1
93,49,86.908,113.600,49.286,119.351,0.846955,-1,-1,-1
93,24,1382.154,34.900,37.996,134.440,0.843202,-1,-1,-1
93,37,1877.658,196.623,42.297,118.814,0.843044,-1,-1,-1
93,16,797.814,47.573,36.706,123.436,0.841105,-1,-1,-1
93,21,858.829,53.640,57.854,125.057,0.837495,-1,-1,-1
93,34,1310.778,0.000,42.422,107.374,0.832068,-1,-1,-1
93,29,980.551,0.000,35.141,83.410,0.831204,-1,-1,-1
93,43,222.403,0.009,53.051,84.656,0.831016,-1,-1,-1
93,38,383.047,466.768,125.081,187.720,0.827778,-1,-1,-1
93,14,1709.075,58.894,42.745,110.021,0.822497,-1,-1,-1
93,10,176.306,969.429,103.895,110.276,0.814704,-1,-1,-1
93,28,994.324,255.398,55.613,152.570,0.809952,-1,-1,-1
93,3,114.114,820.036,109.320,216.757,0.775368,-1,-1,-1
93,18,1144.676,0.000,64.382,114.477,0.761005,-1,-1,-1
93,11,1884.803,346.397,35.197,123.677,0.759884,-1,-1,-1
93,26,1137.864,0.604,36.437,115.719,0.740476,-1,-1,-1
93,40,337.551,476.479,73.268,153.771,0.737033,-1,-1,-1
93,6,487.347,0.127,31.272,29.755,0.713451,-1,-1,-1
93,36,1804.215,0.038,46.722,29.678,0.572767,-1,-1,-1
93,57,1862.279,0.000,32.191,22.518,0.447475,-1,-1,-1
93,27,1239.242,0.000,34.445,72.043,0.432614,-1,-1,-1
93,59,1253.231,13.427,27.000,93.814,0.423446,-1,-1,-1
93,56,413.255,467.344,80.577,135.386,0.263638,-1,-1,-1
94,20,1054.963,509.104,77.116,180.770,0.893538,-1,-1,-1
94,42,1650.863,368.559,75.955,174.300,0.889152,-1,-1,-1
94,54,1184.409,835.073,96.527,203.203,0.882607,-1,-1,-1
94,12,560.110,440.000,71.304,185.887,0.879065,-1,-1,-1
94,15,910.031,359.959,67.889,161.770,0.878202,-1,-1,-1
94,4,1659.250,881.673,114.091,190.199,0.874247,-1,-1,-1
94,5,1044.795,866.129,103.711,213.061,0.870514,-1,-1,-1
94,1,1652.705,714.736,93.946,185.184,0.870283,-1,-1,-1
94,31,1762.290,246.664,71.025,160.633,0.867920,-1,-1,-1
94,55,661.294,910.291,103.746,169.691,0.863275,-1,-1,-1
94,13,1112.018,186.706,48.327,134.354,0.862474,-1,-1,-1
94,33,175.613,49.946,52.201,103.957,0.861232,-1,-1,-1
94,30,575.279,358.287,57.935,138.196,0.860338,-1,-1,-1
94,2,727.479,198.831,50.060,134.509,0.858596,-1,-1,-1
94,8,691.700,289.860,57.341,156.154,0.858565,-1,-1,-1
94,50,1006.439,730.630,60.209,180.389,0.858398,-1,-1,-1
94,22,912.867,62.489,45.165,130.144,0.858058,-1,-1,-1
94,53,4.475,552.847,92.097,178.528,0.857333,-1,-1,-1
94,7,703.795,43.171,48.891,127.611,0.855829,-1,-1,-1
94,9,1715.953,118.662,62.748,138.755,0.855055,-1,-1,-1
94,10,177.031,972.096,102.197,107.604,0.853681,-1,-1,-1
94,19,1662.615,66.693,44.242,112.764,0.851038,-1,-1,-1
94,37,1877.006,198.609,42.909,118.807,0.849930,-1,-1,-1
94,49,86.574,113.700,49.610,119.298,0.848813,-1,-1,-1
94,32,1813.580,351.151,100.159,166.883,0.848411,-1,-1,-1
94,23,1175.489,266.165,52.506,123.528,0.847446,-1,-1,-1
94,24,1382.270,34.912,37.502,134.659,0.844568,-1,-1,-1
94,16,797.473,47.617,37.063,123.390,0.841801,-1,-1,-1
94,21,858.816,53.729,58.182,124.957,0.837905,-1,-1,-1
94,43,220.355,0.051,54.638,86.100,0.833984,-1,-1,-1
94,38,382.569,465.553,125.746,189.073,0.830229,-1,-1,-1
94,29,981.401,0.000,35.621,82.994,0.829053,-1,-1,-1
94,34,1310.829,0.000,41.441,107.274,0.828601,-1,-1,-1
94,14,1709.785,60.522,43.489,108.046,0.816881,-1,-1,-1
94,28,994.585,257.092,55.226,151.210,0.816643,-1,-1,-1
94,26,1137.051,0.000,70.184,116.565,0.774913,-1,-1,-1
94,18,1166.351,0.000,41.353,109.568,0.769293,-1,-1,-1
94,3,113.218,823.671,108.378,234.227,0.747969,-1,-1,-1
94,40,337.372,476.397,72.921,153.670,0.746677,-1,-1,-1
94,11,1899.009,348.265,20.991,121.330,0.727173,-1,-1,-1
94,6,493.141,0.000,31.930,27.058,0.643562,-1,-1,-1
94,36,1802.532,0.064,43.836,28.572,0.582398,-1,-1,-1
94,27,1236.953,0.119,37.929,68.906,0.523774,-1,-1,-1
94,57,1864.457,0.004,31.809,22.463,0.431284,-1,-1,-1
94,59,1253.405,14.824,26.286,92.233,0.371392,-1,-1,-1
94,56,413.026,467.328,94.829,162.413,0.291275,-1,-1,-1
95,20,1054.726,507.643,76.602,182.473,0.891737,-1,-1,-1
95,1,1655.263,718.269,95.357,183.365,0.886632,-1,-1,-1
95,42,1647.793,365.690,78.502,175.368,0.883877,-1,-1,-1
95,15,910.836,362.071,68.158,160.871,0.883182,-1,-1,-1
95,12,559.151,440.000,72.342,186.439,0.880813,-1,-1,-1
95,54,1184.529,831.469,96.232,205.474,0.879036,-1,-1,-1
95,31,1762.118,248.579,72.376,159.535,0.877840,-1,-1,-1
95,9,1717.629,120.275,60.937,141.360,0.864691,-1,-1,-1
95,2,726.636,196.898,51.733,135.262,0.863627,-1,-1,-1
95,13,1113.311,188.111,48.409,137.505,0.863315,-1,-1,-1
95,50,1006.264,728.091,60.760,181.875,0.862242,-1,-1,-1
95,7,703.665,41.485,49.461,125.926,0.861827,-1,-1,-1
95,30,575.115,359.731,58.616,138.487,0.861087,-1,-1,-1
95,33,178.600,49.358,49.241,104.039,0.858915,-1,-1,-1
95,55,661.447,905.857,103.467,173.866,0.855203,-1,-1,-1
95,53,6.160,554.426,90.687,176.947,0.855191,-1,-1,-1
95,19,1662.588,67.372,45.029,113.266,0.854863,-1,-1,-1
95,5,1043.900,871.405,99.896,207.675,0.854457,-1,-1,-1
95,23,1174.621,265.174,57.057,123.402,0.853556,-1,-1,-1
95,22,912.773,63.016,45.525,129.746,0.853433,-1,-1,-1
95,37,1877.188,197.869,42.735,120.923,0.853426,-1,-1,-1
95,10,177.874,974.749,102.610,104.932,0.851266,-1,-1,-1
95,49,86.486,113.727,49.644,119.323,0.849648,-1,-1,-1
95,8,690.731,287.566,58.534,158.130,0.848458,-1,-1,-1
95,24,1382.283,34.946,37.544,134.628,0.845011,-1,-1,-1
95,16,797.521,47.467,37.029,123.518,0.843022,-1,-1,-1
95,32,1813.987,353.609,99.371,164.690,0.842951,-1,-1,-1
95,43,218.555,0.034,55.588,86.928,0.836423,-1,-1,-1
95,14,1709.444,61.490,45.442,107.905,0.829512,-1,-1,-1
95,29,982.052,0.000,35.885,83.146,0.828665,-1,-1,-1
95,34,1310.817,0.000,41.706,107.210,0.825404,-1,-1,-1
95,38,382.978,465.909,124.829,188.825,0.824177,-1,-1,-1
95,28,992.884,258.025,56.673,151.024,0.810208,-1,-1,-1
95,21,858.815,53.739,55.798,124.999,0.802757,-1,-1,-1
95,4,1660.480,886.879,114.606,186.704,0.788553,-1,-1,-1
95,26,1136.555,0.000,55.178,116.533,0.774839,-1,-1,-1
95,18,1160.919,0.000,46.156,111.989,0.770680,-1,-1,-1
95,3,112.692,827.068,106.271,226.839,0.770272,-1,-1,-1
95,40,337.388,476.415,74.292,153.648,0.734454,-1,-1,-1
95,11,1885.905,351.238,34.095,121.892,0.722667,-1,-1,-1
95,59,1254.167,24.977,24.958,81.255,0.687529,-1,-1,-1
95,36,1801.747,0.013,45.096,28.027,0.647031,-1,-1,-1
95,6,496.740,0.010,35.010,25.594,0.582100,-1,-1,-1
95,27,1238.580,0.089,34.715,71.586,0.522172,-1,-1,-1
95,57,1866.068,0.008,30.294,22.464,0.458968,-1,-1,-1
96,20,1054.624,504.388,75.771,185.349,0.889635,-1,-1,-1
96,12,558.143,470.154,72.586,156.074,0.887408,-1,-1,-1
96,1,1657.776,722.422,95.375,179.270,0.884453,-1,-1,-1
96,42,1647.889,362.731,74.505,176.114,0.882861,-1,-1,-1
96,54,1185.014,826.323,96.366,211.046,0.880986,-1,-1,-1
96,15,911.267,363.777,67.845,160.941,0.880877,-1,-1,-1
96,31,1762.727,250.384,72.563,158.160,0.877168,-1,-1,-1
96,4,1662.961,892.923,112.878,186.861,0.877100,-1,-1,-1
96,2,725.647,194.664,54.477,136.743,0.866293,-1,-1,-1
96,32,1814.555,355.598,92.202,162.489,0.864762,-1,-1,-1
96,9,1717.778,121.942,60.825,142.119,0.863455,-1,-1,-1
96,13,1113.688,189.096,48.256,132.788,0.863119,-1,-1,-1
96,7,703.573,39.515,48.827,124.090,0.862150,-1,-1,-1
96,30,575.039,361.326,58.416,136.950,0.860677,-1,-1,-1
96,5,1042.572,875.104,91.125,203.866,0.860652,-1,-1,-1
96,50,1006.895,724.102,59.999,183.840,0.859174,-1,-1,-1
96,19,1662.553,68.224,46.396,114.051,0.857536,-1,-1,-1
96,55,661.969,901.580,102.717,178.177,0.857408,-1,-1,-1
96,53,8.662,555.752,89.455,176.038,0.856211,-1,-1,-1
96,37,1877.418,198.279,42.517,121.297,0.854001,-1,-1,-1
96,8,689.895,285.979,59.180,160.870,0.853691,-1,-1,-1
96,22,912.541,63.927,45.592,128.788,0.850991,-1,-1,-1
96,49,86.520,113.759,49.419,119.292,0.850622,-1,-1,-1
96,33,181.067,48.863,46.890,104.824,0.848771,-1,-1,-1
96,10,179.669,976.637,102.625,103.067,0.847455,-1,-1,-1
96,24,1382.237,34.889,37.243,134.665,0.846194,-1,-1,-1
96,23,1174.055,264.032,56.671,124.293,0.845635,-1,-1,-1
96,29,982.958,0.000,35.004,83.043,0.842602,-1,-1,-1
96,16,797.570,47.482,36.968,123.516,0.841660,-1,-1,-1
96,43,218.589,0.075,54.940,87.834,0.832495,-1,-1,-1
96,14,1708.658,62.921,47.056,105.620,0.830886,-1,-1,-1
96,34,1310.767,0.000,40.470,107.429,0.829778,-1,-1,-1
96,38,383.322,465.565,124.305,189.169,0.826241,-1,-1,-1
96,21,858.954,53.754,55.294,125.028,0.804421,-1,-1,-1
96,28,990.274,260.012,58.933,156.033,0.798673,-1,-1,-1
96,3,111.257,830.881,104.493,228.138,0.782594,-1,-1,-1
96,26,1135.534,0.227,45.969,116.323,0.776982,-1,-1,-1
96,40,337.304,476.395,72.548,153.705,0.753450,-1,-1,-1
96,18,1164.180,0.000,42.353,107.560,0.745343,-1,-1,-1
96,11,1901.487,355.583,18.513,125.607,0.698021,-1,-1,-1
96,59,1253.706,27.874,25.052,78.093,0.693672,-1,-1,-1
96,36,1801.301,0.028,43.030,28.154,0.662469,-1,-1,-1
96,6,497.552,0.000,31.478,26.216,0.577796,-1,-1,-1
96,57,1866.396,0.022,30.865,22.455,0.445591,-1,-1,-1
96,27,1239.091,0.072,33.114,70.719,0.408336,-1,-1,-1
96,56,425.623,492.155,81.772,138.568,0.389488,-1,-1,-1
97,12,557.278,471.491,73.901,154.813,0.893091,-1,-1,-1
97,20,1054.110,500.809,75.723,185.348,0.892886,-1,-1,-1
97,31,1764.005,252.201,72.461,156.932,0.885456,-1,-1,-1
97,54,1185.094,822.470,95.777,214.782,0.884458,-1,-1,-1
97,1,1660.023,727.045,95.474,174.852,0.883439,-1,-1,-1
97,42,1646.458,360.654,74.378,175.206,0.882345,-1,-1,-1
97,15,910.882,365.900,68.654,158.642,0.881071,-1,-1,-1
97,13,1113.659,190.266,48.597,135.732,0.865306,-1,-1,-1
97,2,725.135,192.954,55.968,138.056,0.863973,-1,-1,-1
97,9,1718.084,124.182,60.148,140.949,0.861815,-1,-1,-1
97,23,1173.416,262.677,59.833,125.811,0.861181,-1,-1,-1
97,8,689.859,284.605,58.902,161.233,0.859003,-1,-1,-1
97,30,574.857,362.642,58.642,136.082,0.856754,-1,-1,-1
97,7,704.393,37.639,48.281,123.198,0.856340,-1,-1,-1
97,53,9.504,557.076,90.540,174.716,0.856170,-1,-1,-1
97,19,1662.583,69.997,47.992,113.514,0.854331,-1,-1,-1
97,37,1877.616,199.884,42.320,119.719,0.853233,-1,-1,-1
97,49,86.279,113.696,49.552,119.275,0.852234,-1,-1,-1
97,50,1007.311,720.065,59.452,185.337,0.851321,-1,-1,-1
97,5,1041.218,878.150,90.037,200.811,0.850600,-1,-1,-1
97,55,662.894,893.415,101.514,186.285,0.850082,-1,-1,-1
97,10,181.050,978.184,101.861,101.468,0.848897,-1,-1,-1
97,32,1814.542,356.884,87.733,161.716,0.848567,-1,-1,-1
97,22,912.625,64.691,45.512,128.299,0.847614,-1,-1,-1
97,24,1382.266,34.868,37.170,134.697,0.846466,-1,-1,-1
97,43,218.390,0.151,54.566,89.230,0.844279,-1,-1,-1
97,33,184.399,48.321,43.428,105.247,0.843996,-1,-1,-1
97,16,797.555,47.422,36.695,123.621,0.840687,-1,-1,-1
97,29,983.546,0.068,35.592,82.679,0.834733,-1,-1,-1
97,14,1709.388,64.346,47.156,105.263,0.829840,-1,-1,-1
97,34,1310.530,0.000,40.615,107.414,0.828090,-1,-1,-1
97,38,384.529,466.629,116.373,188.077,0.826901,-1,-1,-1
97,3,109.923,835.407,101.510,233.155,0.814252,-1,-1,-1
97,28,986.260,261.988,62.338,160.871,0.805917,-1,-1,-1
97,21,858.721,53.689,56.066,125.089,0.805871,-1,-1,-1
97,4,1663.501,898.511,114.319,181.160,0.793016,-1,-1,-1
97,26,1133.562,0.000,47.638,116.401,0.761545,-1,-1,-1
97,40,337.244,476.432,72.899,153.714,0.743860,-1,-1,-1
97,6,499.612,0.073,33.826,24.574,0.738226,-1,-1,-1
97,11,1897.926,358.881,22.074,129.536,0.717185,-1,-1,-1
97,59,1253.022,28.353,25.819,76.596,0.715208,-1,-1,-1
97,18,1163.576,0.000,43.384,108.521,0.680745,-1,-1,-1
97,36,1800.343,0.025,44.468,27.860,0.651646,-1,-1,-1
97,57,1867.334,0.042,30.741,22.409,0.488509,-1,-1,-1
97,56,450.714,499.507,56.514,131.107,0.488005,-1,-1,-1
97,27,1237.821,0.135,33.124,70.855,0.418397,-1,-1,-1
98,31,1765.105,254.782,72.880,153.623,0.887443,-1,-1,-1
98,54,1186.588,798.236,93.075,233.044,0.886188,-1,-1,-1
98,12,555.035,475.804,79.174,155.673,0.884212,-1,-1,-1
98,4,1668.026,911.412,112.612,168.265,0.875746,-1,-1,-1
98,20,1053.782,494.680,75.660,178.206,0.875212,-1,-1,-1
98,42,1641.868,355.833,66.859,171.570,0.874472,-1,-1,-1
98,15,910.963,368.374,71.142,156.258,0.873573,-1,-1,-1
98,2,723.756,189.828,58.372,140.264,0.873012,-1,-1,-1
98,13,1112.818,192.278,50.032,132.607,0.870442,-1,-1,-1
98,9,1717.585,126.918,60.172,141.656,0.865950,-1,-1,-1
98,1,1663.890,738.303,96.802,172.063,0.861300,-1,-1,-1
98,8,689.467,281.913,58.729,163.486,0.860651,-1,-1,-1
98,30,572.967,366.431,60.630,133.154,0.859025,-1,-1,-1
98,53,13.958,562.746,102.849,172.469,0.853772,-1,-1,-1
98,50,1008.098,712.352,57.954,182.591,0.852943,-1,-1,-1
98,55,664.727,884.936,97.876,195.064,0.851850,-1,-1,-1
98,5,1038.587,885.625,80.916,194.375,0.851766,-1,-1,-1
98,49,85.416,113.368,50.398,119.415,0.847551,-1,-1,-1
98,19,1663.125,69.761,50.577,115.026,0.847046,-1,-1,-1
98,24,1381.402,35.217,37.609,134.400,0.846581,-1,-1,-1
98,7,706.725,34.125,45.431,123.941,0.846401,-1,-1,-1
98,23,1172.767,260.783,61.066,127.968,0.846044,-1,-1,-1
98,37,1879.402,201.482,40.551,118.144,0.845717,-1,-1,-1
98,22,913.244,65.547,44.983,127.342,0.844674,-1,-1,-1
98,3,106.907,844.564,98.512,192.572,0.842301,-1,-1,-1
98,43,218.638,0.139,53.535,90.530,0.840930,-1,-1,-1
98,16,797.550,47.470,36.917,123.572,0.839769,-1,-1,-1
98,33,189.689,47.812,46.450,104.730,0.839559,-1,-1,-1
98,32,1815.941,360.816,88.598,157.941,0.837620,-1,-1,-1
98,29,984.795,0.000,36.121,82.130,0.835537,-1,-1,-1
98,21,858.437,53.495,58.006,125.119,0.833498,-1,-1,-1
98,14,1710.070,65.586,47.372,106.199,0.824581,-1,-1,-1
98,38,385.904,466.512,121.650,188.020,0.822897,-1,-1,-1
98,10,183.299,982.387,103.643,97.613,0.821359,-1,-1,-1
98,34,1310.112,0.000,37.551,107.845,0.807743,-1,-1,-1
98,28,987.715,267.924,56.856,163.419,0.804240,-1,-1,-1
98,40,336.882,476.389,75.371,153.912,0.745913,-1,-1,-1
98,26,1131.215,0.000,42.911,115.490,0.743118,-1,-1,-1
98,59,1251.436,32.206,26.394,71.973,0.732731,-1,-1,-1
98,6,495.764,0.000,52.724,23.629,0.658761,-1,-1,-1
98,56,450.918,499.740,56.453,130.583,0.637154,-1,-1,-1
98,36,1798.990,0.000,48.538,27.733,0.633483,-1,-1,-1
98,11,1892.345,356.523,27.655,149.384,0.630081,-1,-1,-1
98,57,1867.410,0.000,30.548,22.586,0.568958,-1,-1,-1
98,18,1158.766,0.009,54.714,111.715,0.509325,-1,-1,-1
98,27,1238.027,0.000,33.424,70.577,0.509317,-1,-1,-1
99,31,1764.241,256.112,74.513,152.312,0.886765,-1,-1,-1
99,54,1186.337,807.415,92.750,220.216,0.884870,-1,-1,-1
99,12,553.957,478.729,81.631,160.770,0.884571,-1,-1,-1
99,42,1640.125,352.951,67.083,169.961,0.876306,-1,-1,-1
99,2,723.580,189.049,59.149,141.066,0.874484,-1,-1,-1
99,15,911.385,369.999,71.260,154.460,0.873685,-1,-1,-1
99,13,1111.692,190.529,51.244,132.007,0.864862,-1,-1,-1
99,4,1670.223,917.201,114.049,162.592,0.864092,-1,-1,-1
99,33,193.513,48.306,53.286,103.572,0.862309,-1,-1,-1
99,9,1716.329,127.922,60.956,142.507,0.859818,-1,-1,-1
99,53,16.341,564.404,109.110,178.541,0.858730,-1,-1,-1
99,20,1053.122,489.488,76.103,172.759,0.858530,-1,-1,-1
99,30,573.270,369.005,60.034,131.630,0.857414,-1,-1,-1
99,23,1172.324,259.736,62.047,128.575,0.855518,-1,-1,-1
99,7,705.615,32.798,46.527,124.993,0.855506,-1,-1,-1
99,19,1663.150,70.041,52.715,114.777,0.852394,-1,-1,-1
99,49,85.640,113.422,50.192,119.374,0.852367,-1,-1,-1
99,8,689.645,279.675,58.471,165.101,0.852001,-1,-1,-1
99,22,914.541,67.135,44.282,125.764,0.849580,-1,-1,-1
99,55,665.313,879.591,97.188,200.047,0.849384,-1,-1,-1
99,50,1007.476,707.230,58.720,176.507,0.848801,-1,-1,-1
99,5,1036.145,888.189,81.337,191.811,0.848193,-1,-1,-1
99,1,1665.792,743.975,97.929,161.468,0.846286,-1,-1,-1
99,24,1381.466,35.186,37.557,134.239,0.846091,-1,-1,-1
99,37,1879.410,202.708,40.575,117.078,0.845874,-1,-1,-1
99,21,858.469,53.377,57.887,125.125,0.844822,-1,-1,-1
99,16,797.592,47.440,36.665,123.297,0.841608,-1,-1,-1
99,32,1818.469,362.281,90.072,157.781,0.838628,-1,-1,-1
99,29,985.284,0.000,36.232,80.481,0.837996,-1,-1,-1
99,3,105.640,849.536,100.836,209.689,0.830464,-1,-1,-1
99,43,218.958,0.146,53.224,90.536,0.830317,-1,-1,-1
99,38,385.889,466.227,119.628,188.202,0.821591,-1,-1,-1
99,14,1711.867,66.051,45.945,109.148,0.821096,-1,-1,-1
99,28,987.810,271.096,54.541,164.072,0.812094,-1,-1,-1
99,34,1310.010,0.000,38.137,108.142,0.792883,-1,-1,-1
99,26,1131.145,0.000,40.865,115.309,0.778578,-1,-1,-1
99,10,185.114,984.849,102.732,95.151,0.778108,-1,-1,-1
99,40,336.956,476.144,76.709,154.011,0.761370,-1,-1,-1
99,59,1251.000,31.826,26.376,72.259,0.722221,-1,-1,-1
99,56,446.488,497.742,60.882,132.036,0.659207,-1,-1,-1
99,36,1798.784,0.035,46.408,27.512,0.624220,-1,-1,-1
99,57,1870.290,0.000,30.503,23.033,0.601449,-1,-1,-1
99,27,1234.401,0.000,36.577,69.463,0.512383,-1,-1,-1
99,18,1155.109,0.000,58.424,110.885,0.496291,-1,-1,-1
99,6,497.853,0.000,59.927,24.016,0.483168,-1,-1,-1
100,31,1765.331,257.856,73.825,150.188,0.889927,-1,-1,-1
100,4,1672.714,923.640,111.588,156.360,0.886505,-1,-1,-1
100,42,1637.466,350.521,68.390,164.549,0.883948,-1,-1,-1
100,20,1052.872,486.423,76.919,169.827,0.881984,-1,-1,-1
100,12,553.436,481.315,83.262,164.984,0.878965,-1,-1,-1
100,15,911.860,371.090,70.467,153.313,0.876685,-1,-1,-1
100,2,723.504,187.698,59.512,142.812,0.876468,-1,-1,-1
100,54,1186.569,800.934,92.439,218.619,0.876198,-1,-1,-1
100,1,1667.462,751.227,99.089,152.104,0.874894,-1,-1,-1
100,33,197.034,48.398,59.151,103.165,0.872347,-1,-1,-1
100,21,858.194,53.134,59.122,125.212,0.866671,-1,-1,-1
100,3,104.837,855.436,102.613,219.698,0.863887,-1,-1,-1
100,13,1110.522,195.727,53.042,124.766,0.862993,-1,-1,-1
100,7,706.592,31.684,46.458,126.008,0.857814,-1,-1,-1
100,19,1664.118,70.702,53.483,114.566,0.856992,-1,-1,-1
100,23,1171.938,258.809,61.888,128.534,0.856167,-1,-1,-1
100,53,17.306,569.155,115.276,181.533,0.855251,-1,-1,-1
100,50,1008.287,702.549,57.625,170.126,0.852713,-1,-1,-1
100,49,85.403,113.162,50.304,119.451,0.851399,-1,-1,-1
100,24,1381.531,35.055,37.434,134.337,0.847729,-1,-1,-1
100,55,664.391,868.169,97.959,211.831,0.845016,-1,-1,-1
100,22,915.174,68.475,43.488,125.280,0.844804,-1,-1,-1
100,30,572.001,370.411,64.944,129.276,0.844227,-1,-1,-1
100,37,1880.460,201.681,39.513,117.697,0.843823,-1,-1,-1
100,8,689.716,277.441,58.344,162.893,0.843130,-1,-1,-1
100,16,797.539,47.213,36.706,123.560,0.841285,-1,-1,-1
100,9,1719.567,128.808,57.517,141.410,0.838867,-1,-1,-1
100,29,985.774,0.000,36.176,80.773,0.836456,-1,-1,-1
100,43,218.282,0.032,53.448,90.861,0.822222,-1,-1,-1
100,28,983.762,273.231,58.779,163.910,0.820876,-1,-1,-1
100,38,385.111,466.155,110.714,188.067,0.819488,-1,-1,-1
100,5,1032.193,891.628,82.605,188.372,0.809606,-1,-1,-1
100,14,1717.771,66.460,40.638,114.220,0.809472,-1,-1,-1
100,32,1820.661,365.915,91.610,161.455,0.797719,-1,-1,-1
100,34,1309.250,0.056,36.537,108.008,0.796938,-1,-1,-1
100,26,1130.863,0.000,41.296,114.831,0.794305,-1,-1,-1
100,10,185.896,987.601,102.885,92.399,0.753014,-1,-1,-1
100,59,1249.646,31.307,27.177,72.657,0.736223,-1,-1,-1
100,40,337.016,476.213,74.995,154.138,0.733552,-1,-1,-1
100,36,1798.049,0.000,47.270,27.428,0.657114,-1,-1,-1
100,56,432.646,491.959,75.036,137.918,0.650716,-1,-1,-1
100,27,1230.585,0.000,38.142,68.829,0.641681,-1,-1,-1
100,57,1872.221,0.000,31.685,23.924,0.641035,-1,-1,-1
100,6,497.303,0.000,63.486,24.091,0.549520,-1,-1,-1
100,18,1161.195,0.000,43.672,97.370,0.446791,-1,-1,-1
101,31,1766.087,259.455,73.333,151.457,0.892675,-1,-1,-1
101,4,1674.395,929.078,110.403,150.922,0.886302,-1,-1,-1
101,12,552.805,481.536,85.242,167.757,0.886196,-1,-1,-1
101,2,723.347,186.337,60.134,143.535,0.878894,-1,-1,-1
101,54,1185.783,794.621,93.550,216.815,0.878291,-1,-1,-1
101,42,1634.211,347.166,70.815,159.695,0.878117,-1,-1,-1
101,15,911.923,373.028,70.235,150.967,0.875389,-1,-1,-1
101,33,199.970,49.284,63.378,101.932,0.872895,-1,-1,-1
101,20,1053.094,483.148,76.463,160.152,0.867572,-1,-1,-1
101,1,1668.621,756.450,100.554,146.988,0.865532,-1,-1,-1
101,30,571.414,373.688,62.697,124.479,0.862409,-1,-1,-1
101,23,1171.630,256.015,61.266,129.832,0.862193,-1,-1,-1
101,13,1109.400,196.381,54.757,132.434,0.860290,-1,-1,-1
101,53,20.438,572.784,115.996,179.512,0.859132,-1,-1,-1
101,21,858.198,52.907,58.909,125.458,0.857980,-1,-1,-1
101,7,705.825,30.700,47.832,126.749,0.855881,-1,-1,-1
101,19,1665.047,71.081,53.371,113.741,0.854803,-1,-1,-1
101,50,1008.287,697.802,57.461,164.861,0.851020,-1,-1,-1
101,5,1029.540,894.825,82.068,185.175,0.849817,-1,-1,-1
101,24,1381.444,35.042,37.530,134.203,0.847156,-1,-1,-1
101,49,84.689,113.118,50.975,119.409,0.847053,-1,-1,-1
101,22,914.966,69.576,44.247,128.803,0.846488,-1,-1,-1
101,37,1880.754,203.752,39.210,115.389,0.843816,-1,-1,-1
101,8,690.591,275.038,57.311,163.786,0.843654,-1,-1,-1
101,9,1716.522,129.639,60.559,141.007,0.843000,-1,-1,-1
101,16,797.589,46.918,36.476,123.586,0.841245,-1,-1,-1
101,55,663.728,868.232,98.402,211.583,0.839171,-1,-1,-1
101,38,385.403,465.712,102.317,188.395,0.826232,-1,-1,-1
101,28,982.402,275.115,59.731,163.454,0.824672,-1,-1,-1
101,43,218.163,0.009,53.087,90.879,0.823529,-1,-1,-1
101,29,986.749,0.000,35.853,78.736,0.820228,-1,-1,-1
101,14,1715.911,66.250,43.770,111.901,0.816963,-1,-1,-1
101,26,1130.604,0.000,42.901,113.353,0.814034,-1,-1,-1
101,3,103.351,861.774,103.882,218.226,0.813795,-1,-1,-1
101,34,1309.281,0.005,35.363,109.478,0.808845,-1,-1,-1
101,32,1823.334,368.477,87.784,167.364,0.799440,-1,-1,-1
101,10,188.751,990.142,99.993,89.834,0.788249,-1,-1,-1
101,59,1249.535,32.821,26.697,70.534,0.747886,-1,-1,-1
101,40,337.121,476.361,74.377,153.726,0.736304,-1,-1,-1
101,57,1872.244,0.000,37.770,26.488,0.665131,-1,-1,-1
101,36,1797.942,0.000,48.018,26.982,0.645561,-1,-1,-1
101,27,1235.682,0.150,32.914,69.591,0.624123,-1,-1,-1
101,56,417.774,469.960,89.888,162.658,0.603167,-1,-1,-1
101,6,498.208,0.000,63.942,23.864,0.512451,-1,-1,-1
101,18,1160.691,0.043,45.216,92.299,0.480856,-1,-1,-1
102,4,1676.374,934.199,110.628,145.693,0.893006,-1,-1,-1
102,31,1766.024,261.956,74.244,156.578,0.892297,-1,-1,-1
102,12,552.797,485.883,85.602,168.975,0.891546,-1,-1,-1
102,54,1185.247,787.693,94.596,209.611,0.884591,-1,-1,-1
102,15,912.145,374.806,69.562,152.454,0.883714,-1,-1,-1
102,42,1631.432,346.057,72.453,159.309,0.879683,-1,-1,-1
102,2,723.621,184.927,60.254,143.163,0.876121,-1,-1,-1
102,20,1052.972,479.913,76.055,161.895,0.874963,-1,-1,-1
102,33,201.059,49.807,66.228,101.185,0.867673,-1,-1,-1
102,13,1108.201,200.542,56.449,132.655,0.865577,-1,-1,-1
102,53,23.339,571.951,114.125,183.932,0.862916,-1,-1,-1
102,49,85.017,112.716,50.617,119.503,0.862137,-1,-1,-1
102,21,858.213,52.676,58.649,125.383,0.857514,-1,-1,-1
102,5,1026.765,898.484,81.984,180.797,0.856156,-1,-1,-1
102,3,102.517,867.961,103.699,212.039,0.855907,-1,-1,-1
102,30,570.981,375.881,62.371,171.837,0.855408,-1,-1,-1
102,7,705.784,30.367,48.350,127.125,0.854668,-1,-1,-1
102,23,1171.173,254.307,54.619,128.600,0.851142,-1,-1,-1
102,22,915.061,71.345,43.831,130.940,0.850504,-1,-1,-1
102,1,1669.951,762.169,103.502,147.072,0.849677,-1,-1,-1
102,50,1008.001,692.951,57.792,161.701,0.848819,-1,-1,-1
102,24,1381.028,35.009,37.549,134.009,0.848774,-1,-1,-1
102,9,1716.582,130.311,60.339,140.290,0.845040,-1,-1,-1
102,55,661.795,862.038,100.719,213.569,0.842601,-1,-1,-1
102,8,691.554,272.151,56.048,162.967,0.841422,-1,-1,-1
102,37,1880.721,204.136,39.222,116.159,0.840843,-1,-1,-1
102,19,1666.466,71.777,53.415,112.938,0.840660,-1,-1,-1
102,16,797.519,46.968,36.481,123.582,0.840413,-1,-1,-1
102,38,385.757,467.085,77.771,186.617,0.833255,-1,-1,-1
102,28,980.414,276.937,61.478,163.372,0.828443,-1,-1,-1
102,43,218.795,0.009,52.882,90.376,0.816743,-1,-1,-1
102,29,987.163,0.000,36.309,76.459,0.803447,-1,-1,-1
102,26,1129.999,0.000,40.494,111.653,0.803106,-1,-1,-1
102,10,190.862,991.803,98.397,88.183,0.801042,-1,-1,-1
102,14,1717.669,66.613,42.481,110.917,0.797325,-1,-1,-1
102,34,1309.167,0.000,34.921,109.508,0.796020,-1,-1,-1
102,32,1835.180,371.782,77.830,172.295,0.782372,-1,-1,-1
102,40,337.254,476.402,72.577,153.659,0.741370,-1,-1,-1
102,59,1248.081,31.649,27.362,71.605,0.733084,-1,-1,-1
102,57,1871.651,0.000,35.423,28.526,0.724576,-1,-1,-1
102,36,1797.757,0.000,48.346,26.893,0.643682,-1,-1,-1
102,56,444.626,494.828,62.326,134.392,0.639597,-1,-1,-1
102,18,1156.740,0.000,48.030,92.491,0.618479,-1,-1,-1
102,6,501.889,0.000,62.049,22.153,0.551242,-1,-1,-1
102,27,1235.194,0.271,32.985,68.538,0.524179,-1,-1,-1
103,31,1765.798,268.186,74.110,162.881,0.897945,-1,-1,-1
103,12,551.916,491.008,87.096,169.631,0.892434,-1,-1,-1
103,15,911.221,379.341,68.822,164.439,0.887118,-1,-1,-1
103,42,1626.732,341.941,72.629,162.236,0.887108,-1,-1,-1
103,4,1679.834,943.248,111.253,136.194,0.886387,-1,-1,-1
103,20,1052.453,474.540,77.123,166.987,0.884567,-1,-1,-1
103,54,1185.320,775.140,94.818,195.003,0.879932,-1,-1,-1
103,13,1105.489,204.906,59.252,151.789,0.871433,-1,-1,-1
103,30,569.024,380.484,63.435,118.998,0.866804,-1,-1,-1
103,49,84.133,111.610,50.683,120.023,0.862459,-1,-1,-1
103,2,723.528,180.930,60.010,143.598,0.861262,-1,-1,-1
103,33,204.683,49.384,66.551,100.156,0.861169,-1,-1,-1
103,50,1006.604,686.032,59.661,165.529,0.860349,-1,-1,-1
103,53,27.284,581.259,109.234,182.224,0.856968,-1,-1,-1
103,7,705.614,28.618,48.878,128.293,0.854882,-1,-1,-1
103,5,1023.550,907.348,78.738,172.273,0.854807,-1,-1,-1
103,24,1380.596,34.883,37.186,133.829,0.851656,-1,-1,-1
103,23,1169.677,249.536,54.314,128.786,0.851518,-1,-1,-1
103,9,1715.096,132.082,60.770,138.365,0.850882,-1,-1,-1
103,8,691.466,265.639,55.673,156.144,0.849704,-1,-1,-1
103,19,1669.631,72.968,53.138,111.454,0.847184,-1,-1,-1
103,22,915.624,74.349,43.233,131.797,0.843926,-1,-1,-1
103,55,657.294,849.761,105.455,206.716,0.841554,-1,-1,-1
103,16,797.178,46.560,36.463,123.601,0.840714,-1,-1,-1
103,37,1880.262,205.290,39.723,124.696,0.839127,-1,-1,-1
103,1,1672.400,771.600,109.033,157.309,0.832008,-1,-1,-1
103,3,98.128,880.365,105.141,198.841,0.830085,-1,-1,-1
103,32,1829.405,378.864,90.595,171.232,0.828036,-1,-1,-1
103,38,384.847,465.419,78.215,187.721,0.824919,-1,-1,-1
103,21,858.242,51.702,57.721,125.918,0.823510,-1,-1,-1
103,26,1127.695,0.000,41.796,106.715,0.823460,-1,-1,-1
103,29,989.079,0.000,35.308,70.740,0.808861,-1,-1,-1
103,40,336.168,476.173,67.830,153.020,0.805353,-1,-1,-1
103,43,218.892,0.000,51.574,90.110,0.799801,-1,-1,-1
103,28,984.314,279.741,57.771,160.384,0.780704,-1,-1,-1
103,34,1303.370,0.248,42.024,106.458,0.777390,-1,-1,-1
103,59,1241.129,31.453,31.859,69.167,0.775499,-1,-1,-1
103,14,1721.626,68.100,40.531,113.195,0.769117,-1,-1,-1
103,18,1155.690,0.000,44.296,93.819,0.714775,-1,-1,-1
103,10,188.517,996.011,103.012,83.946,0.700049,-1,-1,-1
103,56,441.974,496.264,64.496,132.420,0.698487,-1,-1,-1
103,36,1797.648,0.000,46.545,26.645,0.661136,-1,-1,-1
103,6,504.664,0.000,59.679,20.868,0.620497,-1,-1,-1
103,57,1870.974,0.000,36.372,29.913,0.577323,-1,-1,-1
103,27,1233.975,0.000,35.009,69.964,0.455659,-1,-1,-1
104,31,1765.332,272.229,74.522,162.818,0.896843,-1,-1,-1
104,12,551.923,495.572,87.125,166.946,0.894003,-1,-1,-1
104,20,1051.951,472.778,77.706,169.526,0.886517,-1,-1,-1
104,4,1680.821,948.172,111.531,131.484,0.884956,-1,-1,-1
104,54,1187.338,770.380,92.339,186.781,0.883542,-1,-1,-1
104,15,910.486,382.819,68.500,164.455,0.882096,-1,-1,-1
104,13,1105.035,207.279,59.764,138.633,0.872117,-1,-1,-1
104,42,1622.069,339.867,75.075,165.791,0.871235,-1,-1,-1
104,53,30.429,584.371,103.902,185.468,0.864376,-1,-1,-1
104,3,96.562,886.438,105.852,193.358,0.861461,-1,-1,-1
104,49,83.871,112.054,50.928,119.817,0.860752,-1,-1,-1
104,33,207.195,49.415,66.018,101.043,0.860559,-1,-1,-1
104,2,723.300,179.102,59.337,142.128,0.859865,-1,-1,-1
104,32,1830.437,382.217,89.315,171.208,0.859629,-1,-1,-1
104,30,568.036,382.867,63.159,119.203,0.859560,-1,-1,-1
104,23,1168.963,247.689,58.039,126.704,0.858563,-1,-1,-1
104,50,1005.009,683.251,60.517,168.906,0.857889,-1,-1,-1
104,5,1020.275,912.202,78.207,167.396,0.856847,-1,-1,-1
104,9,1718.594,132.982,57.051,137.718,0.850893,-1,-1,-1
104,24,1380.246,35.127,37.367,133.836,0.850422,-1,-1,-1
104,7,705.363,27.958,48.882,128.418,0.848733,-1,-1,-1
104,19,1672.421,73.762,51.805,111.025,0.848103,-1,-1,-1
104,22,916.733,76.374,42.939,131.723,0.844201,-1,-1,-1
104,8,690.978,262.566,55.929,153.923,0.841814,-1,-1,-1
104,16,797.125,46.739,36.567,123.666,0.838943,-1,-1,-1
104,55,655.700,843.355,107.813,209.224,0.837670,-1,-1,-1
104,21,858.171,52.073,58.116,126.046,0.836084,-1,-1,-1
104,37,1879.788,206.461,40.206,127.172,0.835304,-1,-1,-1
104,1,1676.143,776.195,109.254,208.123,0.821483,-1,-1,-1
104,26,1125.661,0.000,46.014,103.634,0.819785,-1,-1,-1
104,38,384.506,465.897,77.755,187.648,0.819307,-1,-1,-1
104,29,989.821,0.000,34.315,69.906,0.813332,-1,-1,-1
104,43,218.401,0.019,52.761,90.359,0.798678,-1,-1,-1
104,40,335.917,476.309,69.052,153.274,0.796963,-1,-1,-1
104,28,976.623,280.550,64.609,160.500,0.791519,-1,-1,-1
104,34,1299.779,0.125,43.846,105.925,0.790865,-1,-1,-1
104,27,1236.431,0.100,36.280,101.150,0.777759,-1,-1,-1
104,14,1721.328,69.213,40.862,116.143,0.752747,-1,-1,-1
104,56,443.630,496.980,62.980,131.930,0.726708,-1,-1,-1
104,10,187.637,999.523,103.684,80.429,0.716986,-1,-1,-1
104,18,1155.129,0.000,42.437,94.123,0.711345,-1,-1,-1
104,57,1871.528,0.000,37.075,31.190,0.688246,-1,-1,-1
104,36,1797.395,0.000,46.642,26.881,0.663314,-1,-1,-1
104,6,505.697,0.000,58.385,19.674,0.647160,-1,-1,-1
104,60,952.628,0.000,32.021,16.230,0.529426,-1,-1,-1
105,12,552.115,498.040,86.973,165.032,0.899324,-1,-1,-1
105,31,1764.659,275.116,74.870,161.368,0.894361,-1,-1,-1
105,20,1052.351,471.075,77.562,171.541,0.889980,-1,-1,-1
105,42,1617.931,337.862,77.365,167.236,0.883315,-1,-1,-1
105,54,1189.386,765.494,91.114,192.339,0.883266,-1,-1,-1
105,15,909.860,386.178,67.963,164.347,0.878102,-1,-1,-1
105,32,1831.833,384.238,88.167,171.493,0.875180,-1,-1,-1
105,5,1016.936,915.951,78.382,163.541,0.872666,-1,-1,-1
105,13,1105.238,208.938,59.029,156.823,0.869802,-1,-1,-1
105,50,1003.283,680.322,62.933,172.206,0.863857,-1,-1,-1
105,2,723.310,177.457,58.208,139.450,0.863732,-1,-1,-1
105,53,32.906,586.777,101.731,184.522,0.863309,-1,-1,-1
105,33,209.291,49.596,64.251,100.832,0.858800,-1,-1,-1
105,49,83.260,112.322,51.305,119.781,0.857442,-1,-1,-1
105,23,1168.602,244.846,57.804,122.674,0.852313,-1,-1,-1
105,7,705.485,26.556,48.682,129.020,0.851108,-1,-1,-1
105,22,916.958,78.490,42.811,132.290,0.849690,-1,-1,-1
105,3,94.349,891.920,106.169,188.080,0.848445,-1,-1,-1
105,24,1380.079,35.145,37.117,133.825,0.847611,-1,-1,-1
105,9,1717.547,133.372,57.949,137.014,0.846502,-1,-1,-1
105,19,1675.672,74.134,49.395,111.150,0.845754,-1,-1,-1
105,16,796.714,46.859,36.798,123.485,0.842785,-1,-1,-1
105,4,1682.486,951.737,110.591,127.808,0.841407,-1,-1,-1
105,8,690.543,260.486,56.191,151.693,0.837984,-1,-1,-1
105,21,858.097,52.123,57.955,125.968,0.837546,-1,-1,-1
105,30,566.854,384.417,66.306,139.645,0.836967,-1,-1,-1
105,55,654.170,835.145,109.050,216.718,0.825168,-1,-1,-1
105,1,1680.667,780.237,109.358,207.274,0.824816,-1,-1,-1
105,26,1124.045,0.000,45.785,101.083,0.820675,-1,-1,-1
105,38,383.946,465.891,78.751,187.692,0.820573,-1,-1,-1
105,43,217.920,0.000,53.035,91.049,0.817715,-1,-1,-1
105,29,989.672,0.000,35.051,68.910,0.817442,-1,-1,-1
105,37,1879.266,208.895,40.648,126.595,0.816717,-1,-1,-1
105,34,1296.059,0.000,46.622,106.356,0.801211,-1,-1,-1
105,28,976.514,281.475,64.641,158.970,0.792821,-1,-1,-1
105,40,335.860,476.275,69.018,153.359,0.792183,-1,-1,-1
105,27,1235.587,0.123,36.142,100.978,0.780357,-1,-1,-1
105,14,1727.016,69.426,35.990,113.908,0.763670,-1,-1,-1
105,18,1154.761,0.041,41.551,94.451,0.729900,-1,-1,-1
105,56,443.419,497.041,63.204,131.894,0.729477,-1,-1,-1
105,57,1871.120,0.000,38.414,32.060,0.688604,-1,-1,-1
105,6,509.282,0.000,53.937,17.520,0.661131,-1,-1,-1
105,10,187.653,1001.882,104.137,78.094,0.659679,-1,-1,-1
105,36,1796.926,0.000,47.357,26.896,0.654600,-1,-1,-1
105,60,952.868,0.000,30.663,16.413,0.553312,-1,-1,-1
106,12,552.633,500.103,86.243,162.173,0.899907,-1,-1,-1
106,31,1764.300,277.361,75.465,162.538,0.893122,-1,-1,-1
106,20,1052.866,468.327,77.527,173.714,0.891807,-1,-1,-1
106,42,1614.482,335.811,79.633,168.125,0.884097,-1,-1,-1
106,54,1192.268,760.745,89.370,195.808,0.881764,-1,-1,-1
106,13,1105.297,209.423,58.795,152.279,0.876140,-1,-1,-1
106,15,909.478,388.402,68.758,164.168,0.875500,-1,-1,-1
106,53,35.151,588.113,100.501,183.917,0.867780,-1,-1,-1
106,3,91.565,895.175,107.908,184.825,0.864166,-1,-1,-1
106,33,213.480,47.756,60.974,102.072,0.864149,-1,-1,-1
106,5,1013.465,919.339,79.216,160.490,0.862889,-1,-1,-1
106,2,723.451,174.324,56.691,134.643,0.860125,-1,-1,-1
106,50,1002.092,676.113,64.983,175.309,0.857735,-1,-1,-1
106,23,1168.896,242.937,56.899,121.895,0.855650,-1,-1,-1
106,4,1685.145,956.789,111.399,123.198,0.853944,-1,-1,-1
106,1,1686.951,783.525,105.121,197.206,0.853455,-1,-1,-1
106,55,653.027,836.872,112.221,214.505,0.852154,-1,-1,-1
106,24,1380.351,34.538,37.590,133.773,0.852006,-1,-1,-1
106,49,83.027,111.100,51.795,120.298,0.850836,-1,-1,-1
106,7,705.721,24.694,48.729,128.553,0.849773,-1,-1,-1
106,30,565.936,385.560,63.904,138.941,0.847957,-1,-1,-1
106,19,1679.091,74.251,47.252,111.088,0.846223,-1,-1,-1
106,32,1833.530,386.162,86.455,170.234,0.845561,-1,-1,-1
106,8,690.616,257.517,55.822,152.255,0.845128,-1,-1,-1
106,9,1718.509,133.587,57.585,136.012,0.845021,-1,-1,-1
106,16,796.651,46.417,36.920,123.493,0.843033,-1,-1,-1
106,34,1292.741,0.187,49.188,105.061,0.842859,-1,-1,-1
106,22,917.873,79.182,43.432,132.661,0.840889,-1,-1,-1
106,21,857.852,51.345,43.221,126.182,0.824213,-1,-1,-1
106,43,217.718,0.000,54.109,91.193,0.818698,-1,-1,-1
106,38,383.038,466.716,80.167,185.941,0.817019,-1,-1,-1
106,37,1879.138,210.699,40.780,126.970,0.816747,-1,-1,-1
106,29,990.930,0.096,33.652,67.513,0.815207,-1,-1,-1
106,26,1122.554,0.000,47.145,96.922,0.813828,-1,-1,-1
106,28,987.327,282.612,54.333,156.600,0.809254,-1,-1,-1
106,40,336.124,475.903,68.666,152.878,0.808703,-1,-1,-1
106,14,1728.571,69.312,35.953,110.187,0.778581,-1,-1,-1
106,59,1237.243,28.059,33.881,71.976,0.754747,-1,-1,-1
106,10,187.508,1004.473,104.628,75.527,0.701797,-1,-1,-1
106,57,1871.336,0.000,40.158,33.298,0.699339,-1,-1,-1
106,56,446.331,497.086,60.097,131.242,0.664772,-1,-1,-1
106,36,1797.304,0.000,46.632,26.226,0.662391,-1,-1,-1
106,6,513.521,0.000,50.103,14.654,0.643210,-1,-1,-1
106,18,1153.811,0.000,41.658,92.669,0.616212,-1,-1,-1
106,60,951.934,0.000,32.229,15.636,0.431455,-1,-1,-1
107,12,552.470,502.315,85.952,160.431,0.896919,-1,-1,-1
107,31,1764.597,278.844,75.126,162.718,0.890861,-1,-1,-1
107,1,1693.754,787.944,101.984,186.401,0.888955,-1,-1,-1
107,20,1054.362,465.559,76.436,175.612,0.887213,-1,-1,-1
107,42,1614.875,333.671,78.026,169.533,0.882719,-1,-1,-1
107,15,909.392,390.529,67.734,164.483,0.879706,-1,-1,-1
107,54,1192.434,756.159,89.950,198.742,0.879521,-1,-1,-1
107,13,1106.770,209.710,57.545,148.033,0.871727,-1,-1,-1
107,55,652.135,830.901,114.728,221.265,0.870481,-1,-1,-1
107,50,1000.596,672.354,66.496,177.720,0.867195,-1,-1,-1
107,5,1009.736,923.234,81.356,155.873,0.862934,-1,-1,-1
107,53,39.057,588.839,97.396,182.355,0.862245,-1,-1,-1
107,3,89.488,900.321,108.532,178.937,0.861499,-1,-1,-1
107,23,1169.538,240.168,49.263,120.485,0.859496,-1,-1,-1
107,2,723.635,170.934,53.692,134.509,0.854700,-1,-1,-1
107,33,217.722,46.956,57.016,100.669,0.853957,-1,-1,-1
107,34,1290.897,0.308,50.045,103.733,0.853603,-1,-1,-1
107,4,1687.597,961.902,111.646,118.098,0.853562,-1,-1,-1
107,7,706.390,22.186,48.155,128.947,0.851778,-1,-1,-1
107,24,1380.864,33.770,37.251,133.862,0.850654,-1,-1,-1
107,49,82.729,110.286,52.553,120.334,0.844746,-1,-1,-1
107,19,1682.319,73.633,46.153,113.635,0.844031,-1,-1,-1
107,8,690.824,254.088,56.368,154.512,0.843987,-1,-1,-1
107,9,1718.823,133.915,57.823,135.904,0.843750,-1,-1,-1
107,16,797.304,45.310,36.691,124.180,0.843566,-1,-1,-1
107,30,565.363,385.894,63.136,132.420,0.843066,-1,-1,-1
107,22,918.508,79.550,44.007,132.548,0.838336,-1,-1,-1
107,29,990.485,0.086,34.970,66.302,0.827321,-1,-1,-1
107,38,383.578,466.107,80.317,185.993,0.821282,-1,-1,-1
107,37,1879.200,211.013,40.795,127.464,0.820042,-1,-1,-1
107,21,858.118,50.635,43.402,126.294,0.814428,-1,-1,-1
107,40,336.574,474.983,69.065,153.359,0.811684,-1,-1,-1
107,28,987.188,282.991,54.402,155.677,0.806044,-1,-1,-1
107,26,1121.479,0.223,48.240,95.809,0.805625,-1,-1,-1
107,43,218.726,0.000,53.837,92.121,0.805356,-1,-1,-1
107,14,1730.078,69.172,36.025,110.777,0.785366,-1,-1,-1
107,10,187.473,1006.977,106.068,73.023,0.764134,-1,-1,-1
107,27,1235.236,0.000,35.867,98.777,0.756222,-1,-1,-1
107,32,1835.305,387.190,84.695,169.430,0.736824,-1,-1,-1
107,36,1797.768,0.000,46.436,25.695,0.657213,-1,-1,-1
107,18,1153.978,0.000,41.704,91.620,0.617702,-1,-1,-1
107,6,519.341,0.000,44.807,11.068,0.575764,-1,-1,-1
107,56,441.588,493.711,65.358,133.719,0.556962,-1,-1,-1
107,57,1870.468,0.000,46.471,33.210,0.486184,-1,-1,-1
107,60,952.417,0.000,32.533,14.469,0.452280,-1,-1,-1
108,31,1763.457,282.134,77.050,160.397,0.893626,-1,-1,-1
108,1,1700.114,797.936,102.347,188.971,0.893022,-1,-1,-1
108,54,1192.893,749.032,90.279,203.380,0.889936,-1,-1,-1
108,20,1056.447,461.819,75.911,179.023,0.881600,-1,-1,-1
108,12,551.370,505.985,85.423,156.077,0.879422,-1,-1,-1
108,15,908.044,394.806,69.055,163.729,0.876728,-1,-1,-1
108,42,1615.284,330.033,73.860,169.410,0.876209,-1,-1,-1
108,50,998.644,665.999,68.775,181.038,0.873314,-1,-1,-1
108,13,1111.546,211.362,53.571,138.634,0.868580,-1,-1,-1
108,4,1689.878,974.594,116.174,105.330,0.868176,-1,-1,-1
108,3,85.250,908.331,108.526,171.472,0.864188,-1,-1,-1
108,34,1289.326,0.000,49.345,103.782,0.861473,-1,-1,-1
108,5,1001.590,929.932,84.389,149.800,0.861441,-1,-1,-1
108,55,651.426,822.677,118.045,229.638,0.859216,-1,-1,-1
108,9,1719.745,136.475,57.819,143.165,0.857793,-1,-1,-1
108,2,723.076,166.951,49.838,133.816,0.857339,-1,-1,-1
108,8,690.503,251.168,57.248,157.116,0.856139,-1,-1,-1
108,32,1844.718,390.449,75.282,165.265,0.855800,-1,-1,-1
108,30,559.826,388.382,67.133,139.290,0.854647,-1,-1,-1
108,23,1171.973,238.289,48.849,122.237,0.853502,-1,-1,-1
108,53,41.352,592.110,95.746,180.819,0.853267,-1,-1,-1
108,16,796.312,45.505,38.443,123.930,0.850471,-1,-1,-1
108,19,1684.698,75.669,47.040,117.810,0.848353,-1,-1,-1
108,24,1381.664,33.668,37.332,134.105,0.846784,-1,-1,-1
108,49,83.072,110.400,52.531,120.452,0.845175,-1,-1,-1
108,7,706.439,18.295,46.770,123.285,0.843017,-1,-1,-1
108,22,920.785,81.482,43.382,130.553,0.839834,-1,-1,-1
108,29,991.160,0.031,40.127,65.950,0.829298,-1,-1,-1
108,28,985.900,286.279,53.344,153.555,0.825062,-1,-1,-1
108,37,1879.546,216.668,40.454,124.063,0.819494,-1,-1,-1
108,40,336.479,474.840,70.593,153.685,0.814054,-1,-1,-1
108,38,383.624,464.840,119.156,187.197,0.805974,-1,-1,-1
108,14,1731.916,70.285,36.987,110.824,0.798663,-1,-1,-1
108,33,218.259,0.075,56.539,146.479,0.794409,-1,-1,-1
108,26,1118.991,0.000,51.013,96.906,0.774494,-1,-1,-1
108,18,1152.147,0.000,42.213,89.707,0.764473,-1,-1,-1
108,21,858.395,49.975,46.938,126.985,0.762145,-1,-1,-1
108,27,1234.801,0.000,35.860,98.520,0.753596,-1,-1,-1
108,57,1873.494,0.000,45.372,32.852,0.727198,-1,-1,-1
108,36,1798.187,0.000,46.276,25.706,0.656480,-1,-1,-1
108,56,445.506,495.360,62.038,132.444,0.597860,-1,-1,-1
108,10,197.642,1014.043,98.197,65.957,0.569760,-1,-1,-1
108,60,952.278,0.000,33.405,15.108,0.545680,-1,-1,-1
108,61,0.000,867.093,19.051,147.756,0.390039,-1,-1,-1
109,54,1195.003,745.254,88.385,205.601,0.891404,-1,-1,-1
109,31,1762.622,283.024,77.669,159.625,0.890715,-1,-1,-1
109,42,1614.483,327.591,71.903,170.432,0.877306,-1,-1,-1
109,50,998.033,662.175,67.761,179.629,0.876451,-1,-1,-1
109,15,907.027,397.316,68.787,161.296,0.873750,-1,-1,-1
109,1,1702.396,802.881,104.269,210.088,0.871481,-1,-1,-1
109,12,550.432,508.193,83.442,154.034,0.870528,-1,-1,-1
109,3,82.892,912.333,110.263,167.430,0.868862,-1,-1,-1
109,20,1057.505,458.221,74.377,179.585,0.868605,-1,-1,-1
109,13,1113.183,212.768,51.719,134.085,0.866885,-1,-1,-1
109,4,1692.882,980.852,115.231,99.148,0.864193,-1,-1,-1
109,34,1288.568,0.000,47.746,103.962,0.861571,-1,-1,-1
109,8,690.041,249.626,57.446,158.587,0.859447,-1,-1,-1
109,5,997.374,933.343,85.081,146.404,0.859412,-1,-1,-1
109,30,560.542,389.387,64.724,138.676,0.859410,-1,-1,-1
109,9,1719.119,138.230,57.952,145.038,0.858869,-1,-1,-1
109,53,42.417,593.403,93.684,179.321,0.857873,-1,-1,-1
109,19,1684.610,77.020,47.845,118.492,0.853232,-1,-1,-1
109,16,795.704,45.487,38.418,124.018,0.852307,-1,-1,-1
109,2,722.395,165.253,47.621,134.703,0.851853,-1,-1,-1
109,23,1172.195,237.418,46.311,123.258,0.851728,-1,-1,-1
109,24,1380.955,33.639,37.294,133.929,0.850851,-1,-1,-1
109,7,705.775,16.593,46.048,121.881,0.850159,-1,-1,-1
109,49,81.989,110.264,53.145,120.361,0.846810,-1,-1,-1
109,55,650.536,817.691,118.966,234.538,0.845073,-1,-1,-1
109,22,919.422,81.878,44.496,130.411,0.838586,-1,-1,-1
109,37,1879.830,222.162,40.170,118.145,0.826311,-1,-1,-1
109,32,1848.075,391.871,71.925,164.463,0.821535,-1,-1,-1
109,38,383.412,464.965,122.484,187.163,0.812469,-1,-1,-1
109,40,336.324,475.011,70.269,153.347,0.810779,-1,-1,-1
109,29,992.627,0.000,38.652,65.426,0.808291,-1,-1,-1
109,28,984.962,287.790,52.849,158.322,0.805782,-1,-1,-1
109,14,1731.770,70.911,37.933,110.908,0.797671,-1,-1,-1
109,21,858.143,50.229,43.622,126.715,0.789335,-1,-1,-1
109,33,217.947,0.000,57.546,146.488,0.775871,-1,-1,-1
109,59,1236.366,29.721,33.510,68.698,0.755802,-1,-1,-1
109,57,1874.011,0.029,44.404,32.573,0.740521,-1,-1,-1
109,18,1124.695,0.000,67.644,94.889,0.739909,-1,-1,-1
109,26,1117.838,0.000,47.494,96.232,0.729569,-1,-1,-1
109,36,1797.710,0.000,46.634,25.759,0.660742,-1,-1,-1
109,10,193.797,1017.613,103.507,62.387,0.603965,-1,-1,-1
109,60,950.831,0.000,33.038,14.510,0.579538,-1,-1,-1
109,27,1224.631,0.000,39.880,70.350,0.567342,-1,-1,-1
109,56,443.555,494.029,63.366,133.516,0.563183,-1,-1,-1
109,61,0.000,861.772,17.717,153.018,0.325792,-1,-1,-1
110,31,1762.865,284.058,77.578,158.392,0.890294,-1,-1,-1
110,54,1197.592,740.011,87.159,207.166,0.888065,-1,-1,-1
110,20,1058.300,454.636,73.861,176.824,0.879641,-1,-1,-1
110,42,1614.477,324.617,68.973,170.665,0.878616,-1,-1,-1
110,15,906.310,398.455,69.316,159.871,0.878174,-1,-1,-1
110,12,549.878,509.971,80.820,152.416,0.875602,-1,-1,-1
110,5,994.154,936.144,85.295,143.599,0.871413,-1,-1,-1
110,50,998.098,657.138,67.706,178.788,0.867849,-1,-1,-1
110,1,1704.482,809.793,104.054,215.669,0.867586,-1,-1,-1
110,30,561.216,389.810,62.529,137.419,0.866603,-1,-1,-1
110,13,1114.681,213.587,50.560,124.342,0.865939,-1,-1,-1
110,3,80.947,915.897,109.141,163.917,0.865714,-1,-1,-1
110,34,1288.130,0.077,46.330,102.824,0.863579,-1,-1,-1
110,55,650.504,812.062,119.697,237.480,0.863213,-1,-1,-1
110,53,43.493,594.637,92.009,177.373,0.861887,-1,-1,-1
110,8,689.680,248.134,57.462,158.766,0.861080,-1,-1,-1
110,49,81.556,110.022,53.277,120.035,0.860664,-1,-1,-1
110,2,721.677,163.056,47.419,135.999,0.853348,-1,-1,-1
110,24,1380.657,33.204,37.428,134.075,0.852255,-1,-1,-1
110,9,1720.191,139.099,56.583,146.146,0.852085,-1,-1,-1
110,4,1693.839,987.730,116.262,92.270,0.851329,-1,-1,-1
110,16,794.859,44.867,39.231,123.753,0.850489,-1,-1,-1
110,23,1172.202,235.742,45.613,124.307,0.849889,-1,-1,-1
110,7,705.023,13.869,46.238,122.489,0.849367,-1,-1,-1
110,19,1684.988,77.516,48.315,119.198,0.849046,-1,-1,-1
110,22,919.449,82.092,44.277,130.048,0.838952,-1,-1,-1
110,37,1879.887,222.702,40.113,117.463,0.828590,-1,-1,-1
110,21,858.183,48.736,58.816,127.221,0.822443,-1,-1,-1
110,29,993.417,0.000,38.832,64.917,0.813934,-1,-1,-1
110,38,382.066,464.672,121.386,186.644,0.812333,-1,-1,-1
110,40,336.099,474.616,68.380,153.280,0.812015,-1,-1,-1
110,28,982.879,289.060,53.643,163.757,0.800651,-1,-1,-1
110,14,1732.578,71.922,38.057,108.570,0.800619,-1,-1,-1
110,18,1124.944,0.000,65.749,93.574,0.780768,-1,-1,-1
110,59,1235.877,29.016,33.237,69.076,0.764476,-1,-1,-1
110,33,217.809,0.000,57.527,145.928,0.763311,-1,-1,-1
110,32,1865.193,392.632,54.722,124.433,0.756324,-1,-1,-1
110,57,1875.782,0.022,42.532,32.456,0.744454,-1,-1,-1
110,26,1116.585,0.695,47.683,95.111,0.715454,-1,-1,-1
110,10,182.461,1021.711,114.488,58.261,0.706691,-1,-1,-1
110,36,1797.840,0.000,45.901,24.849,0.664291,-1,-1,-1
110,60,950.800,0.000,33.942,14.552,0.576213,-1,-1,-1
110,56,444.416,493.465,62.121,133.460,0.569542,-1,-1,-1
110,27,1231.930,0.000,33.482,66.980,0.543372,-1,-1,-1
110,61,0.004,858.723,19.340,157.421,0.412288,-1,-1,-1
111,31,1763.282,285.078,77.806,157.287,0.893693,-1,-1,-1
111,54,1199.032,734.242,87.100,205.490,0.882262,-1,-1,-1
111,42,1613.524,321.477,68.015,169.914,0.880578,-1,-1,-1
111,20,1059.376,450.421,73.511,176.290,0.880229,-1,-1,-1
111,12,548.520,511.659,78.739,158.083,0.878036,-1,-1,-1
111,15,905.541,399.958,69.323,158.427,0.875659,-1,-1,-1
111,30,560.724,391.177,63.522,134.981,0.871469,-1,-1,-1
111,50,997.957,652.268,67.134,175.776,0.866130,-1,-1,-1
111,5,989.916,938.866,87.192,140.657,0.863595,-1,-1,-1
111,13,1115.251,215.079,50.486,127.637,0.862684,-1,-1,-1
111,55,650.989,804.773,122.179,241.472,0.861160,-1,-1,-1
111,34,1287.974,0.139,45.063,102.408,0.860221,-1,-1,-1
111,49,81.672,109.867,53.022,119.691,0.857970,-1,-1,-1
111,8,689.370,246.557,57.277,159.881,0.855685,-1,-1,-1
111,3,76.578,919.996,109.035,159.845,0.853094,-1,-1,-1
111,24,1381.058,33.020,36.724,133.897,0.852454,-1,-1,-1
111,2,721.541,161.952,46.907,136.808,0.852246,-1,-1,-1
111,9,1719.021,140.542,57.578,149.030,0.851698,-1,-1,-1
111,19,1684.660,78.763,49.099,118.740,0.851438,-1,-1,-1
111,16,794.931,44.334,39.235,123.734,0.851431,-1,-1,-1
111,23,1172.247,234.543,49.320,124.834,0.850859,-1,-1,-1
111,1,1706.791,814.907,104.894,239.787,0.850444,-1,-1,-1
111,7,705.174,12.275,44.603,122.900,0.849056,-1,-1,-1
111,53,45.354,595.802,90.239,178.328,0.843049,-1,-1,-1
111,22,919.972,82.568,43.911,128.372,0.841430,-1,-1,-1
111,37,1880.072,223.193,39.928,117.295,0.834407,-1,-1,-1
111,4,1697.010,994.658,116.486,85.333,0.833217,-1,-1,-1
111,32,1857.114,392.049,62.767,163.756,0.823665,-1,-1,-1
111,29,995.104,0.000,37.328,64.890,0.818926,-1,-1,-1
111,40,336.130,473.929,69.312,153.668,0.811066,-1,-1,-1
111,38,383.023,465.561,81.794,185.167,0.808182,-1,-1,-1
111,21,858.122,47.950,57.259,127.553,0.798202,-1,-1,-1
111,28,972.117,291.453,63.051,165.779,0.795557,-1,-1,-1
111,18,1116.984,0.000,72.527,94.262,0.776539,-1,-1,-1
111,14,1733.555,72.698,38.338,107.133,0.773407,-1,-1,-1
111,57,1877.727,0.026,40.634,32.228,0.748559,-1,-1,-1
111,26,1116.584,0.131,41.688,95.462,0.722277,-1,-1,-1
111,36,1797.859,0.000,44.304,24.854,0.680964,-1,-1,-1
111,10,186.061,1025.008,112.403,54.992,0.611672,-1,-1,-1
111,60,947.943,0.000,36.170,15.548,0.606361,-1,-1,-1
111,56,409.819,465.005,96.998,161.704,0.603689,-1,-1,-1
111,27,1230.988,0.000,39.474,97.663,0.578766,-1,-1,-1
111,61,0.000,853.200,19.258,162.557,0.317460,-1,-1,-1
111,43,217.835,0.000,54.630,113.363,0.497032,-1,-1,-1
111,33,219.623,9.749,56.415,136.081,0.287015,-1,-1,-1
112,31,1763.873,285.876,77.758,155.866,0.891771,-1,-1,-1
112,54,1202.939,727.872,84.089,205.830,0.883385,-1,-1,-1
112,42,1612.544,318.753,66.826,164.477,0.881909,-1,-1,-1
112,12,547.929,514.513,76.492,162.261,0.880111,-1,-1,-1
112,15,904.775,400.953,69.225,157.078,0.874817,-1,-1,-1
112,20,1060.156,446.966,72.677,174.419,0.870109,-1,-1,-1
112,30,560.089,391.876,62.855,139.723,0.870021,-1,-1,-1
112,50,998.121,647.608,66.771,170.529,0.865755,-1,-1,-1
112,13,1115.134,217.150,50.300,128.764,0.864871,-1,-1,-1
112,3,69.638,926.019,113.608,153.784,0.862219,-1,-1,-1
112,5,986.247,942.143,87.806,137.381,0.859990,-1,-1,-1
112,49,80.966,109.227,53.694,119.980,0.859637,-1,-1,-1
112,55,651.879,797.693,123.104,243.829,0.858636,-1,-1,-1
112,1,1707.680,820.496,107.110,212.737,0.854959,-1,-1,-1
112,7,704.198,10.485,44.358,123.282,0.854956,-1,-1,-1
112,23,1172.269,233.407,50.270,124.965,0.853979,-1,-1,-1
112,16,794.795,43.798,39.028,124.024,0.851225,-1,-1,-1
112,24,1380.563,32.545,36.974,134.215,0.850945,-1,-1,-1
112,9,1720.317,142.693,56.204,148.290,0.850843,-1,-1,-1
112,2,721.014,160.786,45.899,136.956,0.849539,-1,-1,-1
112,34,1286.821,0.187,44.562,102.134,0.849017,-1,-1,-1
112,19,1684.809,79.651,49.491,118.170,0.848312,-1,-1,-1
112,8,688.684,244.749,57.183,159.148,0.848086,-1,-1,-1
112,53,45.593,598.794,92.144,184.216,0.842298,-1,-1,-1
112,21,858.169,47.118,57.967,128.195,0.842045,-1,-1,-1
112,22,919.985,83.075,42.893,127.460,0.840392,-1,-1,-1
112,32,1860.638,397.684,59.324,166.469,0.840233,-1,-1,-1
112,37,1880.410,223.809,39.590,116.345,0.838283,-1,-1,-1
112,29,996.012,0.000,37.418,63.370,0.823703,-1,-1,-1
112,38,384.141,465.560,81.252,185.367,0.813620,-1,-1,-1
112,40,335.711,473.929,68.163,153.269,0.810035,-1,-1,-1
112,14,1733.946,73.631,39.011,105.833,0.783768,-1,-1,-1
112,4,1697.756,1001.237,118.362,78.745,0.778844,-1,-1,-1
112,18,1114.784,0.000,73.851,95.147,0.773857,-1,-1,-1
112,43,217.469,0.000,63.095,141.350,0.772931,-1,-1,-1
112,28,964.010,294.621,68.336,166.744,0.761917,-1,-1,-1
112,57,1878.557,0.069,39.142,31.583,0.736723,-1,-1,-1
112,33,231.699,53.363,49.463,91.738,0.702422,-1,-1,-1
112,56,443.252,493.948,63.390,132.518,0.682196,-1,-1,-1
112,36,1797.612,0.000,44.613,24.623,0.678762,-1,-1,-1
112,60,947.575,0.000,33.440,18.035,0.672737,-1,-1,-1
112,10,182.451,1028.638,113.381,51.317,0.610560,-1,-1,-1
112,27,1228.273,0.000,40.927,97.252,0.599803,-1,-1,-1
113,31,1767.003,289.644,75.645,152.591,0.885135,-1,-1,-1
113,12,546.317,521.071,75.169,165.527,0.882380,-1,-1,-1
113,42,1612.860,313.420,64.768,159.266,0.878937,-1,-1,-1
113,54,1203.474,716.670,85.771,201.748,0.877278,-1,-1,-1
113,15,903.604,405.077,69.732,152.747,0.875371,-1,-1,-1
113,20,1061.043,440.236,72.479,162.247,0.868928,-1,-1,-1
113,30,558.652,398.289,63.105,146.219,0.868299,-1,-1,-1
113,50,1000.841,639.606,63.667,160.169,0.863145,-1,-1,-1
113,13,1117.055,221.881,49.006,126.684,0.860728,-1,-1,-1
113,8,688.414,240.628,55.465,158.450,0.859546,-1,-1,-1
113,3,72.318,938.340,112.137,141.561,0.856863,-1,-1,-1
113,49,79.601,108.684,54.991,120.506,0.856458,-1,-1,-1
113,7,699.897,9.324,47.732,125.203,0.855517,-1,-1,-1
113,23,1173.292,230.108,50.958,126.755,0.854615,-1,-1,-1
113,53,50.721,606.231,89.162,197.559,0.852491,-1,-1,-1
113,24,1380.536,32.685,36.960,134.069,0.850766,-1,-1,-1
113,16,795.292,43.579,38.006,124.452,0.850627,-1,-1,-1
113,2,720.405,158.928,44.942,138.868,0.850281,-1,-1,-1
113,5,979.044,949.271,92.239,130.357,0.849630,-1,-1,-1
113,9,1720.554,146.172,56.476,146.377,0.848966,-1,-1,-1
113,22,917.322,85.793,43.872,129.167,0.843521,-1,-1,-1
113,37,1881.172,224.675,38.828,115.673,0.838283,-1,-1,-1
113,19,1685.647,81.686,51.005,115.523,0.837217,-1,-1,-1
113,34,1287.100,0.113,41.791,101.932,0.833342,-1,-1,-1
113,21,858.228,46.602,58.262,128.457,0.827463,-1,-1,-1
113,32,1863.068,406.238,56.932,175.455,0.827347,-1,-1,-1
113,1,1713.489,826.218,105.552,236.532,0.824125,-1,-1,-1
113,29,997.469,0.000,38.266,62.700,0.819829,-1,-1,-1
113,40,335.587,474.171,68.654,152.955,0.816501,-1,-1,-1
113,38,384.563,465.464,79.315,185.453,0.814010,-1,-1,-1
113,18,1114.981,0.000,71.009,93.893,0.778007,-1,-1,-1
113,28,968.813,300.077,61.915,166.128,0.773935,-1,-1,-1
113,4,1699.981,1011.644,123.951,68.321,0.765042,-1,-1,-1
113,55,666.139,792.572,113.101,232.795,0.764999,-1,-1,-1
113,14,1736.070,75.331,38.867,106.961,0.760674,-1,-1,-1
113,26,1114.703,0.132,43.829,94.768,0.758616,-1,-1,-1
113,43,216.752,0.000,83.655,145.408,0.746360,-1,-1,-1
113,57,1881.668,0.135,37.318,32.352,0.736103,-1,-1,-1
113,56,441.910,493.963,64.768,132.445,0.707402,-1,-1,-1
113,10,181.668,1034.416,112.553,45.545,0.700637,-1,-1,-1
113,36,1797.688,0.000,44.385,24.592,0.681443,-1,-1,-1
113,60,945.447,0.000,36.932,20.584,0.679521,-1,-1,-1
113,27,1225.187,0.007,70.789,97.614,0.569921,-1,-1,-1
114,31,1768.641,291.027,74.301,153.942,0.878938,-1,-1,-1
114,12,544.996,524.147,74.374,168.216,0.877145,-1,-1,-1
114,42,1611.897,311.079,64.482,156.830,0.876345,-1,-1,-1
114,20,1060.278,438.141,73.628,159.751,0.874728,-1,-1,-1
114,54,1202.650,710.744,87.007,195.382,0.874708,-1,-1,-1
114,15,902.785,406.745,70.900,153.492,0.871238,-1,-1,-1
114,8,688.117,237.547,54.595,158.736,0.864617,-1,-1,-1
114,13,1117.759,221.920,49.148,130.079,0.863656,-1,-1,-1
114,49,79.024,108.701,55.674,120.105,0.859552,-1,-1,-1
114,53,53.556,608.541,89.390,199.583,0.858247,-1,-1,-1
114,50,1002.114,636.082,60.912,159.806,0.857844,-1,-1,-1
114,30,558.311,400.186,63.116,148.202,0.857643,-1,-1,-1
114,23,1173.499,228.424,50.461,126.839,0.856351,-1,-1,-1
114,7,699.584,8.952,47.928,125.180,0.854971,-1,-1,-1
114,24,1380.605,32.723,36.859,134.032,0.851690,-1,-1,-1
114,9,1721.049,146.649,56.288,146.194,0.849528,-1,-1,-1
114,16,795.448,43.238,37.705,124.950,0.849328,-1,-1,-1
114,2,719.720,157.766,44.797,138.554,0.847322,-1,-1,-1
114,3,69.277,944.946,115.350,134.741,0.842561,-1,-1,-1
114,22,917.575,87.096,42.883,132.675,0.842182,-1,-1,-1
114,5,975.504,953.995,95.226,125.941,0.838119,-1,-1,-1
114,19,1686.605,82.033,51.521,116.660,0.836313,-1,-1,-1
114,37,1881.758,225.785,38.242,114.350,0.835558,-1,-1,-1
114,34,1287.021,0.258,40.743,101.840,0.831544,-1,-1,-1
114,1,1704.438,831.077,124.052,248.923,0.828851,-1,-1,-1
114,38,386.176,464.273,101.321,186.411,0.813960,-1,-1,-1
114,29,997.406,0.000,39.488,61.961,0.812772,-1,-1,-1
114,40,335.448,474.115,70.022,152.156,0.809746,-1,-1,-1
114,55,662.787,787.115,119.361,226.821,0.804751,-1,-1,-1
114,18,1146.974,0.018,36.896,72.579,0.796666,-1,-1,-1
114,32,1866.262,411.760,53.738,176.066,0.786703,-1,-1,-1
114,43,217.130,0.000,90.225,145.619,0.778315,-1,-1,-1
114,21,858.859,46.461,42.299,128.837,0.767303,-1,-1,-1
114,14,1736.424,76.564,39.890,107.963,0.764539,-1,-1,-1
114,28,954.692,302.111,77.782,167.117,0.760453,-1,-1,-1
114,57,1883.384,0.000,35.998,34.616,0.734160,-1,-1,-1
114,26,1114.109,0.132,48.048,93.389,0.731732,-1,-1,-1
114,56,440.323,493.623,66.180,132.274,0.727211,-1,-1,-1
114,60,944.952,0.000,36.186,20.966,0.715446,-1,-1,-1
114,36,1797.672,0.000,44.072,24.302,0.689625,-1,-1,-1
114,10,178.300,1037.270,113.592,42.730,0.606342,-1,-1,-1
114,27,1221.852,0.035,47.124,97.207,0.560803,-1,-1,-1
114,61,0.013,854.877,17.516,157.755,0.355392,-1,-1,-1
115,54,1203.841,705.063,86.012,186.816,0.885659,-1,-1,-1
115,31,1764.275,293.069,78.660,161.591,0.883137,-1,-1,-1
115,12,543.205,528.197,74.591,168.433,0.877826,-1,-1,-1
115,15,902.747,409.443,70.497,159.544,0.875958,-1,-1,-1
115,42,1610.333,308.450,64.955,155.860,0.875794,-1,-1,-1
115,20,1058.367,435.078,75.154,159.827,0.872912,-1,-1,-1
115,5,972.942,958.341,97.755,121.539,0.862589,-1,-1,-1
115,8,687.592,234.520,53.807,156.210,0.861677,-1,-1,-1
115,30,556.730,401.964,63.343,151.157,0.860417,-1,-1,-1
115,13,1119.570,222.935,48.118,131.822,0.859547,-1,-1,-1
115,49,77.974,108.406,56.189,120.555,0.859430,-1,-1,-1
115,1,1720.851,831.574,103.507,225.611,0.858924,-1,-1,-1
115,53,55.924,613.789,88.638,195.603,0.856647,-1,-1,-1
115,9,1719.640,146.232,57.943,146.307,0.855239,-1,-1,-1
115,23,1173.112,226.010,43.803,126.653,0.851475,-1,-1,-1
115,7,698.296,8.242,48.593,125.589,0.850903,-1,-1,-1
115,50,1003.721,632.711,59.223,162.820,0.850079,-1,-1,-1
115,2,719.158,156.533,44.257,138.367,0.847102,-1,-1,-1
115,16,796.570,42.490,36.980,125.372,0.845846,-1,-1,-1
115,22,917.456,89.036,43.599,134.502,0.845033,-1,-1,-1
115,24,1380.074,32.602,36.798,133.804,0.844668,-1,-1,-1
115,19,1687.634,81.888,50.557,117.699,0.843810,-1,-1,-1
115,34,1286.543,0.098,40.001,102.366,0.832376,-1,-1,-1
115,37,1881.525,226.292,38.472,114.123,0.827313,-1,-1,-1
115,3,68.975,951.480,118.308,128.510,0.825991,-1,-1,-1
115,40,335.037,474.259,69.760,152.008,0.809761,-1,-1,-1
115,38,386.054,463.944,92.493,186.780,0.804933,-1,-1,-1
115,55,666.318,781.865,117.261,218.539,0.796416,-1,-1,-1
115,29,994.544,0.000,42.903,60.547,0.790518,-1,-1,-1
115,43,215.541,0.000,97.041,144.886,0.776300,-1,-1,-1
115,26,1113.544,0.000,69.367,91.970,0.775668,-1,-1,-1
115,32,1869.199,424.427,50.801,166.726,0.775120,-1,-1,-1
115,28,966.118,304.789,64.012,165.493,0.751534,-1,-1,-1
115,14,1736.234,77.197,41.927,110.230,0.751385,-1,-1,-1
115,21,858.657,45.904,45.201,129.020,0.742026,-1,-1,-1
115,57,1885.172,0.009,34.505,37.377,0.725522,-1,-1,-1
115,4,1706.521,1019.246,123.344,60.754,0.693716,-1,-1,-1
115,27,1224.916,0.013,42.680,96.176,0.689766,-1,-1,-1
115,36,1797.193,0.000,44.159,23.987,0.688101,-1,-1,-1
115,60,944.899,0.000,35.877,23.557,0.677976,-1,-1,-1
115,56,443.098,492.329,63.189,133.879,0.575810,-1,-1,-1
115,10,178.890,1040.176,112.255,39.768,0.467500,-1,-1,-1
115,61,0.039,853.108,17.246,156.454,0.343455,-1,-1,-1
115,62,1178.700,1.054,63.062,73.229,0.355809,-1,-1,-1
116,54,1203.957,699.561,88.538,189.550,0.889926,-1,-1,-1
116,42,1607.091,305.954,67.008,157.223,0.879461,-1,-1,-1
116,15,903.261,411.919,70.709,164.384,0.872519,-1,-1,-1
116,20,1058.321,432.786,74.873,161.171,0.870500,-1,-1,-1
116,12,541.665,529.780,74.620,171.408,0.868984,-1,-1,-1
116,31,1769.057,295.886,75.096,165.457,0.868624,-1,-1,-1
116,9,1719.263,150.456,59.564,141.758,0.867975,-1,-1,-1
116,49,78.288,108.557,55.922,120.215,0.866630,-1,-1,-1
116,13,1120.389,225.008,48.345,130.062,0.863530,-1,-1,-1
116,30,555.168,404.431,64.461,152.260,0.862251,-1,-1,-1
116,53,54.778,617.898,92.428,194.207,0.861554,-1,-1,-1
116,23,1172.751,222.711,51.669,126.243,0.857582,-1,-1,-1
116,55,686.248,778.273,99.405,205.756,0.855988,-1,-1,-1
116,22,918.192,90.377,42.329,135.346,0.850270,-1,-1,-1
116,8,687.362,231.591,53.411,151.651,0.849650,-1,-1,-1
116,7,697.519,6.624,49.262,124.952,0.848525,-1,-1,-1
116,16,797.205,41.990,36.615,125.409,0.847691,-1,-1,-1
116,2,718.233,154.209,44.692,139.232,0.845238,-1,-1,-1
116,50,1005.143,629.333,58.237,167.286,0.844986,-1,-1,-1
116,24,1380.039,32.062,37.491,134.236,0.843259,-1,-1,-1
116,19,1690.335,82.513,49.826,116.697,0.840618,-1,-1,-1
116,3,68.904,957.998,120.452,121.901,0.837759,-1,-1,-1
116,37,1881.212,226.704,38.751,116.609,0.827822,-1,-1,-1
116,34,1286.442,0.000,38.744,102.913,0.812156,-1,-1,-1
116,5,970.636,962.931,99.169,116.960,0.808408,-1,-1,-1
116,32,1867.878,427.165,52.122,169.279,0.806086,-1,-1,-1
116,40,334.819,473.996,70.406,151.724,0.804927,-1,-1,-1
116,1,1722.806,839.088,106.366,235.569,0.804315,-1,-1,-1
116,38,386.065,463.634,96.143,186.603,0.804187,-1,-1,-1
116,29,993.873,0.000,43.950,58.026,0.777334,-1,-1,-1
116,14,1733.404,77.469,46.867,110.846,0.772158,-1,-1,-1
116,18,1147.075,0.000,35.692,71.164,0.761132,-1,-1,-1
116,28,977.193,305.575,55.136,142.114,0.753222,-1,-1,-1
116,21,859.346,45.282,51.872,129.307,0.741327,-1,-1,-1
116,4,1714.083,1027.400,123.026,52.600,0.722459,-1,-1,-1
116,26,1113.204,0.092,47.043,91.920,0.720135,-1,-1,-1
116,43,214.513,0.000,100.867,144.060,0.716568,-1,-1,-1
116,57,1887.728,0.083,32.048,37.826,0.708432,-1,-1,-1
116,60,945.499,0.000,35.594,24.083,0.698222,-1,-1,-1
116,56,440.483,492.434,66.039,133.289,0.693313,-1,-1,-1
116,36,1797.142,0.000,43.739,24.033,0.692682,-1,-1,-1
116,27,1232.391,0.000,37.555,95.475,0.478816,-1,-1,-1
116,62,1178.071,0.160,65.512,74.605,0.597012,-1,-1,-1
117,54,1204.051,695.116,87.895,193.381,0.891416,-1,-1,-1
117,42,1605.957,304.011,67.512,159.234,0.885225,-1,-1,-1
117,12,540.582,465.967,74.945,237.684,0.874699,-1,-1,-1
117,15,903.225,414.813,71.304,167.906,0.872225,-1,-1,-1
117,49,78.366,108.394,55.956,119.999,0.869381,-1,-1,-1
117,9,1718.844,148.427,60.663,144.270,0.867533,-1,-1,-1
117,31,1768.546,298.203,75.969,166.747,0.864356,-1,-1,-1
117,20,1058.195,430.140,75.291,164.905,0.863272,-1,-1,-1
117,13,1121.157,226.869,49.235,129.652,0.861698,-1,-1,-1
117,23,1172.682,220.152,47.979,123.743,0.857824,-1,-1,-1
117,53,37.356,621.624,112.240,193.742,0.857598,-1,-1,-1
117,30,554.954,405.750,64.389,152.276,0.855538,-1,-1,-1
117,8,687.056,228.726,53.299,148.150,0.851651,-1,-1,-1
117,22,919.048,92.247,41.940,135.441,0.851344,-1,-1,-1
117,16,797.678,41.563,36.390,125.614,0.847034,-1,-1,-1
117,2,717.379,152.625,45.324,138.552,0.846423,-1,-1,-1
117,24,1379.924,32.077,37.621,134.413,0.844016,-1,-1,-1
117,7,697.420,5.861,48.738,124.159,0.842820,-1,-1,-1
117,19,1693.189,82.677,47.717,116.999,0.838513,-1,-1,-1
117,50,1006.728,626.359,60.048,170.495,0.837425,-1,-1,-1
117,37,1881.514,229.180,38.441,120.480,0.832331,-1,-1,-1
117,34,1274.724,0.000,50.003,102.166,0.815700,-1,-1,-1
117,38,386.656,463.727,97.714,186.537,0.812086,-1,-1,-1
117,40,335.306,473.736,69.502,151.775,0.809519,-1,-1,-1
117,55,668.832,773.069,118.453,201.507,0.807263,-1,-1,-1
117,43,215.641,0.000,55.813,102.978,0.805420,-1,-1,-1
117,3,69.028,963.912,123.457,115.916,0.800676,-1,-1,-1
117,32,1870.348,430.099,49.652,167.141,0.798595,-1,-1,-1
117,1,1727.693,855.407,105.125,217.269,0.784658,-1,-1,-1
117,18,1145.431,0.031,38.161,72.867,0.784642,-1,-1,-1
117,5,967.514,967.960,111.836,112.040,0.783305,-1,-1,-1
117,21,859.475,44.702,55.672,129.844,0.772292,-1,-1,-1
117,26,1113.562,0.107,42.212,89.642,0.767930,-1,-1,-1
117,14,1741.425,78.425,40.659,116.941,0.762830,-1,-1,-1
117,29,1005.852,0.001,33.499,55.131,0.752445,-1,-1,-1
117,28,965.804,306.856,63.013,163.769,0.747920,-1,-1,-1
117,33,251.472,24.137,65.558,119.825,0.736534,-1,-1,-1
117,57,1888.310,0.000,31.371,40.022,0.703541,-1,-1,-1
117,36,1797.330,0.000,44.114,23.785,0.691206,-1,-1,-1
117,56,439.571,492.620,66.948,133.068,0.679592,-1,-1,-1
117,60,946.684,0.000,35.551,24.801,0.676605,-1,-1,-1
117,4,1720.636,1031.456,124.111,48.544,0.569291,-1,-1,-1
117,27,1222.913,0.000,50.429,95.727,0.563041,-1,-1,-1
117,62,1178.087,0.508,62.371,74.074,0.401029,-1,-1,-1
118,54,1204.028,686.717,90.167,196.690,0.886340,-1,-1,-1
118,42,1595.875,300.323,75.867,162.800,0.881037,-1,-1,-1
118,15,903.172,420.876,71.551,166.937,0.878182,-1,-1,-1
118,31,1768.789,305.781,75.186,163.505,0.874981,-1,-1,-1
118,12,537.246,534.784,75.858,168.975,0.873550,-1,-1,-1
118,20,1056.937,426.337,74.572,167.703,0.872907,-1,-1,-1
118,9,1716.330,152.823,63.295,139.621,0.872012,-1,-1,-1
118,8,685.420,223.924,53.180,148.795,0.867069,-1,-1,-1
118,49,77.112,107.719,56.220,120.975,0.866735,-1,-1,-1
118,13,1121.713,227.345,50.189,129.471,0.863966,-1,-1,-1
118,1,1730.615,865.276,109.404,203.810,0.860694,-1,-1,-1
118,30,553.478,403.419,64.212,160.045,0.859091,-1,-1,-1
118,55,672.325,766.118,113.959,199.592,0.858422,-1,-1,-1
118,53,48.088,626.925,107.541,195.149,0.858409,-1,-1,-1
118,33,254.128,42.685,64.625,100.799,0.850941,-1,-1,-1
118,23,1171.328,216.000,51.512,119.773,0.850866,-1,-1,-1
118,22,920.466,95.004,40.400,136.607,0.849743,-1,-1,-1
118,16,797.308,40.840,35.967,126.277,0.849294,-1,-1,-1
118,2,715.316,148.186,46.151,134.013,0.846520,-1,-1,-1
118,24,1379.627,31.580,37.370,134.580,0.844702,-1,-1,-1
118,50,1006.026,621.548,72.816,174.768,0.842889,-1,-1,-1
118,37,1880.786,225.627,39.190,131.152,0.839008,-1,-1,-1
118,7,696.894,2.539,47.311,123.584,0.838568,-1,-1,-1
118,19,1700.820,83.395,41.794,115.783,0.825053,-1,-1,-1
118,34,1284.398,0.000,37.569,102.054,0.824591,-1,-1,-1
118,38,386.959,465.357,78.401,184.758,0.817319,-1,-1,-1
118,40,334.521,474.001,68.736,151.409,0.812861,-1,-1,-1
118,5,963.057,978.825,123.218,101.175,0.803672,-1,-1,-1
118,14,1746.930,79.692,38.534,115.732,0.802211,-1,-1,-1
118,43,213.501,0.000,54.571,103.128,0.797581,-1,-1,-1
118,18,1146.412,0.010,37.601,72.329,0.795954,-1,-1,-1
118,28,966.841,308.907,57.467,161.982,0.794567,-1,-1,-1
118,3,67.049,975.948,123.355,103.904,0.789641,-1,-1,-1
118,26,1113.091,0.045,41.657,83.143,0.773322,-1,-1,-1
118,32,1875.081,438.291,44.919,159.716,0.764210,-1,-1,-1
118,57,1889.287,0.000,30.713,41.787,0.746752,-1,-1,-1
118,29,1010.105,0.000,30.072,51.558,0.743483,-1,-1,-1
118,21,858.016,43.689,50.764,130.556,0.719460,-1,-1,-1
118,60,944.611,0.000,35.241,25.695,0.706168,-1,-1,-1
118,36,1796.719,0.000,43.456,24.005,0.693474,-1,-1,-1
118,56,443.072,491.884,62.859,133.746,0.649508,-1,-1,-1
118,4,1729.414,1042.621,110.825,37.379,0.462276,-1,-1,-1
118,10,181.273,1050.366,105.089,29.616,0.398142,-1,-1,-1
118,63,993.943,0.204,19.291,21.064,0.394382,-1,-1,-1
118,62,1176.322,0.140,65.153,74.338,0.560376,-1,-1,-1
118,27,1228.020,2.497,35.135,92.483,0.223797,-1,-1,-1
119,54,1205.433,683.536,88.568,198.228,0.884149,-1,-1,-1
119,42,1585.340,298.561,86.157,164.342,0.880536,-1,-1,-1
119,20,1057.223,424.788,74.519,169.158,0.878726,-1,-1,-1
119,9,1715.826,153.112,65.784,138.938,0.878270,-1,-1,-1
119,31,1769.355,308.582,74.986,165.007,0.876121,-1,-1,-1
119,15,903.876,423.865,71.019,168.061,0.875854,-1,-1,-1
119,12,536.635,536.409,76.287,166.341,0.871579,-1,-1,-1
119,8,685.124,221.921,53.472,150.835,0.868887,-1,-1,-1
119,55,675.082,763.697,109.619,201.845,0.868769,-1,-1,-1
119,33,258.181,39.314,60.937,103.708,0.868662,-1,-1,-1
119,13,1122.022,226.172,51.290,131.037,0.864631,-1,-1,-1
119,30,553.902,404.933,63.670,159.324,0.863895,-1,-1,-1
119,53,64.260,630.419,92.838,192.690,0.860138,-1,-1,-1
119,1,1734.425,856.866,108.959,222.420,0.857102,-1,-1,-1
119,2,714.790,145.620,46.553,131.487,0.853120,-1,-1,-1
119,22,920.891,96.265,40.649,136.302,0.852757,-1,-1,-1
119,23,1171.440,214.840,52.915,118.655,0.849081,-1,-1,-1
119,7,697.775,1.120,46.548,121.229,0.848943,-1,-1,-1
119,50,1004.096,618.011,74.266,177.603,0.848083,-1,-1,-1
119,24,1379.845,31.467,37.692,134.683,0.847091,-1,-1,-1
119,16,797.938,39.983,35.266,126.833,0.846965,-1,-1,-1
119,49,75.185,106.862,58.036,121.352,0.846510,-1,-1,-1
119,37,1881.502,229.672,38.490,128.935,0.836637,-1,-1,-1
119,19,1701.197,83.542,42.875,115.160,0.832020,-1,-1,-1
119,38,387.875,463.943,115.387,186.329,0.829341,-1,-1,-1
119,5,963.408,983.758,122.155,96.242,0.822727,-1,-1,-1
119,14,1746.118,79.857,41.339,111.130,0.821075,-1,-1,-1
119,43,213.536,0.000,53.587,102.920,0.820918,-1,-1,-1
119,28,966.885,310.097,60.115,160.246,0.814775,-1,-1,-1
119,40,335.199,474.124,69.340,150.900,0.813190,-1,-1,-1
119,3,66.200,980.479,116.639,99.521,0.795069,-1,-1,-1
119,18,1146.346,0.028,38.114,72.431,0.792790,-1,-1,-1
119,26,1113.072,0.026,42.012,81.518,0.791090,-1,-1,-1
119,34,1282.009,0.000,41.679,101.975,0.785844,-1,-1,-1
119,57,1888.843,0.000,31.157,42.319,0.756439,-1,-1,-1
119,21,858.225,43.012,54.471,131.292,0.747044,-1,-1,-1
119,32,1880.057,432.679,39.943,164.969,0.742578,-1,-1,-1
119,60,945.287,0.000,36.513,25.714,0.701087,-1,-1,-1
119,29,1011.165,0.062,32.246,50.722,0.676065,-1,-1,-1
119,36,1797.134,0.000,44.801,23.490,0.674137,-1,-1,-1
119,27,1223.293,0.000,40.261,95.166,0.542669,-1,-1,-1
119,56,438.710,492.462,67.696,133.219,0.468517,-1,-1,-1
119,4,1737.661,1048.052,100.840,31.941,0.427411,-1,-1,-1
119,63,992.544,0.000,22.647,22.031,0.341424,-1,-1,-1
119,62,1176.180,0.736,62.894,74.050,0.423250,-1,-1,-1
120,42,1584.841,297.344,86.882,164.771,0.883856,-1,-1,-1
120,15,904.126,426.138,71.410,167.521,0.880848,-1,-1,-1
120,20,1056.861,422.577,74.290,171.091,0.879053,-1,-1,-1
120,54,1207.159,680.509,86.888,200.403,0.877887,-1,-1,-1
120,31,1769.728,311.171,75.348,167.687,0.876702,-1,-1,-1
120,12,535.967,541.930,76.698,160.815,0.875754,-1,-1,-1
120,9,1715.698,154.498,66.405,137.362,0.872751,-1,-1,-1
120,8,684.237,219.916,54.260,152.169,0.871997,-1,-1,-1
120,33,261.454,37.403,58.226,104.881,0.871528,-1,-1,-1
120,13,1121.744,226.859,53.626,129.935,0.867699,-1,-1,-1
120,30,553.456,405.775,63.677,159.773,0.866542,-1,-1,-1
120,55,678.504,760.443,104.669,205.165,0.862817,-1,-1,-1
120,7,698.798,0.000,45.733,117.868,0.860848,-1,-1,-1
120,49,76.801,106.983,56.522,120.916,0.859185,-1,-1,-1
120,53,65.677,633.316,91.540,189.477,0.857702,-1,-1,-1
120,2,714.548,142.995,46.987,131.742,0.857485,-1,-1,-1
120,22,921.144,96.958,40.203,135.838,0.853904,-1,-1,-1
120,16,798.042,39.547,35.627,127.060,0.846640,-1,-1,-1
120,24,1379.884,31.337,37.724,134.528,0.845985,-1,-1,-1
120,23,1171.133,213.420,52.839,119.211,0.843715,-1,-1,-1
120,50,1010.111,614.588,61.881,174.664,0.842023,-1,-1,-1
120,19,1703.627,84.171,42.083,115.004,0.840026,-1,-1,-1
120,43,213.508,0.000,54.536,102.852,0.839024,-1,-1,-1
120,1,1736.405,878.203,110.761,192.680,0.838736,-1,-1,-1
120,37,1881.391,232.300,38.604,128.409,0.836278,-1,-1,-1
120,14,1749.350,80.432,40.104,112.971,0.826698,-1,-1,-1
120,34,1260.789,0.000,60.214,101.708,0.824917,-1,-1,-1
120,38,387.885,465.109,80.192,184.818,0.821328,-1,-1,-1
120,3,65.877,985.792,119.438,94.208,0.821095,-1,-1,-1
120,40,335.180,474.227,69.350,150.934,0.814187,-1,-1,-1
120,28,970.402,311.028,57.318,159.037,0.809638,-1,-1,-1
120,18,1145.793,0.053,38.596,72.305,0.807012,-1,-1,-1
120,5,963.333,989.385,121.300,90.615,0.774352,-1,-1,-1
120,32,1877.738,431.181,42.262,166.379,0.761738,-1,-1,-1
120,21,858.116,42.405,50.724,131.706,0.728232,-1,-1,-1
120,60,945.302,0.018,36.228,25.641,0.686567,-1,-1,-1
120,36,1797.361,0.000,45.181,23.292,0.675962,-1,-1,-1
120,57,1890.122,0.022,29.481,42.917,0.662690,-1,-1,-1
120,59,1223.572,19.165,34.260,75.730,0.660580,-1,-1,-1
120,26,1113.696,0.000,39.899,77.924,0.655056,-1,-1,-1
120,56,443.619,490.849,62.680,134.480,0.614849,-1,-1,-1
120,29,1005.414,0.000,39.564,51.013,0.581396,-1,-1,-1
120,63,992.562,0.396,23.554,21.594,0.272785,-1,-1,-1
120,62,1176.144,0.260,65.151,74.384,0.444523,-1,-1,-1
121,31,1770.109,313.439,75.299,168.197,0.883225,-1,-1,-1
121,42,1582.046,295.262,88.128,166.347,0.880815,-1,-1,-1
121,54,1207.829,676.433,85.628,203.185,0.879679,-1,-1,-1
121,15,904.531,428.969,70.950,165.738,0.879563,-1,-1,-1
121,20,1056.916,420.238,72.873,172.822,0.875099,-1,-1,-1
121,12,533.799,493.201,78.804,209.878,0.873530,-1,-1,-1
121,9,1714.839,155.104,67.211,137.725,0.873150,-1,-1,-1
121,8,682.888,218.925,55.638,153.444,0.872870,-1,-1,-1
121,30,552.443,404.683,63.948,162.604,0.866738,-1,-1,-1
121,13,1121.195,229.832,55.034,126.983,0.861556,-1,-1,-1
121,2,713.755,140.811,48.858,131.879,0.860627,-1,-1,-1
121,53,66.340,635.111,91.099,187.550,0.859592,-1,-1,-1
121,7,700.007,0.000,44.734,115.482,0.858489,-1,-1,-1
121,49,76.067,106.843,56.624,121.069,0.858402,-1,-1,-1
121,33,265.161,36.674,54.243,103.641,0.855260,-1,-1,-1
121,55,680.150,755.875,100.725,210.966,0.853612,-1,-1,-1
121,22,920.438,97.769,40.774,135.246,0.849405,-1,-1,-1
121,16,798.036,38.710,35.525,127.877,0.847062,-1,-1,-1
121,24,1379.652,31.241,37.464,134.609,0.844252,-1,-1,-1
121,43,213.112,0.000,55.374,102.998,0.843781,-1,-1,-1
121,23,1170.053,211.578,52.952,120.581,0.843449,-1,-1,-1
121,37,1881.165,235.283,38.835,127.240,0.840869,-1,-1,-1
121,50,1009.243,610.935,60.052,173.562,0.839347,-1,-1,-1
121,19,1704.401,85.045,42.350,113.961,0.838277,-1,-1,-1
121,34,1282.414,0.077,36.758,101.562,0.835593,-1,-1,-1
121,14,1749.023,80.934,41.340,113.100,0.834202,-1,-1,-1
121,1,1737.703,884.670,113.698,195.330,0.816565,-1,-1,-1
121,38,386.932,465.122,79.365,184.596,0.816055,-1,-1,-1
121,40,334.713,474.241,70.196,151.099,0.811410,-1,-1,-1
121,18,1145.415,0.105,38.792,71.585,0.804279,-1,-1,-1
121,28,969.070,312.979,54.341,157.187,0.794736,-1,-1,-1
121,32,1873.160,431.989,46.840,166.365,0.785453,-1,-1,-1
121,3,65.849,991.165,118.540,88.835,0.780674,-1,-1,-1
121,21,859.081,42.020,38.729,132.136,0.776017,-1,-1,-1
121,5,962.311,993.807,118.539,86.189,0.758963,-1,-1,-1
121,57,1891.290,0.000,28.710,43.450,0.753910,-1,-1,-1
121,60,945.864,0.000,35.819,24.783,0.690454,-1,-1,-1
121,36,1797.042,0.000,44.847,23.759,0.685463,-1,-1,-1
121,27,1220.542,0.005,40.851,95.168,0.665326,-1,-1,-1
121,56,443.658,490.655,62.584,134.774,0.619005,-1,-1,-1
121,29,1007.068,0.000,37.706,50.767,0.587972,-1,-1,-1
121,26,1113.229,0.000,43.650,77.349,0.541932,-1,-1,-1
121,62,1175.527,0.016,61.402,73.924,0.473945,-1,-1,-1
121,63,992.817,0.414,22.087,20.976,0.325355,-1,-1,-1
122,42,1577.415,293.934,91.437,166.930,0.886148,-1,-1,-1
122,31,1765.238,316.084,81.077,166.827,0.883663,-1,-1,-1
122,15,905.094,431.517,71.229,164.537,0.880345,-1,-1,-1
122,54,1208.213,672.925,84.980,205.327,0.877355,-1,-1,-1
122,9,1715.005,156.187,67.141,140.753,0.873028,-1,-1,-1
122,8,682.639,218.561,55.596,154.004,0.872690,-1,-1,-1
122,12,533.904,505.334,80.292,197.789,0.872305,-1,-1,-1
122,20,1056.740,418.086,72.284,174.536,0.869102,-1,-1,-1
122,30,551.920,406.825,64.425,159.258,0.866487,-1,-1,-1
122,55,680.688,752.594,100.332,214.605,0.862143,-1,-1,-1
122,2,713.308,139.422,51.292,133.126,0.860799,-1,-1,-1
122,13,1120.335,233.837,57.977,126.595,0.860294,-1,-1,-1
122,53,68.413,636.840,88.959,187.074,0.860132,-1,-1,-1
122,7,700.363,0.000,43.886,115.713,0.857892,-1,-1,-1
122,22,919.451,99.005,42.057,134.885,0.849681,-1,-1,-1
122,24,1379.602,31.881,37.483,134.753,0.844047,-1,-1,-1
122,16,798.028,38.754,35.341,128.399,0.843926,-1,-1,-1
122,43,213.056,0.000,55.093,103.848,0.843926,-1,-1,-1
122,37,1881.251,236.682,38.749,126.656,0.841611,-1,-1,-1
122,19,1704.252,85.962,43.399,113.569,0.839625,-1,-1,-1
122,49,70.627,106.555,61.791,122.374,0.838050,-1,-1,-1
122,33,270.096,36.303,48.925,103.861,0.838045,-1,-1,-1
122,50,1000.472,607.899,68.198,174.138,0.837726,-1,-1,-1
122,14,1749.613,81.913,42.251,114.201,0.834692,-1,-1,-1
122,23,1168.807,211.338,53.859,121.057,0.831762,-1,-1,-1
122,1,1738.804,885.349,116.028,194.651,0.820275,-1,-1,-1
122,38,387.772,464.704,115.965,185.799,0.816901,-1,-1,-1
122,40,334.695,475.090,69.691,150.614,0.815307,-1,-1,-1
122,28,968.563,314.275,53.225,157.174,0.811838,-1,-1,-1
122,34,1280.521,0.000,37.542,102.206,0.802530,-1,-1,-1
122,3,65.370,995.848,115.371,84.089,0.800345,-1,-1,-1
122,18,1144.097,0.122,39.402,71.393,0.793121,-1,-1,-1
122,21,857.186,42.306,40.562,132.183,0.780756,-1,-1,-1
122,57,1891.917,0.000,28.083,43.628,0.765186,-1,-1,-1
122,5,961.803,998.790,116.470,81.210,0.727686,-1,-1,-1
122,60,944.946,0.000,35.852,25.668,0.707693,-1,-1,-1
122,36,1797.088,0.000,44.508,23.997,0.688719,-1,-1,-1
122,32,1880.440,433.231,39.560,164.647,0.674203,-1,-1,-1
122,26,1112.869,0.000,40.316,76.365,0.643238,-1,-1,-1
122,27,1219.986,0.000,40.357,95.277,0.597431,-1,-1,-1
122,29,1006.447,0.000,38.203,51.072,0.582815,-1,-1,-1
122,56,422.887,474.624,84.267,156.095,0.503092,-1,-1,-1
122,62,1174.837,0.057,60.756,74.235,0.398399,-1,-1,-1
122,63,992.070,0.000,22.292,22.113,0.350093,-1,-1,-1
123,31,1771.879,318.842,78.198,162.721,0.890245,-1,-1,-1
123,42,1598.067,288.387,69.007,166.153,0.882874,-1,-1,-1
123,15,906.187,433.881,72.309,161.159,0.872223,-1,-1,-1
123,9,1715.806,158.651,66.794,145.526,0.871280,-1,-1,-1
123,12,531.521,470.141,85.107,236.799,0.870710,-1,-1,-1
123,54,1208.270,662.796,85.539,201.582,0.869561,-1,-1,-1
123,30,550.632,409.735,64.084,153.322,0.867642,-1,-1,-1
123,53,70.938,639.482,88.821,183.277,0.864908,-1,-1,-1
123,8,681.806,214.641,56.250,156.138,0.862323,-1,-1,-1
123,2,712.253,136.265,55.890,134.629,0.861334,-1,-1,-1
123,20,1057.233,411.642,70.343,171.992,0.860693,-1,-1,-1
123,13,1119.453,240.174,53.980,130.466,0.855679,-1,-1,-1
123,43,212.160,0.000,56.895,106.107,0.855660,-1,-1,-1
123,55,680.982,746.229,97.133,219.512,0.854648,-1,-1,-1
123,7,700.633,0.000,44.804,114.681,0.854300,-1,-1,-1
123,22,917.358,98.830,45.099,133.886,0.847467,-1,-1,-1
123,24,1379.712,30.755,37.189,134.252,0.843975,-1,-1,-1
123,50,1012.749,598.424,59.572,166.982,0.842676,-1,-1,-1
123,16,800.087,36.749,33.883,129.502,0.842587,-1,-1,-1
123,49,71.785,105.718,59.779,122.098,0.842041,-1,-1,-1
123,23,1168.760,208.461,49.158,123.685,0.839060,-1,-1,-1
123,19,1704.572,86.922,45.137,113.231,0.836613,-1,-1,-1
123,37,1881.824,238.366,38.127,123.951,0.831658,-1,-1,-1
123,33,277.045,34.664,42.424,103.905,0.826124,-1,-1,-1
123,40,334.808,474.176,69.699,150.193,0.824482,-1,-1,-1
123,1,1740.025,903.712,120.809,176.288,0.824356,-1,-1,-1
123,14,1750.395,82.324,44.207,116.717,0.820540,-1,-1,-1
123,38,385.957,464.988,78.466,184.369,0.819673,-1,-1,-1
123,18,1142.317,0.000,39.503,68.919,0.802001,-1,-1,-1
123,3,63.109,1004.393,113.560,75.392,0.795253,-1,-1,-1
123,28,962.058,317.836,61.865,168.084,0.771917,-1,-1,-1
123,21,854.896,40.971,49.599,131.805,0.757263,-1,-1,-1
123,57,1895.009,0.000,24.960,42.888,0.733735,-1,-1,-1
123,5,962.473,1007.417,103.059,72.583,0.717111,-1,-1,-1
123,56,444.580,491.182,61.798,133.746,0.715892,-1,-1,-1
123,32,1880.729,449.394,39.271,151.268,0.698389,-1,-1,-1
123,60,946.191,0.017,35.846,24.730,0.696483,-1,-1,-1
123,34,1275.836,0.000,45.125,100.595,0.683753,-1,-1,-1
123,36,1797.274,0.000,43.555,23.067,0.682547,-1,-1,-1
123,29,1013.024,0.000,33.196,49.943,0.667583,-1,-1,-1
123,27,1218.449,0.177,40.523,94.685,0.657003,-1,-1,-1
123,26,1112.559,0.000,37.304,76.522,0.623775,-1,-1,-1
123,63,990.707,0.000,24.361,21.613,0.473911,-1,-1,-1
123,62,1173.864,0.000,60.338,73.676,0.406475,-1,-1,-1
124,31,1765.663,320.410,86.558,162.668,0.888546,-1,-1,-1
124,42,1597.179,286.178,70.160,164.551,0.884600,-1,-1,-1
124,15,906.725,435.488,72.234,159.598,0.877981,-1,-1,-1
124,54,1208.097,657.114,86.393,198.429,0.877355,-1,-1,-1
124,12,531.150,553.679,86.890,165.119,0.874007,-1,-1,-1
124,30,549.979,408.384,64.824,154.708,0.867808,-1,-1,-1
124,53,71.925,641.141,91.885,181.215,0.866980,-1,-1,-1
124,20,1056.687,408.923,70.654,169.432,0.866419,-1,-1,-1
124,2,712.563,135.093,57.269,137.043,0.863622,-1,-1,-1
124,43,212.061,0.000,57.289,108.839,0.861999,-1,-1,-1
124,13,1118.290,242.353,59.543,132.662,0.860303,-1,-1,-1
124,9,1717.132,161.493,65.679,146.489,0.859859,-1,-1,-1
124,7,700.694,0.000,46.055,114.848,0.858847,-1,-1,-1
124,8,682.131,212.913,55.538,157.162,0.858669,-1,-1,-1
124,55,682.011,743.022,95.473,221.627,0.854451,-1,-1,-1
124,50,1013.842,594.173,59.159,163.996,0.853949,-1,-1,-1
124,49,73.141,105.991,58.293,122.169,0.851599,-1,-1,-1
124,24,1379.633,30.719,37.578,134.349,0.845288,-1,-1,-1
124,19,1704.474,88.299,46.654,110.432,0.839733,-1,-1,-1
124,22,917.401,99.895,44.620,132.540,0.839261,-1,-1,-1
124,16,800.471,36.731,33.673,129.312,0.838166,-1,-1,-1
124,23,1167.932,207.543,52.424,123.810,0.837429,-1,-1,-1
124,37,1883.025,241.035,36.951,121.459,0.832965,-1,-1,-1
124,1,1740.805,897.959,126.784,181.866,0.827943,-1,-1,-1
124,33,280.276,34.365,40.006,105.046,0.823285,-1,-1,-1
124,38,387.305,464.879,76.665,184.486,0.821470,-1,-1,-1
124,40,334.988,474.583,69.951,150.189,0.821459,-1,-1,-1
124,14,1751.194,82.881,45.335,118.255,0.817555,-1,-1,-1
124,34,1273.419,0.000,55.860,100.870,0.814375,-1,-1,-1
124,28,958.024,321.251,69.028,170.821,0.813231,-1,-1,-1
124,21,854.698,40.771,43.270,131.140,0.796826,-1,-1,-1
124,3,61.786,1009.707,111.619,70.293,0.773854,-1,-1,-1
124,32,1880.021,455.085,39.979,150.812,0.762055,-1,-1,-1
124,57,1894.997,0.000,25.003,43.063,0.759690,-1,-1,-1
124,18,1110.859,0.000,70.897,76.435,0.758593,-1,-1,-1
124,5,960.859,1011.075,101.127,68.906,0.758512,-1,-1,-1
124,56,445.121,491.106,61.494,134.034,0.728916,-1,-1,-1
124,60,947.412,0.000,34.626,25.736,0.719546,-1,-1,-1
124,36,1797.760,0.000,42.759,23.051,0.682522,-1,-1,-1
124,29,1015.338,0.010,29.156,49.925,0.671370,-1,-1,-1
124,26,1111.733,0.000,40.701,76.238,0.608424,-1,-1,-1
124,63,989.216,0.000,24.314,21.930,0.591519,-1,-1,-1
124,27,1217.843,0.000,41.755,94.836,0.500174,-1,-1,-1
124,62,1173.043,0.220,62.084,74.016,0.529201,-1,-1,-1
125,31,1766.319,321.612,87.950,160.015,0.886386,-1,-1,-1
125,42,1596.058,283.696,70.910,161.291,0.881066,-1,-1,-1
125,15,906.940,436.756,72.451,158.279,0.877333,-1,-1,-1
125,12,530.254,554.045,88.445,171.988,0.874687,-1,-1,-1
125,54,1207.512,652.474,88.115,193.695,0.874407,-1,-1,-1
125,20,1056.711,405.502,69.971,164.554,0.871557,-1,-1,-1
125,30,548.573,409.470,76.861,154.574,0.865815,-1,-1,-1
125,13,1118.618,244.881,59.666,132.648,0.864868,-1,-1,-1
125,2,712.459,134.350,57.802,137.583,0.862284,-1,-1,-1
125,53,73.102,643.978,97.202,178.418,0.861428,-1,-1,-1
125,8,682.335,210.993,54.624,156.688,0.860498,-1,-1,-1
125,50,1014.531,590.013,56.766,159.767,0.857986,-1,-1,-1
125,43,212.073,0.000,56.718,111.027,0.857577,-1,-1,-1
125,1,1742.224,911.556,130.561,168.444,0.857286,-1,-1,-1
125,7,700.669,0.000,46.272,114.802,0.856252,-1,-1,-1
125,9,1717.458,163.428,64.990,146.160,0.855785,-1,-1,-1
125,55,682.795,736.947,93.242,224.110,0.852155,-1,-1,-1
125,49,72.603,106.158,56.584,122.139,0.850247,-1,-1,-1
125,24,1379.693,30.689,37.031,134.352,0.844070,-1,-1,-1
125,16,800.025,36.058,33.960,129.766,0.841090,-1,-1,-1
125,23,1166.974,206.446,55.116,124.696,0.836653,-1,-1,-1
125,19,1704.595,89.186,48.306,110.175,0.835667,-1,-1,-1
125,33,282.703,34.424,41.051,103.851,0.834561,-1,-1,-1
125,22,917.062,100.894,45.381,131.682,0.834535,-1,-1,-1
125,37,1883.886,241.812,36.085,120.601,0.831737,-1,-1,-1
125,34,1271.215,0.000,41.288,100.540,0.826179,-1,-1,-1
125,28,957.200,323.904,67.028,172.216,0.825669,-1,-1,-1
125,38,386.415,464.946,76.766,184.391,0.819557,-1,-1,-1
125,40,334.805,474.564,69.456,149.716,0.818945,-1,-1,-1
125,14,1752.204,83.525,45.418,119.076,0.812963,-1,-1,-1
125,21,854.918,40.568,42.341,130.509,0.807894,-1,-1,-1
125,32,1881.273,447.893,38.727,159.870,0.768954,-1,-1,-1
125,18,1110.951,0.000,70.630,76.096,0.751513,-1,-1,-1
125,57,1895.532,0.000,24.468,43.073,0.751186,-1,-1,-1
125,5,960.430,1014.233,102.602,65.728,0.743823,-1,-1,-1
125,3,59.781,1015.299,115.937,64.701,0.741411,-1,-1,-1
125,56,445.375,491.285,60.905,133.909,0.733939,-1,-1,-1
125,60,947.447,0.000,33.443,27.801,0.727245,-1,-1,-1
125,36,1797.786,0.000,41.927,23.039,0.689725,-1,-1,-1
125,29,1015.885,0.000,29.009,49.528,0.665939,-1,-1,-1
125,63,988.314,0.000,24.211,22.726,0.625391,-1,-1,-1
125,64,1297.836,0.065,41.947,33.829,0.586374,-1,-1,-1
125,26,1111.965,0.000,38.539,75.389,0.571023,-1,-1,-1
125,27,1218.074,1.047,39.658,93.289,0.533376,-1,-1,-1
125,62,1172.635,0.214,61.814,73.647,0.369647,-1,-1,-1
126,31,1770.581,322.735,81.016,158.468,0.892259,-1,-1,-1
126,54,1208.016,647.068,87.632,184.236,0.883258,-1,-1,-1
126,1,1744.808,922.390,133.000,157.610,0.877488,-1,-1,-1
126,15,907.314,438.028,72.084,156.449,0.876479,-1,-1,-1
126,12,530.128,553.220,89.386,174.427,0.875653,-1,-1,-1
126,42,1595.586,281.581,71.303,158.344,0.874534,-1,-1,-1
126,30,548.174,412.966,65.792,153.584,0.872905,-1,-1,-1
126,13,1118.526,247.114,61.500,132.476,0.867065,-1,-1,-1
126,53,75.609,648.592,103.238,180.133,0.866472,-1,-1,-1
126,50,1015.727,586.055,55.971,155.734,0.864180,-1,-1,-1
126,2,712.767,133.489,58.698,137.231,0.863467,-1,-1,-1
126,20,1057.156,402.022,69.530,159.803,0.859913,-1,-1,-1
126,8,684.151,208.586,52.205,156.589,0.859736,-1,-1,-1
126,55,684.384,733.990,91.151,226.552,0.855785,-1,-1,-1
126,9,1718.982,164.025,63.983,145.567,0.854551,-1,-1,-1
126,7,701.295,0.000,46.082,114.788,0.854135,-1,-1,-1
126,43,212.242,0.000,56.397,112.544,0.853509,-1,-1,-1
126,33,286.505,34.237,47.526,103.866,0.852904,-1,-1,-1
126,49,72.359,106.102,56.981,122.508,0.850377,-1,-1,-1
126,19,1704.670,89.801,50.449,109.013,0.844411,-1,-1,-1
126,24,1379.907,30.261,37.303,133.826,0.843928,-1,-1,-1
126,16,800.050,34.947,33.987,130.527,0.838489,-1,-1,-1
126,22,915.664,102.206,46.278,130.879,0.837190,-1,-1,-1
126,37,1884.444,244.968,35.556,117.124,0.830417,-1,-1,-1
126,28,957.137,327.601,66.354,171.634,0.829693,-1,-1,-1
126,23,1165.888,204.366,54.863,124.604,0.827366,-1,-1,-1
126,38,387.233,462.968,75.110,186.201,0.822105,-1,-1,-1
126,34,1271.200,0.059,41.077,100.283,0.821762,-1,-1,-1
126,21,854.786,39.460,42.589,129.919,0.821074,-1,-1,-1
126,14,1753.234,84.500,45.020,113.449,0.820354,-1,-1,-1
126,40,335.066,474.589,69.267,149.542,0.819577,-1,-1,-1
126,32,1882.515,456.206,37.485,141.005,0.754175,-1,-1,-1
126,18,1146.167,0.000,36.533,64.905,0.742633,-1,-1,-1
126,57,1895.621,0.001,24.370,43.049,0.739433,-1,-1,-1
126,3,59.971,1022.504,108.215,57.496,0.737499,-1,-1,-1
126,56,443.655,491.337,62.923,133.438,0.720663,-1,-1,-1
126,27,1218.104,0.000,40.280,94.213,0.714678,-1,-1,-1
126,5,960.049,1017.713,101.566,62.278,0.702904,-1,-1,-1
126,60,946.369,0.000,34.133,31.433,0.699414,-1,-1,-1
126,26,1111.731,0.000,36.811,75.357,0.693809,-1,-1,-1
126,36,1798.243,0.000,41.751,23.109,0.687051,-1,-1,-1
126,29,1016.509,0.000,29.236,49.456,0.665664,-1,-1,-1
126,64,1293.382,0.000,57.172,35.064,0.635103,-1,-1,-1
126,63,986.812,0.054,27.925,26.291,0.606630,-1,-1,-1
126,62,1172.105,0.380,61.115,72.938,0.313298,-1,-1,-1
127,31,1772.989,324.086,80.406,156.213,0.894321,-1,-1,-1
127,54,1210.260,641.056,86.135,178.995,0.885822,-1,-1,-1
127,15,908.285,439.661,108.537,154.171,0.885693,-1,-1,-1
127,12,530.931,556.687,90.207,179.139,0.879007,-1,-1,-1
127,1,1749.532,929.057,134.349,150.664,0.875223,-1,-1,-1
127,30,547.751,416.587,66.409,151.562,0.874485,-1,-1,-1
127,42,1595.072,278.208,70.116,155.507,0.872395,-1,-1,-1
127,20,1056.677,397.968,71.109,155.033,0.870129,-1,-1,-1
127,53,76.862,652.695,108.599,186.353,0.869583,-1,-1,-1
127,13,1120.032,248.267,61.540,131.908,0.867938,-1,-1,-1
127,33,289.659,34.308,54.647,102.552,0.864357,-1,-1,-1
127,7,701.150,0.000,47.590,113.928,0.864000,-1,-1,-1
127,2,713.611,130.939,57.975,138.181,0.862827,-1,-1,-1
127,9,1718.066,165.745,64.852,145.898,0.859840,-1,-1,-1
127,50,1012.982,582.031,59.707,158.572,0.857289,-1,-1,-1
127,43,212.433,0.000,55.843,112.523,0.856811,-1,-1,-1
127,55,685.849,729.600,89.581,218.395,0.854828,-1,-1,-1
127,19,1705.266,89.814,51.782,108.795,0.849700,-1,-1,-1
127,8,686.059,205.418,49.016,155.229,0.848766,-1,-1,-1
127,24,1380.062,29.613,38.032,133.777,0.844895,-1,-1,-1
127,49,65.715,104.677,62.964,123.840,0.842875,-1,-1,-1
127,22,915.849,101.591,48.243,135.236,0.840903,-1,-1,-1
127,16,800.091,34.010,34.552,130.584,0.837547,-1,-1,-1
127,28,956.660,329.341,65.628,171.158,0.833751,-1,-1,-1
127,38,388.367,463.990,74.008,184.646,0.829031,-1,-1,-1
127,23,1164.231,201.675,55.526,124.289,0.827850,-1,-1,-1
127,40,335.513,474.166,68.670,149.408,0.822336,-1,-1,-1
127,37,1886.109,243.222,33.891,118.128,0.819276,-1,-1,-1
127,34,1271.106,0.000,43.304,99.710,0.813767,-1,-1,-1
127,21,854.993,38.758,60.555,129.629,0.813400,-1,-1,-1
127,14,1754.627,84.641,46.511,113.111,0.813233,-1,-1,-1
127,56,444.080,490.815,62.739,133.037,0.768445,-1,-1,-1
127,3,60.519,1029.266,107.480,50.678,0.750733,-1,-1,-1
127,32,1884.693,461.541,35.307,135.190,0.736719,-1,-1,-1
127,26,1111.490,0.000,39.730,74.976,0.729779,-1,-1,-1
127,18,1148.418,0.025,36.040,57.251,0.723196,-1,-1,-1
127,5,958.174,1021.226,104.552,58.731,0.698273,-1,-1,-1
127,57,1896.668,0.011,23.332,42.052,0.691704,-1,-1,-1
127,36,1798.778,0.000,41.284,21.857,0.677496,-1,-1,-1
127,60,945.548,0.000,34.869,32.918,0.667934,-1,-1,-1
127,29,1018.652,0.000,30.942,47.133,0.662981,-1,-1,-1
127,64,1287.010,0.000,71.245,33.579,0.590107,-1,-1,-1
127,63,987.327,0.057,27.704,26.503,0.586004,-1,-1,-1
127,27,1216.734,0.062,42.905,92.636,0.557526,-1,-1,-1
127,62,1171.916,0.059,62.304,73.031,0.362432,-1,-1,-1
128,31,1772.503,329.820,81.349,162.805,0.893122,-1,-1,-1
128,54,1215.402,634.161,84.196,179.557,0.887789,-1,-1,-1
128,12,531.233,565.286,91.054,177.701,0.880413,-1,-1,-1
128,33,296.420,35.042,61.481,101.991,0.878135,-1,-1,-1
128,42,1593.181,274.652,67.790,152.258,0.875391,-1,-1,-1
128,15,908.094,443.895,71.422,165.587,0.874442,-1,-1,-1
128,20,1056.224,392.960,70.866,156.702,0.873976,-1,-1,-1
128,13,1123.088,253.162,59.087,127.583,0.867299,-1,-1,-1
128,50,1014.020,577.400,63.303,163.769,0.864179,-1,-1,-1
128,2,714.982,128.673,57.312,137.044,0.863704,-1,-1,-1
128,9,1717.355,168.155,65.492,145.989,0.862097,-1,-1,-1
128,53,79.827,658.960,111.606,193.041,0.862023,-1,-1,-1
128,43,212.613,0.000,54.857,115.983,0.857946,-1,-1,-1
128,30,545.923,430.819,67.464,139.497,0.857109,-1,-1,-1
128,1,1760.305,940.447,132.658,139.553,0.855162,-1,-1,-1
128,49,74.335,106.531,52.565,124.403,0.853603,-1,-1,-1
128,7,702.610,0.000,46.995,113.238,0.848635,-1,-1,-1
128,24,1379.844,29.840,37.995,134.047,0.844644,-1,-1,-1
128,8,686.725,200.656,48.968,148.019,0.843486,-1,-1,-1
128,55,685.279,719.651,89.189,217.905,0.841072,-1,-1,-1
128,19,1705.183,91.258,55.398,109.592,0.839585,-1,-1,-1
128,22,916.632,106.450,47.295,140.422,0.835792,-1,-1,-1
128,23,1162.535,198.239,53.623,123.067,0.831210,-1,-1,-1
128,16,800.156,33.683,34.951,130.766,0.831083,-1,-1,-1
128,28,951.887,334.259,69.446,169.971,0.830306,-1,-1,-1
128,34,1270.446,0.221,42.376,99.622,0.829479,-1,-1,-1
128,14,1755.471,86.729,46.715,113.866,0.825354,-1,-1,-1
128,26,1109.752,0.000,44.142,73.201,0.823844,-1,-1,-1
128,38,387.933,463.298,73.880,185.764,0.822996,-1,-1,-1
128,37,1886.421,243.861,33.543,118.803,0.822989,-1,-1,-1
128,40,335.473,474.611,70.888,149.458,0.815391,-1,-1,-1
128,21,856.022,38.529,51.193,128.776,0.778313,-1,-1,-1
128,32,1888.369,481.383,31.631,116.271,0.764199,-1,-1,-1
128,18,1148.781,0.033,37.522,51.604,0.757210,-1,-1,-1
128,56,444.232,491.504,62.485,133.389,0.755296,-1,-1,-1
128,57,1895.943,0.109,24.057,44.248,0.733382,-1,-1,-1
128,27,1217.550,0.000,41.064,92.313,0.703292,-1,-1,-1
128,5,955.939,1029.744,100.679,50.205,0.688617,-1,-1,-1
128,36,1798.498,0.000,42.382,22.688,0.675787,-1,-1,-1
128,60,945.597,0.022,34.487,34.969,0.671211,-1,-1,-1
128,64,1301.755,0.000,62.821,34.953,0.651936,-1,-1,-1
128,29,1018.871,0.000,31.115,46.032,0.637062,-1,-1,-1
128,63,987.693,0.056,27.151,29.727,0.598190,-1,-1,-1
128,3,60.134,1045.644,100.865,34.223,0.586637,-1,-1,-1
128,62,1170.559,0.616,61.945,73.259,0.238312,-1,-1,-1
129,31,1773.156,333.179,81.065,167.046,0.889633,-1,-1,-1
129,54,1215.821,630.553,82.760,183.170,0.887707,-1,-1,-1
129,12,531.233,568.170,94.307,175.037,0.885148,-1,-1,-1
129,42,1591.861,272.870,66.769,153.861,0.884566,-1,-1,-1
129,20,1055.924,390.717,70.383,158.386,0.879362,-1,-1,-1
129,33,299.308,35.544,62.327,101.435,0.874320,-1,-1,-1
129,1,1770.302,945.914,127.404,134.029,0.870297,-1,-1,-1
129,15,906.997,441.368,87.294,176.304,0.867899,-1,-1,-1
129,53,81.616,664.453,111.588,191.945,0.867718,-1,-1,-1
129,13,1125.443,251.263,56.921,129.154,0.866664,-1,-1,-1
129,9,1716.374,168.308,65.285,145.971,0.865092,-1,-1,-1
129,50,1012.117,574.251,63.645,165.759,0.862927,-1,-1,-1
129,2,715.496,126.295,56.157,126.391,0.860409,-1,-1,-1
129,55,683.621,715.212,91.034,205.478,0.858067,-1,-1,-1
129,43,212.815,0.000,54.377,116.299,0.853109,-1,-1,-1
129,24,1380.881,30.092,36.578,133.771,0.849374,-1,-1,-1
129,7,702.975,0.000,47.004,110.523,0.844245,-1,-1,-1
129,30,544.684,431.583,67.596,155.680,0.835259,-1,-1,-1
129,49,69.915,105.116,55.561,126.520,0.834424,-1,-1,-1
129,23,1159.731,196.124,55.358,125.653,0.834264,-1,-1,-1
129,28,943.345,335.821,77.168,168.389,0.834215,-1,-1,-1
129,8,686.459,197.702,48.289,145.103,0.832666,-1,-1,-1
129,16,799.788,33.231,35.708,130.704,0.831238,-1,-1,-1
129,22,916.451,105.702,47.928,141.821,0.828340,-1,-1,-1
129,34,1270.626,0.000,43.816,99.934,0.827852,-1,-1,-1
129,19,1707.370,91.701,55.760,111.014,0.825632,-1,-1,-1
129,26,1108.863,0.000,44.840,71.337,0.825308,-1,-1,-1
129,21,855.874,38.403,60.351,128.552,0.821511,-1,-1,-1
129,40,335.383,474.339,67.658,149.742,0.818273,-1,-1,-1
129,37,1886.487,246.058,33.513,122.849,0.817071,-1,-1,-1
129,38,387.381,463.174,119.141,185.597,0.811038,-1,-1,-1
129,14,1756.418,88.343,47.149,118.494,0.809210,-1,-1,-1
129,57,1896.208,0.093,23.792,46.303,0.734073,-1,-1,-1
129,18,1151.017,0.033,37.451,51.069,0.733002,-1,-1,-1
129,32,1891.220,485.210,28.780,115.008,0.704732,-1,-1,-1
129,27,1214.988,0.000,41.752,81.580,0.692363,-1,-1,-1
129,64,1303.011,0.000,62.070,36.034,0.676397,-1,-1,-1
129,36,1798.589,0.000,42.412,22.582,0.672412,-1,-1,-1
129,5,953.499,1033.479,103.050,46.472,0.659625,-1,-1,-1
129,29,1019.134,0.010,31.881,44.136,0.639621,-1,-1,-1
129,60,946.284,0.047,33.194,36.367,0.618452,-1,-1,-1
129,63,988.378,0.054,27.695,31.471,0.545150,-1,-1,-1
129,3,66.392,1052.606,86.493,27.323,0.495923,-1,-1,-1
129,56,426.026,473.797,80.569,154.083,0.487044,-1,-1,-1
129,62,1170.061,0.297,45.916,72.817,0.303735,-1,-1,-1
130,31,1772.894,336.781,80.962,171.578,0.889151,-1,-1,-1
130,54,1214.707,627.012,86.073,187.109,0.886009,-1,-1,-1
130,12,531.219,570.783,98.304,173.051,0.883327,-1,-1,-1
130,20,1055.513,388.938,70.975,160.551,0.879997,-1,-1,-1
130,15,906.201,450.138,72.768,172.460,0.877574,-1,-1,-1
130,42,1588.363,271.448,68.029,154.374,0.875321,-1,-1,-1
130,33,301.631,35.697,61.522,100.445,0.874621,-1,-1,-1
130,1,1784.164,950.824,118.352,128.834,0.869760,-1,-1,-1
130,50,1011.367,571.916,63.678,168.348,0.869392,-1,-1,-1
130,53,84.929,668.206,107.437,192.316,0.865539,-1,-1,-1
130,2,715.624,123.964,54.880,122.269,0.865127,-1,-1,-1
130,13,1128.361,251.695,54.326,129.321,0.862661,-1,-1,-1
130,43,213.090,0.000,54.568,116.992,0.856847,-1,-1,-1
130,55,681.812,710.636,93.058,198.954,0.854327,-1,-1,-1
130,9,1715.858,169.502,66.435,144.751,0.854074,-1,-1,-1
130,21,855.005,38.151,61.274,129.275,0.852685,-1,-1,-1
130,7,702.879,0.000,47.020,108.371,0.852056,-1,-1,-1
130,30,543.840,432.543,67.260,155.709,0.851671,-1,-1,-1
130,24,1380.798,30.111,36.672,133.780,0.848696,-1,-1,-1
130,49,72.416,105.485,52.126,126.887,0.836428,-1,-1,-1
130,34,1269.930,0.029,40.617,99.880,0.831695,-1,-1,-1
130,16,799.749,32.671,36.102,130.430,0.829413,-1,-1,-1
130,23,1159.023,193.377,55.305,122.349,0.826137,-1,-1,-1
130,22,917.446,110.125,47.550,137.847,0.822154,-1,-1,-1
130,26,1108.097,0.000,46.252,69.959,0.821133,-1,-1,-1
130,19,1708.371,92.635,55.986,111.066,0.819723,-1,-1,-1
130,40,335.410,474.389,67.525,149.723,0.819247,-1,-1,-1
130,8,685.897,195.100,51.105,145.471,0.818586,-1,-1,-1
130,38,387.039,463.240,119.145,185.538,0.814680,-1,-1,-1
130,14,1757.796,88.978,46.831,120.062,0.813893,-1,-1,-1
130,28,945.685,337.633,71.775,167.114,0.813218,-1,-1,-1
130,37,1886.474,248.276,33.526,126.024,0.804423,-1,-1,-1
130,64,1301.824,0.000,64.653,35.812,0.755283,-1,-1,-1
130,27,1214.690,0.000,41.778,88.923,0.720889,-1,-1,-1
130,57,1896.053,0.019,23.947,49.127,0.704138,-1,-1,-1
130,36,1798.595,0.000,42.350,22.549,0.672953,-1,-1,-1
130,5,950.167,1037.860,108.943,42.103,0.661941,-1,-1,-1
130,29,1018.801,0.003,31.758,41.678,0.637673,-1,-1,-1
130,60,945.542,0.038,34.175,36.969,0.626379,-1,-1,-1
130,63,988.466,0.052,27.232,32.031,0.571881,-1,-1,-1
130,56,437.988,486.528,68.550,138.149,0.566535,-1,-1,-1
130,32,1893.864,495.164,26.136,155.158,0.557723,-1,-1,-1
130,62,1169.208,0.517,46.792,72.969,0.281058,-1,-1,-1
131,31,1774.280,340.700,79.772,167.730,0.892158,-1,-1,-1
131,54,1214.340,623.817,86.276,190.143,0.888690,-1,-1,-1
131,12,531.046,575.585,95.610,168.624,0.883032,-1,-1,-1
131,20,1055.502,386.736,71.500,163.007,0.878362,-1,-1,-1
131,42,1584.341,269.651,70.274,156.757,0.876473,-1,-1,-1
131,1,1788.071,958.758,117.270,121.242,0.874684,-1,-1,-1
131,15,905.504,453.191,74.162,173.661,0.870393,-1,-1,-1
131,33,301.801,35.198,62.873,101.290,0.869043,-1,-1,-1
131,50,1010.335,569.419,65.210,170.755,0.865340,-1,-1,-1
131,53,87.287,668.326,106.269,197.602,0.865182,-1,-1,-1
131,21,854.663,37.802,61.720,129.450,0.862418,-1,-1,-1
131,2,715.747,121.990,53.642,123.350,0.862338,-1,-1,-1
131,55,679.676,704.610,95.036,193.116,0.858493,-1,-1,-1
131,13,1129.779,256.465,53.018,124.159,0.858473,-1,-1,-1
131,7,702.968,0.000,46.306,106.461,0.858309,-1,-1,-1
131,43,213.022,0.000,54.885,117.528,0.857879,-1,-1,-1
131,30,542.559,441.366,67.521,144.861,0.856584,-1,-1,-1
131,24,1380.984,30.055,36.473,133.707,0.849244,-1,-1,-1
131,9,1715.985,171.012,66.530,143.092,0.847875,-1,-1,-1
131,49,73.216,105.758,49.866,126.635,0.832964,-1,-1,-1
131,22,916.083,111.102,49.528,139.716,0.830417,-1,-1,-1
131,16,799.496,32.430,37.880,130.868,0.829229,-1,-1,-1
131,34,1270.334,0.000,38.900,98.864,0.828399,-1,-1,-1
131,8,685.267,193.354,49.970,147.139,0.827766,-1,-1,-1
131,14,1759.056,89.712,45.807,121.811,0.826412,-1,-1,-1
131,40,335.406,474.302,67.034,149.844,0.822931,-1,-1,-1
131,23,1157.311,191.418,56.774,118.331,0.818932,-1,-1,-1
131,38,386.770,463.075,119.206,185.733,0.815385,-1,-1,-1
131,19,1710.179,93.357,56.309,109.343,0.811086,-1,-1,-1
131,26,1107.209,0.000,46.971,66.488,0.805724,-1,-1,-1
131,28,941.198,338.420,77.564,167.750,0.797431,-1,-1,-1
131,37,1886.509,250.430,33.482,127.430,0.792238,-1,-1,-1
131,62,1153.020,0.000,76.918,74.072,0.783764,-1,-1,-1
131,64,1301.999,0.000,65.001,35.383,0.746744,-1,-1,-1
131,27,1214.448,0.000,40.582,70.687,0.691064,-1,-1,-1
131,36,1798.635,0.000,41.778,22.501,0.676327,-1,-1,-1
131,29,1019.575,0.034,31.285,39.510,0.651367,-1,-1,-1
131,5,951.722,1042.836,94.426,37.089,0.639418,-1,-1,-1
131,57,1896.149,0.000,23.851,50.775,0.618342,-1,-1,-1
131,63,988.380,0.059,25.540,31.993,0.605239,-1,-1,-1
131,60,941.503,0.009,38.423,37.119,0.599072,-1,-1,-1
131,32,1896.351,509.358,23.649,130.069,0.499921,-1,-1,-1
131,56,442.505,491.190,63.785,133.534,0.463517,-1,-1,-1
132,31,1774.054,343.927,79.853,169.733,0.892599,-1,-1,-1
132,54,1215.489,621.168,90.501,192.262,0.888715,-1,-1,-1
132,1,1791.298,965.044,118.445,114.956,0.883874,-1,-1,-1
132,42,1581.979,268.497,71.464,157.772,0.882490,-1,-1,-1
132,20,1055.404,385.492,72.344,164.229,0.877430,-1,-1,-1
132,12,530.818,578.946,95.456,164.928,0.874401,-1,-1,-1
132,53,89.105,671.985,104.499,198.677,0.869048,-1,-1,-1
132,33,303.423,35.059,61.229,101.957,0.868211,-1,-1,-1
132,15,904.805,457.171,72.788,171.170,0.867137,-1,-1,-1
132,21,854.949,37.665,61.488,129.546,0.865826,-1,-1,-1
132,2,715.864,119.949,52.183,126.107,0.862550,-1,-1,-1
132,50,1009.432,566.858,65.273,172.107,0.859747,-1,-1,-1
132,7,702.842,0.000,45.670,102.183,0.858600,-1,-1,-1
132,43,213.002,0.000,55.136,117.612,0.858270,-1,-1,-1
132,13,1130.729,258.270,52.836,122.596,0.855397,-1,-1,-1
132,24,1380.787,30.137,36.682,133.716,0.851082,-1,-1,-1
132,30,541.318,442.296,66.919,145.433,0.842051,-1,-1,-1
132,55,678.001,700.775,96.252,194.201,0.841960,-1,-1,-1
132,34,1270.048,0.472,38.651,97.795,0.841954,-1,-1,-1
132,9,1716.263,171.694,66.334,142.744,0.840360,-1,-1,-1
132,49,74.085,106.086,49.139,126.702,0.839164,-1,-1,-1
132,14,1760.124,90.695,45.510,123.733,0.837080,-1,-1,-1
132,8,684.857,192.236,55.868,147.526,0.831098,-1,-1,-1
132,16,799.645,32.158,38.401,130.194,0.830738,-1,-1,-1
132,23,1155.035,190.833,58.945,115.349,0.828503,-1,-1,-1
132,22,916.091,112.460,49.591,141.808,0.827272,-1,-1,-1
132,40,335.440,474.277,66.880,149.868,0.823795,-1,-1,-1
132,38,385.974,462.978,120.077,185.765,0.809367,-1,-1,-1
132,26,1106.426,0.042,45.379,62.960,0.809200,-1,-1,-1
132,19,1712.450,94.277,54.280,111.368,0.798564,-1,-1,-1
132,28,942.698,340.188,78.213,164.436,0.797471,-1,-1,-1
132,62,1153.425,0.000,75.516,74.322,0.797386,-1,-1,-1
132,37,1886.243,251.274,33.636,121.236,0.767069,-1,-1,-1
132,27,1214.083,0.000,40.312,90.251,0.714928,-1,-1,-1
132,36,1798.706,0.000,41.281,22.481,0.683072,-1,-1,-1
132,29,1020.763,0.065,31.524,37.510,0.668352,-1,-1,-1
132,60,940.301,0.000,40.280,36.813,0.633964,-1,-1,-1
132,63,988.280,0.041,26.202,32.151,0.615983,-1,-1,-1
132,57,1896.401,0.000,23.599,51.151,0.611876,-1,-1,-1
132,56,439.899,486.722,66.625,137.947,0.555709,-1,-1,-1
132,5,954.496,1048.006,91.091,31.940,0.526258,-1,-1,-1
132,64,1304.754,0.044,66.527,36.325,0.356630,-1,-1,-1
133,54,1221.728,614.237,83.183,191.705,0.891037,-1,-1,-1
133,31,1774.659,349.144,79.753,171.917,0.889795,-1,-1,-1
133,42,1580.219,265.479,69.609,160.071,0.887769,-1,-1,-1
133,12,530.714,577.704,90.263,166.327,0.883405,-1,-1,-1
133,20,1056.014,382.361,73.133,167.011,0.874327,-1,-1,-1
133,53,94.700,680.146,99.236,192.116,0.872473,-1,-1,-1
133,15,903.024,463.588,74.240,172.399,0.871771,-1,-1,-1
133,33,308.776,34.169,56.239,101.443,0.870897,-1,-1,-1
133,50,1010.160,561.445,64.102,171.147,0.867085,-1,-1,-1
133,30,538.634,437.146,68.713,173.906,0.864361,-1,-1,-1
133,13,1132.391,264.012,52.346,128.674,0.863805,-1,-1,-1
133,21,856.744,37.217,59.798,129.969,0.863526,-1,-1,-1
133,55,674.465,691.169,99.509,199.958,0.861081,-1,-1,-1
133,2,716.140,115.566,49.425,129.431,0.860674,-1,-1,-1
133,43,212.889,0.000,55.696,117.460,0.860544,-1,-1,-1
133,24,1381.029,29.607,36.767,133.997,0.850157,-1,-1,-1
133,1,1798.941,980.889,119.559,99.111,0.848800,-1,-1,-1
133,7,703.469,0.000,43.050,96.473,0.847690,-1,-1,-1
133,49,74.337,106.209,49.298,127.377,0.846311,-1,-1,-1
133,8,684.746,189.853,51.732,149.608,0.840528,-1,-1,-1
133,23,1156.887,187.886,56.909,112.198,0.838108,-1,-1,-1
133,9,1715.771,161.663,67.598,152.506,0.837153,-1,-1,-1
133,22,916.738,116.368,50.298,139.566,0.835176,-1,-1,-1
133,26,1104.857,0.008,46.038,58.661,0.827719,-1,-1,-1
133,40,335.734,474.154,66.301,149.917,0.825724,-1,-1,-1
133,16,800.023,30.426,39.066,128.851,0.824818,-1,-1,-1
133,34,1268.875,0.459,39.288,98.407,0.823924,-1,-1,-1
133,14,1763.427,92.568,44.124,125.029,0.821000,-1,-1,-1
133,38,387.035,462.982,119.181,185.828,0.813511,-1,-1,-1
133,19,1717.734,95.074,54.650,110.528,0.812065,-1,-1,-1
133,28,938.617,342.212,80.916,161.727,0.797992,-1,-1,-1
133,37,1885.839,257.493,34.161,129.749,0.789755,-1,-1,-1
133,62,1154.809,0.000,83.675,90.281,0.777760,-1,-1,-1
133,29,1022.843,0.030,29.352,36.231,0.703851,-1,-1,-1
133,36,1798.677,0.000,41.672,22.294,0.674197,-1,-1,-1
133,27,1209.790,0.000,43.638,64.675,0.640908,-1,-1,-1
133,64,1316.604,0.046,54.798,36.258,0.622194,-1,-1,-1
133,63,986.783,0.055,27.330,32.081,0.621755,-1,-1,-1
133,57,1896.918,0.000,22.861,50.281,0.576449,-1,-1,-1
133,60,940.707,0.000,40.926,37.250,0.526094,-1,-1,-1
133,56,427.549,482.421,79.229,142.059,0.334821,-1,-1,-1
134,31,1774.172,351.164,80.198,171.036,0.888156,-1,-1,-1
134,54,1225.854,609.311,77.861,192.116,0.883826,-1,-1,-1
134,12,530.032,576.318,88.468,168.051,0.882929,-1,-1,-1
134,42,1580.101,263.812,67.579,161.190,0.879936,-1,-1,-1
134,15,902.723,466.023,73.897,170.927,0.875335,-1,-1,-1
134,53,96.691,682.456,97.101,189.956,0.873272,-1,-1,-1
134,50,1010.252,557.632,64.541,169.506,0.871519,-1,-1,-1
134,20,1058.269,380.186,70.646,168.790,0.869555,-1,-1,-1
134,30,537.620,416.507,67.410,196.453,0.869194,-1,-1,-1
134,21,857.334,36.977,59.265,129.868,0.865067,-1,-1,-1
134,33,313.725,32.863,51.173,101.576,0.864030,-1,-1,-1
134,13,1133.287,266.266,52.108,130.844,0.858530,-1,-1,-1
134,43,212.993,0.000,55.579,117.386,0.856901,-1,-1,-1
134,55,673.650,687.598,100.406,203.728,0.853818,-1,-1,-1
134,9,1716.383,175.309,67.670,139.213,0.849288,-1,-1,-1
134,24,1381.013,29.546,36.901,134.010,0.848616,-1,-1,-1
134,2,716.054,114.126,47.511,130.468,0.848385,-1,-1,-1
134,49,74.117,106.011,49.225,127.735,0.845002,-1,-1,-1
134,8,684.383,188.676,52.804,150.275,0.841512,-1,-1,-1
134,7,703.112,0.000,41.513,96.025,0.841282,-1,-1,-1
134,1,1801.338,988.703,118.536,91.297,0.840998,-1,-1,-1
134,22,916.886,117.366,50.616,138.536,0.834452,-1,-1,-1
134,16,800.234,30.879,39.094,128.630,0.828330,-1,-1,-1
134,40,335.749,473.831,66.391,150.203,0.825444,-1,-1,-1
134,38,388.384,462.646,117.697,186.183,0.822700,-1,-1,-1
134,26,1104.702,0.009,46.629,56.963,0.822446,-1,-1,-1
134,34,1268.333,0.351,39.025,97.693,0.820757,-1,-1,-1
134,14,1764.417,92.696,44.087,124.197,0.818505,-1,-1,-1
134,23,1157.171,186.770,56.291,110.162,0.815608,-1,-1,-1
134,19,1721.872,95.306,51.428,113.213,0.810677,-1,-1,-1
134,37,1885.860,255.632,34.140,133.117,0.775661,-1,-1,-1
134,28,937.941,343.865,81.174,160.235,0.770899,-1,-1,-1
134,29,1023.260,0.054,29.957,35.561,0.730802,-1,-1,-1
134,62,1155.823,0.021,76.412,74.684,0.723431,-1,-1,-1
134,27,1203.649,0.000,50.098,90.142,0.692096,-1,-1,-1
134,36,1798.652,0.000,41.978,22.283,0.667082,-1,-1,-1
134,63,986.458,0.062,27.755,32.128,0.622635,-1,-1,-1
134,64,1326.947,0.000,46.052,35.784,0.581742,-1,-1,-1
134,57,1897.343,0.000,22.657,53.006,0.579424,-1,-1,-1
134,60,941.537,0.000,40.538,37.365,0.516673,-1,-1,-1
134,56,436.388,485.751,70.255,138.859,0.503064,-1,-1,-1
135,31,1773.671,353.122,80.951,170.025,0.892835,-1,-1,-1
135,54,1224.661,604.377,79.812,191.560,0.890358,-1,-1,-1
135,12,527.800,578.999,87.710,167.063,0.879887,-1,-1,-1
135,20,1059.669,378.176,69.496,169.209,0.879634,-1,-1,-1
135,15,902.439,468.276,74.090,168.954,0.878746,-1,-1,-1
135,42,1580.273,261.911,65.925,162.029,0.875988,-1,-1,-1
135,50,1010.978,553.102,64.535,165.183,0.871190,-1,-1,-1
135,53,100.204,683.953,94.074,188.364,0.867206,-1,-1,-1
135,30,536.843,442.410,67.107,193.434,0.866525,-1,-1,-1
135,21,857.571,36.616,58.988,130.455,0.865236,-1,-1,-1
135,55,672.935,685.316,101.537,205.873,0.862402,-1,-1,-1
135,13,1134.593,270.197,51.763,130.742,0.859507,-1,-1,-1
135,43,212.902,0.003,55.908,117.892,0.857586,-1,-1,-1
135,33,320.157,32.879,45.147,101.440,0.857207,-1,-1,-1
135,8,684.449,187.874,52.745,151.211,0.848907,-1,-1,-1
135,24,1381.024,29.395,37.252,134.175,0.848482,-1,-1,-1
135,7,702.812,0.000,40.401,95.649,0.844266,-1,-1,-1
135,2,716.174,112.962,46.112,131.748,0.843298,-1,-1,-1
135,49,73.526,105.999,50.053,127.933,0.842513,-1,-1,-1
135,22,917.406,118.810,50.757,137.080,0.838994,-1,-1,-1
135,16,800.233,29.873,40.916,128.222,0.836682,-1,-1,-1
135,9,1716.734,174.681,67.064,140.361,0.836282,-1,-1,-1
135,38,387.586,463.255,118.655,185.514,0.824584,-1,-1,-1
135,40,335.988,473.826,66.238,150.305,0.821006,-1,-1,-1
135,14,1766.088,93.669,43.619,126.295,0.819718,-1,-1,-1
135,23,1158.470,186.534,54.873,123.248,0.817285,-1,-1,-1
135,26,1104.585,0.000,47.519,56.249,0.815838,-1,-1,-1
135,34,1267.537,0.004,39.600,97.318,0.814020,-1,-1,-1
135,19,1725.073,96.313,50.318,114.979,0.792823,-1,-1,-1
135,1,1804.169,995.793,115.749,84.207,0.778188,-1,-1,-1
135,28,937.489,345.928,82.458,159.291,0.771446,-1,-1,-1
135,29,1023.019,0.085,29.546,35.377,0.738539,-1,-1,-1
135,37,1886.389,256.693,33.611,133.941,0.738505,-1,-1,-1
135,27,1202.471,0.000,50.975,90.209,0.720237,-1,-1,-1
135,62,1156.155,0.000,73.078,74.443,0.705977,-1,-1,-1
135,64,1335.952,0.068,40.598,36.171,0.699088,-1,-1,-1
135,36,1798.788,0.000,42.235,22.271,0.667301,-1,-1,-1
135,63,985.936,0.052,26.721,32.208,0.655110,-1,-1,-1
135,60,941.445,0.000,39.611,37.598,0.587117,-1,-1,-1
135,57,1897.733,0.000,22.267,54.261,0.577799,-1,-1,-1
135,56,443.298,491.403,63.446,132.958,0.490515,-1,-1,-1
136,31,1773.550,354.736,81.395,167.958,0.893016,-1,-1,-1
136,54,1222.486,597.852,85.242,189.322,0.887209,-1,-1,-1
136,20,1061.069,375.042,68.536,168.360,0.881391,-1,-1,-1
136,12,526.879,590.438,88.174,166.487,0.872303,-1,-1,-1
136,42,1578.624,258.909,66.393,162.593,0.869314,-1,-1,-1
136,50,1010.963,549.027,65.191,160.320,0.868158,-1,-1,-1
136,9,1717.043,177.608,69.813,141.690,0.867560,-1,-1,-1
136,53,103.114,685.076,91.760,186.639,0.865741,-1,-1,-1
136,30,536.297,436.915,73.614,202.309,0.861643,-1,-1,-1
136,15,902.519,411.710,80.908,225.510,0.861515,-1,-1,-1
136,13,1136.192,272.478,51.022,130.373,0.857847,-1,-1,-1
136,55,672.191,682.401,102.095,208.722,0.856176,-1,-1,-1
136,43,212.898,0.104,55.884,117.826,0.853404,-1,-1,-1
136,21,858.439,36.175,58.348,130.853,0.851837,-1,-1,-1
136,33,323.136,30.986,42.622,102.972,0.849531,-1,-1,-1
136,49,74.358,106.326,49.465,127.574,0.847705,-1,-1,-1
136,24,1381.454,29.215,37.309,134.337,0.847266,-1,-1,-1
136,7,701.905,0.000,40.927,95.498,0.845320,-1,-1,-1
136,2,716.249,111.538,46.169,132.692,0.843911,-1,-1,-1
136,8,684.123,186.513,52.531,151.974,0.839865,-1,-1,-1
136,22,917.751,119.405,50.911,136.164,0.839823,-1,-1,-1
136,16,800.474,29.395,42.569,127.526,0.837172,-1,-1,-1
136,14,1766.965,93.884,44.515,124.707,0.829125,-1,-1,-1
136,38,387.951,462.294,118.073,185.756,0.825514,-1,-1,-1
136,40,336.214,473.325,66.138,150.675,0.819678,-1,-1,-1
136,23,1159.330,185.815,53.306,119.854,0.806640,-1,-1,-1
136,26,1104.441,0.028,48.702,56.003,0.802300,-1,-1,-1
136,19,1730.059,97.227,45.745,112.483,0.789023,-1,-1,-1
136,34,1266.115,0.045,40.287,96.989,0.776702,-1,-1,-1
136,28,938.939,348.625,79.302,202.046,0.770178,-1,-1,-1
136,27,1202.389,0.000,50.518,90.191,0.750326,-1,-1,-1
136,62,1155.807,0.017,72.493,74.331,0.735672,-1,-1,-1
136,37,1887.891,259.925,32.051,107.909,0.713435,-1,-1,-1
136,1,1806.484,1003.172,113.385,76.825,0.710976,-1,-1,-1
136,29,1022.607,0.024,30.608,35.222,0.709742,-1,-1,-1
136,64,1344.952,0.069,37.000,38.864,0.669713,-1,-1,-1
136,36,1798.749,0.000,42.104,22.251,0.669214,-1,-1,-1
136,63,986.541,0.072,26.783,31.063,0.648075,-1,-1,-1
136,60,942.420,0.000,38.898,37.374,0.640584,-1,-1,-1
136,57,1897.779,0.000,22.029,52.043,0.582908,-1,-1,-1
136,56,443.505,492.471,63.350,131.708,0.555652,-1,-1,-1
137,54,1227.494,590.118,80.829,184.707,0.892639,-1,-1,-1
137,31,1771.204,356.213,84.207,166.367,0.892171,-1,-1,-1
137,20,1062.454,372.230,68.212,165.479,0.876393,-1,-1,-1
137,42,1580.015,256.157,63.680,162.164,0.876058,-1,-1,-1
137,12,528.649,588.657,85.028,177.903,0.873832,-1,-1,-1
137,50,1014.209,545.295,61.718,155.798,0.872262,-1,-1,-1
137,15,902.467,472.074,72.701,164.831,0.871965,-1,-1,-1
137,30,535.717,446.199,67.204,150.936,0.865138,-1,-1,-1
137,9,1718.160,179.305,69.542,144.949,0.864553,-1,-1,-1
137,53,104.534,686.508,91.692,184.902,0.863060,-1,-1,-1
137,21,858.707,35.416,58.087,130.975,0.860952,-1,-1,-1
137,13,1137.196,274.286,51.190,131.210,0.859898,-1,-1,-1
137,55,670.991,678.601,103.941,213.419,0.853447,-1,-1,-1
137,33,325.225,30.170,40.958,103.230,0.849256,-1,-1,-1
137,43,213.042,0.153,55.875,117.577,0.849070,-1,-1,-1
137,7,700.429,0.000,42.321,94.777,0.847166,-1,-1,-1
137,24,1381.374,28.693,37.550,134.771,0.845006,-1,-1,-1
137,49,74.120,105.891,49.620,127.840,0.842902,-1,-1,-1
137,2,716.295,110.517,45.615,133.005,0.841763,-1,-1,-1
137,8,683.841,184.979,53.254,152.141,0.840716,-1,-1,-1
137,16,800.558,28.965,43.908,127.399,0.839981,-1,-1,-1
137,22,918.256,120.324,50.513,134.513,0.839164,-1,-1,-1
137,14,1768.793,93.974,43.642,121.945,0.834510,-1,-1,-1
137,38,388.291,462.747,113.219,184.990,0.831168,-1,-1,-1
137,40,336.333,473.102,66.079,150.368,0.821508,-1,-1,-1
137,26,1107.996,0.071,44.108,56.048,0.802208,-1,-1,-1
137,19,1732.354,97.514,45.281,115.391,0.789510,-1,-1,-1
137,23,1159.480,184.300,53.269,121.579,0.762857,-1,-1,-1
137,37,1889.008,259.325,30.992,129.176,0.759421,-1,-1,-1
137,27,1202.229,0.000,50.529,89.907,0.740603,-1,-1,-1
137,28,939.784,351.132,77.191,164.174,0.726687,-1,-1,-1
137,29,1023.113,0.000,30.685,34.714,0.718949,-1,-1,-1
137,62,1156.969,0.032,70.944,74.398,0.708004,-1,-1,-1
137,64,1346.310,0.008,40.882,38.757,0.689472,-1,-1,-1
137,56,429.238,492.543,77.671,130.990,0.689195,-1,-1,-1
137,1,1808.821,1009.753,111.154,70.214,0.686647,-1,-1,-1
137,36,1798.905,0.000,41.689,21.621,0.669474,-1,-1,-1
137,63,987.381,0.077,26.538,32.962,0.662005,-1,-1,-1
137,34,1265.478,0.022,43.068,95.706,0.660331,-1,-1,-1
137,60,941.748,0.000,39.740,37.948,0.643872,-1,-1,-1
137,57,1898.250,0.000,21.750,53.460,0.608262,-1,-1,-1
138,54,1227.682,576.026,85.321,179.564,0.898890,-1,-1,-1
138,31,1774.242,359.075,83.416,164.377,0.891743,-1,-1,-1
138,12,530.713,596.963,82.312,181.502,0.870281,-1,-1,-1
138,21,858.722,33.993,58.845,131.410,0.866432,-1,-1,-1
138,30,534.869,453.721,66.784,144.610,0.866012,-1,-1,-1
138,42,1579.322,251.900,61.441,158.021,0.865577,-1,-1,-1
138,15,902.733,474.666,72.573,164.115,0.865207,-1,-1,-1
138,9,1718.283,182.452,70.096,133.075,0.864450,-1,-1,-1
138,20,1063.358,366.354,65.688,158.398,0.864372,-1,-1,-1
138,33,330.596,30.498,41.353,102.661,0.859964,-1,-1,-1
138,50,1018.770,538.093,56.047,152.472,0.857461,-1,-1,-1
138,16,801.573,28.948,45.671,126.450,0.853002,-1,-1,-1
138,53,108.301,691.638,91.009,186.582,0.852768,-1,-1,-1
138,13,1140.552,277.957,51.165,128.812,0.852579,-1,-1,-1
138,7,699.223,0.000,42.637,94.222,0.850382,-1,-1,-1
138,43,212.717,0.622,57.587,119.902,0.848590,-1,-1,-1
138,8,683.701,180.370,53.639,151.655,0.848308,-1,-1,-1
138,24,1382.199,28.582,37.147,134.609,0.843969,-1,-1,-1
138,2,715.987,108.707,43.763,134.686,0.842987,-1,-1,-1
138,22,919.023,122.429,48.197,132.541,0.842845,-1,-1,-1
138,38,389.549,462.833,87.285,184.900,0.836521,-1,-1,-1
138,49,71.992,106.075,51.752,127.837,0.833535,-1,-1,-1
138,14,1772.002,95.336,42.256,120.883,0.822160,-1,-1,-1
138,19,1733.341,99.124,47.308,112.188,0.820931,-1,-1,-1
138,40,336.967,472.759,65.315,150.427,0.818801,-1,-1,-1
138,28,940.587,357.112,77.555,182.038,0.811389,-1,-1,-1
138,37,1891.912,271.543,28.088,116.785,0.801719,-1,-1,-1
138,26,1110.215,0.020,42.743,57.125,0.772567,-1,-1,-1
138,62,1158.434,0.000,77.898,91.091,0.767132,-1,-1,-1
138,55,683.558,671.039,93.306,217.993,0.766854,-1,-1,-1
138,34,1264.141,0.000,41.168,93.803,0.761174,-1,-1,-1
138,23,1161.242,180.879,50.970,126.440,0.742522,-1,-1,-1
138,56,436.081,490.376,71.068,133.426,0.728079,-1,-1,-1
138,29,1023.503,0.027,30.552,34.278,0.725071,-1,-1,-1
138,60,944.454,0.000,36.201,43.989,0.723747,-1,-1,-1
138,27,1208.531,0.000,44.236,63.791,0.715394,-1,-1,-1
138,36,1799.235,0.000,41.959,21.321,0.664574,-1,-1,-1
138,63,988.932,0.059,25.839,38.577,0.659805,-1,-1,-1
138,57,1901.379,0.000,18.621,49.091,0.628067,-1,-1,-1
138,64,1345.318,0.019,52.848,38.005,0.581558,-1,-1,-1
138,1,1819.761,1021.508,100.239,58.492,0.452749,-1,-1,-1
139,54,1229.173,566.267,88.758,187.289,0.896080,-1,-1,-1
139,31,1774.964,360.634,83.277,162.788,0.889342,-1,-1,-1
139,20,1063.401,363.631,66.465,153.917,0.873962,-1,-1,-1
139,42,1578.254,249.259,61.755,154.424,0.869683,-1,-1,-1
139,12,529.776,593.200,82.474,188.495,0.868102,-1,-1,-1
139,30,534.322,456.673,66.666,146.610,0.866303,-1,-1,-1
139,15,903.394,476.890,70.283,160.712,0.865830,-1,-1,-1
139,13,1141.175,278.895,52.296,127.664,0.859767,-1,-1,-1
139,33,333.346,29.880,48.091,102.905,0.858503,-1,-1,-1
139,16,802.216,28.528,45.881,126.264,0.858187,-1,-1,-1
139,9,1718.729,183.422,69.588,131.716,0.854945,-1,-1,-1
139,53,109.500,695.208,88.791,195.412,0.852647,-1,-1,-1
139,7,699.106,0.023,42.246,93.420,0.852405,-1,-1,-1
139,50,1021.560,535.131,53.529,153.975,0.851259,-1,-1,-1
139,8,683.985,177.833,52.026,151.069,0.846329,-1,-1,-1
139,2,716.118,107.446,43.304,134.661,0.845105,-1,-1,-1
139,24,1382.700,27.521,36.852,135.407,0.841994,-1,-1,-1
139,22,919.798,123.382,47.253,132.330,0.841941,-1,-1,-1
139,38,390.094,462.239,84.841,185.298,0.838079,-1,-1,-1
139,43,212.547,2.006,57.370,121.468,0.837409,-1,-1,-1
139,49,72.248,106.127,51.473,127.853,0.832309,-1,-1,-1
139,19,1733.793,100.186,47.931,110.053,0.826360,-1,-1,-1
139,14,1773.216,95.280,43.047,120.589,0.824981,-1,-1,-1
139,28,940.655,359.537,77.074,172.346,0.823410,-1,-1,-1
139,40,337.067,472.517,65.012,150.520,0.815706,-1,-1,-1
139,34,1260.770,0.035,43.418,93.208,0.811646,-1,-1,-1
139,37,1893.280,273.714,26.720,114.594,0.794081,-1,-1,-1
139,55,675.199,667.577,102.843,219.366,0.791879,-1,-1,-1
139,23,1162.012,178.231,50.502,119.456,0.767935,-1,-1,-1
139,26,1112.411,0.000,41.117,56.378,0.756739,-1,-1,-1
139,21,858.779,32.893,56.965,130.554,0.747800,-1,-1,-1
139,56,433.185,490.457,74.083,133.011,0.740451,-1,-1,-1
139,62,1160.725,0.000,74.212,88.839,0.734176,-1,-1,-1
139,64,1345.708,0.000,57.222,36.755,0.733542,-1,-1,-1
139,29,1024.267,0.028,30.453,33.804,0.733474,-1,-1,-1
139,60,944.632,0.000,35.812,44.987,0.723187,-1,-1,-1
139,27,1206.380,0.000,46.043,63.116,0.717002,-1,-1,-1
139,36,1799.513,0.000,40.298,20.723,0.667764,-1,-1,-1
139,63,987.215,0.000,27.616,39.999,0.662518,-1,-1,-1
139,57,1902.623,0.000,17.377,51.154,0.556392,-1,-1,-1
139,1,1822.299,1024.929,97.701,55.071,0.242693,-1,-1,-1
140,54,1229.094,566.784,89.298,185.888,0.893474,-1,-1,-1
140,31,1776.487,361.512,82.804,161.210,0.890860,-1,-1,-1
140,20,1063.022,360.029,67.215,153.227,0.882440,-1,-1,-1
140,53,112.031,699.752,90.838,203.985,0.875154,-1,-1,-1
140,12,528.797,601.825,79.917,184.445,0.873008,-1,-1,-1
140,15,903.525,479.221,72.323,163.064,0.872102,-1,-1,-1
140,33,336.135,29.526,55.003,102.786,0.868272,-1,-1,-1
140,42,1577.764,246.749,60.793,151.401,0.867387,-1,-1,-1
140,30,533.788,457.111,67.194,161.225,0.866890,-1,-1,-1
140,13,1141.250,279.150,53.613,127.282,0.862685,-1,-1,-1
140,7,698.829,0.000,42.762,91.417,0.855577,-1,-1,-1
140,16,802.225,27.570,46.073,125.938,0.854098,-1,-1,-1
140,8,683.678,174.774,51.584,148.866,0.848590,-1,-1,-1
140,22,919.493,125.304,48.326,135.600,0.847633,-1,-1,-1
140,2,715.271,105.968,43.401,135.428,0.847121,-1,-1,-1
140,50,1023.792,532.420,51.510,157.233,0.846931,-1,-1,-1
140,49,73.371,104.887,50.701,128.917,0.845322,-1,-1,-1
140,24,1382.194,29.726,37.036,132.717,0.845318,-1,-1,-1
140,43,212.244,2.331,58.365,122.846,0.840092,-1,-1,-1
140,38,390.027,461.141,86.172,186.025,0.838061,-1,-1,-1
140,9,1719.023,184.961,70.386,131.243,0.834350,-1,-1,-1
140,14,1774.732,95.636,41.762,115.897,0.833694,-1,-1,-1
140,19,1733.550,101.327,48.894,109.210,0.827291,-1,-1,-1
140,34,1255.401,0.160,48.107,91.662,0.822855,-1,-1,-1
140,40,336.924,472.048,65.729,150.402,0.814134,-1,-1,-1
140,64,1345.646,0.042,71.147,35.682,0.813732,-1,-1,-1
140,28,940.450,361.804,76.913,171.665,0.808957,-1,-1,-1
140,37,1894.446,272.667,25.554,115.121,0.805036,-1,-1,-1
140,23,1161.090,176.290,50.905,109.350,0.783144,-1,-1,-1
140,55,679.528,663.181,100.077,221.711,0.780827,-1,-1,-1
140,26,1111.702,0.000,39.718,55.865,0.773653,-1,-1,-1
140,62,1161.289,0.000,73.352,88.884,0.731190,-1,-1,-1
140,21,857.307,31.777,42.123,131.367,0.725014,-1,-1,-1
140,29,1024.553,0.028,31.511,32.083,0.718156,-1,-1,-1
140,60,944.971,0.000,35.458,46.144,0.710886,-1,-1,-1
140,27,1208.155,0.000,44.328,63.375,0.705360,-1,-1,-1
140,36,1799.264,0.000,39.908,20.459,0.667465,-1,-1,-1
140,63,987.187,0.090,30.586,39.951,0.665328,-1,-1,-1
140,57,1903.011,0.000,16.989,51.365,0.652543,-1,-1,-1
140,56,427.783,490.493,79.530,132.541,0.650905,-1,-1,-1
141,54,1228.765,559.638,84.869,193.300,0.890507,-1,-1,-1
141,31,1777.805,363.694,81.690,162.647,0.888657,-1,-1,-1
141,12,527.716,600.503,82.318,188.789,0.878411,-1,-1,-1
141,20,1062.173,357.041,67.312,152.245,0.873582,-1,-1,-1
141,33,338.316,29.689,60.660,101.864,0.871716,-1,-1,-1
141,15,904.265,481.648,72.415,170.698,0.870579,-1,-1,-1
141,42,1576.381,244.017,61.049,151.566,0.867896,-1,-1,-1
141,13,1141.044,279.891,55.238,126.346,0.867595,-1,-1,-1
141,30,533.215,460.244,67.366,160.226,0.866992,-1,-1,-1
141,53,113.398,702.885,91.932,209.576,0.858526,-1,-1,-1
141,7,698.888,0.024,42.323,89.908,0.858063,-1,-1,-1
141,8,683.431,171.356,51.483,146.669,0.853039,-1,-1,-1
141,22,919.331,127.364,47.199,138.554,0.851926,-1,-1,-1
141,16,803.065,26.899,45.137,126.056,0.850755,-1,-1,-1
141,43,212.694,3.837,58.789,122.690,0.849672,-1,-1,-1
141,2,714.829,104.028,43.890,135.697,0.849417,-1,-1,-1
141,24,1382.145,28.504,37.306,133.673,0.845060,-1,-1,-1
141,50,1023.915,530.045,51.823,159.308,0.844243,-1,-1,-1
141,49,72.913,104.384,51.119,129.429,0.841753,-1,-1,-1
141,38,390.077,460.732,83.103,186.174,0.840166,-1,-1,-1
141,14,1773.458,96.086,44.417,116.424,0.839844,-1,-1,-1
141,34,1252.127,0.094,49.783,90.407,0.835091,-1,-1,-1
141,9,1719.618,186.031,70.416,136.742,0.830976,-1,-1,-1
141,19,1733.537,102.238,49.353,109.657,0.826810,-1,-1,-1
141,64,1345.781,0.033,75.819,35.436,0.812166,-1,-1,-1
141,37,1895.295,274.779,24.705,112.617,0.810974,-1,-1,-1
141,40,336.904,471.553,65.824,150.776,0.810704,-1,-1,-1
141,28,940.106,363.320,75.440,173.778,0.790813,-1,-1,-1
141,23,1161.277,173.889,51.818,122.712,0.788723,-1,-1,-1
141,55,688.730,656.927,93.154,222.341,0.774257,-1,-1,-1
141,26,1112.427,0.000,40.608,55.263,0.768054,-1,-1,-1
141,62,1161.958,0.000,70.941,89.214,0.723091,-1,-1,-1
141,21,857.214,30.470,57.983,130.772,0.722432,-1,-1,-1
141,60,944.507,0.000,34.881,46.695,0.721192,-1,-1,-1
141,29,1024.472,0.025,31.949,31.742,0.714039,-1,-1,-1
141,27,1208.097,0.000,43.955,63.365,0.681328,-1,-1,-1
141,56,428.234,492.247,79.197,130.434,0.679937,-1,-1,-1
141,57,1903.447,0.000,16.553,52.888,0.675556,-1,-1,-1
141,36,1799.242,0.000,40.066,20.283,0.669243,-1,-1,-1
141,63,987.321,0.080,30.526,41.066,0.669170,-1,-1,-1
142,54,1228.108,561.864,84.863,190.016,0.892074,-1,-1,-1
142,31,1778.953,366.412,81.619,169.297,0.885004,-1,-1,-1
142,12,526.780,604.559,77.037,184.773,0.881127,-1,-1,-1
142,33,341.063,29.379,61.980,101.392,0.880359,-1,-1,-1
142,15,904.615,484.240,72.647,174.249,0.875965,-1,-1,-1
142,20,1062.272,354.086,67.160,153.258,0.874243,-1,-1,-1
142,42,1574.994,241.002,61.665,151.487,0.872907,-1,-1,-1
142,13,1139.691,280.992,57.484,124.799,0.872176,-1,-1,-1
142,30,532.199,466.458,67.385,162.951,0.861073,-1,-1,-1
142,7,699.107,0.000,42.823,86.960,0.858171,-1,-1,-1
142,53,115.074,707.396,91.504,207.811,0.854263,-1,-1,-1
142,8,683.149,168.220,50.867,143.678,0.853631,-1,-1,-1
142,22,919.566,128.207,46.891,141.260,0.852401,-1,-1,-1
142,50,1024.235,527.985,51.539,160.977,0.852254,-1,-1,-1
142,43,212.340,4.154,59.557,123.042,0.851874,-1,-1,-1
142,14,1775.691,96.594,43.500,118.423,0.846863,-1,-1,-1
142,16,803.506,26.245,44.548,126.050,0.843260,-1,-1,-1
142,2,713.901,102.184,44.737,133.887,0.841205,-1,-1,-1
142,38,389.180,458.620,85.156,187.846,0.840907,-1,-1,-1
142,49,70.904,104.564,52.690,128.394,0.839902,-1,-1,-1
142,9,1720.217,187.361,68.833,133.589,0.838151,-1,-1,-1
142,34,1248.842,0.082,51.729,89.328,0.835961,-1,-1,-1
142,24,1381.800,26.893,38.621,134.642,0.833515,-1,-1,-1
142,19,1733.608,102.950,50.413,106.737,0.829352,-1,-1,-1
142,23,1161.431,170.906,50.596,117.466,0.813610,-1,-1,-1
142,64,1347.317,0.052,77.646,37.519,0.813379,-1,-1,-1
142,40,336.817,470.645,66.290,151.180,0.802079,-1,-1,-1
142,37,1896.451,271.431,23.544,116.130,0.796174,-1,-1,-1
142,55,692.704,652.505,91.190,219.910,0.791751,-1,-1,-1
142,28,955.348,365.011,58.570,139.467,0.783308,-1,-1,-1
142,26,1111.611,0.000,39.770,53.838,0.770592,-1,-1,-1
142,60,943.827,0.000,35.532,47.358,0.731258,-1,-1,-1
142,29,1025.666,0.029,30.924,30.119,0.727286,-1,-1,-1
142,21,855.920,28.846,44.618,130.878,0.711340,-1,-1,-1
142,63,987.687,0.073,30.959,41.165,0.702629,-1,-1,-1
142,59,1200.206,0.000,51.236,88.723,0.691146,-1,-1,-1
142,57,1903.551,0.000,16.449,55.654,0.674983,-1,-1,-1
142,65,938.982,418.639,51.580,118.785,0.674152,-1,-1,-1
142,56,432.910,491.932,74.385,130.147,0.666726,-1,-1,-1
142,36,1799.237,0.000,39.814,20.014,0.662601,-1,-1,-1
142,62,1161.354,0.000,61.933,73.691,0.657176,-1,-1,-1
143,54,1229.624,555.243,81.879,195.792,0.882487,-1,-1,-1
143,15,905.492,490.548,73.882,176.213,0.881237,-1,-1,-1
143,12,524.795,618.022,77.689,170.821,0.880650,-1,-1,-1
143,13,1137.607,286.277,61.277,126.563,0.880230,-1,-1,-1
143,20,1061.609,349.933,67.007,157.544,0.879952,-1,-1,-1
143,42,1573.660,237.038,61.307,154.612,0.877489,-1,-1,-1
143,33,347.300,28.387,60.300,101.915,0.877276,-1,-1,-1
143,30,531.184,472.818,67.621,160.647,0.873614,-1,-1,-1
143,31,1781.305,372.663,85.180,172.630,0.867873,-1,-1,-1
143,9,1721.520,190.497,67.878,147.189,0.866902,-1,-1,-1
143,50,1025.287,522.688,50.966,164.044,0.864056,-1,-1,-1
143,53,119.189,716.523,91.749,204.299,0.861930,-1,-1,-1
143,8,682.025,163.359,51.205,143.972,0.858679,-1,-1,-1
143,7,700.596,0.000,41.867,78.903,0.858576,-1,-1,-1
143,34,1245.206,0.079,52.328,88.229,0.854005,-1,-1,-1
143,49,74.672,103.589,48.757,129.351,0.850462,-1,-1,-1
143,22,919.895,132.011,46.071,142.585,0.849043,-1,-1,-1
143,2,712.813,97.721,45.103,129.715,0.847138,-1,-1,-1
143,19,1734.621,104.064,53.423,106.805,0.837478,-1,-1,-1
143,14,1776.427,97.854,44.058,122.172,0.837058,-1,-1,-1
143,23,1161.049,166.818,51.632,115.784,0.836885,-1,-1,-1
143,16,804.862,25.449,43.340,125.980,0.836450,-1,-1,-1
143,38,387.819,457.470,78.758,188.523,0.836398,-1,-1,-1
143,24,1381.732,25.732,38.646,135.337,0.833697,-1,-1,-1
143,43,211.282,6.156,56.456,123.502,0.828689,-1,-1,-1
143,64,1352.704,0.106,75.557,34.873,0.811874,-1,-1,-1
143,40,336.671,469.467,66.283,152.217,0.804801,-1,-1,-1
143,55,685.566,643.643,103.685,204.358,0.801090,-1,-1,-1
143,37,1898.021,272.059,21.979,123.732,0.786371,-1,-1,-1
143,28,953.472,368.260,57.634,135.030,0.785232,-1,-1,-1
143,21,853.810,26.554,62.762,129.765,0.749622,-1,-1,-1
143,62,1160.262,0.000,68.903,87.487,0.745062,-1,-1,-1
143,63,987.948,0.000,31.197,41.017,0.732261,-1,-1,-1
143,26,1113.962,0.000,33.516,51.145,0.728855,-1,-1,-1
143,60,942.758,0.000,36.376,49.081,0.716503,-1,-1,-1
143,29,1026.625,0.037,29.213,24.997,0.716466,-1,-1,-1
143,56,409.311,457.970,98.040,163.844,0.681550,-1,-1,-1
143,36,1799.496,0.000,37.634,19.302,0.672471,-1,-1,-1
143,65,938.239,420.902,60.762,118.867,0.646878,-1,-1,-1
143,57,1905.754,0.000,14.246,57.422,0.613419,-1,-1,-1
143,27,1202.605,0.212,47.022,61.606,0.612770,-1,-1,-1
144,54,1230.067,554.066,81.341,196.742,0.882255,-1,-1,-1
144,15,905.927,493.762,74.178,175.358,0.882211,-1,-1,-1
144,20,1061.414,348.308,67.157,158.301,0.881909,-1,-1,-1
144,42,1571.867,236.016,62.492,155.248,0.879717,-1,-1,-1
144,13,1137.583,289.214,62.023,130.563,0.878046,-1,-1,-1
144,12,523.880,620.308,78.822,168.571,0.877940,-1,-1,-1
144,9,1722.601,191.173,67.218,146.826,0.876189,-1,-1,-1
144,33,349.961,27.927,59.598,101.930,0.874246,-1,-1,-1
144,30,530.984,475.411,66.996,160.346,0.871236,-1,-1,-1
144,50,1025.530,520.004,51.674,165.481,0.869529,-1,-1,-1
144,31,1780.920,375.870,81.676,177.929,0.869093,-1,-1,-1
144,8,681.263,162.072,51.628,144.313,0.857228,-1,-1,-1
144,53,120.792,721.075,92.931,201.710,0.856992,-1,-1,-1
144,34,1244.581,0.106,50.517,88.322,0.854894,-1,-1,-1
144,7,701.650,0.000,40.408,75.650,0.854759,-1,-1,-1
144,2,712.601,94.888,44.837,127.479,0.848306,-1,-1,-1
144,49,74.624,103.500,48.621,128.929,0.847323,-1,-1,-1
144,19,1735.519,104.839,55.011,105.271,0.842922,-1,-1,-1
144,23,1160.250,165.432,52.348,115.132,0.842043,-1,-1,-1
144,22,919.669,133.876,46.001,142.145,0.841032,-1,-1,-1
144,16,805.782,25.196,42.503,126.133,0.836789,-1,-1,-1
144,24,1381.703,25.724,38.621,135.219,0.836490,-1,-1,-1
144,14,1776.067,98.938,46.034,123.537,0.835312,-1,-1,-1
144,43,211.261,7.312,57.294,123.032,0.830071,-1,-1,-1
144,38,387.313,456.932,80.282,188.718,0.826992,-1,-1,-1
144,55,683.911,639.446,107.266,197.901,0.805318,-1,-1,-1
144,64,1356.149,0.024,72.975,35.008,0.797362,-1,-1,-1
144,40,336.656,469.305,66.758,152.276,0.796053,-1,-1,-1
144,37,1898.148,268.640,21.852,131.461,0.790842,-1,-1,-1
144,26,1113.824,0.000,33.953,46.227,0.750502,-1,-1,-1
144,63,988.005,0.000,30.546,40.805,0.741280,-1,-1,-1
144,60,942.337,0.000,37.014,49.121,0.738561,-1,-1,-1
144,21,853.677,25.837,46.878,128.462,0.736718,-1,-1,-1
144,28,936.535,369.951,73.681,170.012,0.734919,-1,-1,-1
144,62,1159.569,0.000,69.248,87.287,0.710445,-1,-1,-1
144,29,1028.834,0.025,27.250,22.297,0.697355,-1,-1,-1
144,36,1799.505,0.000,37.563,19.309,0.673542,-1,-1,-1
144,57,1906.197,0.000,13.803,59.607,0.640452,-1,-1,-1
144,27,1206.824,0.182,40.872,61.405,0.569893,-1,-1,-1
144,56,432.496,493.755,74.410,127.847,0.556896,-1,-1,-1
145,20,1061.100,346.756,66.881,159.562,0.885543,-1,-1,-1
145,13,1136.179,291.627,63.946,133.451,0.885079,-1,-1,-1
145,15,907.047,496.779,73.977,176.756,0.880510,-1,-1,-1
145,42,1570.545,234.355,63.005,156.352,0.879548,-1,-1,-1
145,54,1229.132,550.934,81.720,196.692,0.878982,-1,-1,-1
145,12,523.017,621.613,80.204,167.108,0.875086,-1,-1,-1
145,33,349.898,26.724,60.587,102.744,0.873375,-1,-1,-1
145,9,1723.720,191.121,66.871,146.751,0.872944,-1,-1,-1
145,31,1781.479,379.130,80.966,179.904,0.872349,-1,-1,-1
145,30,530.643,477.371,66.541,158.219,0.872221,-1,-1,-1
145,50,1026.735,515.921,51.605,164.810,0.864199,-1,-1,-1
145,53,123.109,724.581,94.422,205.628,0.861865,-1,-1,-1
145,23,1159.886,164.037,53.181,116.014,0.856273,-1,-1,-1
145,34,1244.444,0.112,50.035,87.662,0.854864,-1,-1,-1
145,8,680.725,160.434,51.959,145.156,0.853096,-1,-1,-1
145,2,712.488,92.579,45.227,127.879,0.851485,-1,-1,-1
145,7,703.306,0.000,39.338,74.238,0.848263,-1,-1,-1
145,49,74.500,103.310,48.680,128.843,0.847768,-1,-1,-1
145,19,1737.424,105.118,54.576,105.948,0.844253,-1,-1,-1
145,22,919.290,134.929,46.442,141.041,0.841651,-1,-1,-1
145,55,682.374,636.207,109.741,190.705,0.841528,-1,-1,-1
145,24,1381.923,25.320,38.604,135.080,0.836636,-1,-1,-1
145,16,806.336,24.092,41.865,125.823,0.831920,-1,-1,-1
145,43,210.104,7.977,56.596,122.462,0.825358,-1,-1,-1
145,38,386.834,456.312,97.656,188.802,0.823424,-1,-1,-1
145,14,1777.969,98.957,45.199,123.482,0.820767,-1,-1,-1
145,40,336.656,468.530,67.386,151.937,0.794849,-1,-1,-1
145,37,1898.410,271.785,21.590,132.951,0.778848,-1,-1,-1
145,28,936.343,370.920,74.113,167.602,0.778757,-1,-1,-1
145,64,1360.546,0.063,71.420,35.041,0.770252,-1,-1,-1
145,21,852.817,24.668,63.520,127.940,0.749921,-1,-1,-1
145,63,988.777,0.000,29.519,40.815,0.740878,-1,-1,-1
145,26,1114.620,0.016,33.938,43.887,0.730145,-1,-1,-1
145,62,1159.499,0.000,67.921,86.575,0.698378,-1,-1,-1
145,29,1030.822,0.020,26.321,20.560,0.695068,-1,-1,-1
145,36,1799.810,0.000,37.531,18.817,0.671056,-1,-1,-1
145,27,1207.842,0.158,39.459,61.211,0.599405,-1,-1,-1
145,57,1906.967,0.000,13.033,59.684,0.592822,-1,-1,-1
145,60,942.602,0.000,26.703,48.742,0.586232,-1,-1,-1
145,56,431.090,490.564,76.189,130.604,0.478636,-1,-1,-1
146,13,1136.363,294.084,64.241,133.358,0.887849,-1,-1,-1
146,20,1061.341,345.191,66.336,161.287,0.882697,-1,-1,-1
146,15,908.004,498.912,74.069,176.762,0.882530,-1,-1,-1
146,54,1229.631,546.156,81.579,196.606,0.881999,-1,-1,-1
146,31,1781.856,382.293,80.669,176.811,0.879716,-1,-1,-1
146,42,1569.704,232.654,62.609,157.841,0.878605,-1,-1,-1
146,9,1724.283,191.138,67.167,146.251,0.876890,-1,-1,-1
146,33,352.629,26.103,58.355,102.831,0.872454,-1,-1,-1
146,12,522.570,623.459,83.120,164.776,0.871110,-1,-1,-1
146,53,124.814,727.891,93.993,204.171,0.870525,-1,-1,-1
146,30,530.359,479.234,66.696,157.526,0.869882,-1,-1,-1
146,50,1027.354,512.499,51.951,164.209,0.867182,-1,-1,-1
146,23,1159.777,162.246,53.442,117.596,0.855073,-1,-1,-1
146,8,679.464,158.958,53.224,146.269,0.851045,-1,-1,-1
146,34,1244.621,0.149,49.063,87.135,0.850663,-1,-1,-1
146,2,712.129,90.186,46.710,128.588,0.850413,-1,-1,-1
146,49,74.492,103.194,49.014,128.778,0.847199,-1,-1,-1
146,55,683.081,633.847,109.058,184.652,0.846985,-1,-1,-1
146,22,918.819,135.637,48.748,140.363,0.846615,-1,-1,-1
146,7,704.083,0.000,39.100,74.125,0.837825,-1,-1,-1
146,24,1382.285,24.683,38.805,135.502,0.837647,-1,-1,-1
146,19,1739.788,105.064,52.012,107.784,0.834983,-1,-1,-1
146,43,209.512,8.467,57.179,122.665,0.831169,-1,-1,-1
146,16,807.688,23.166,40.523,125.676,0.831107,-1,-1,-1
146,28,936.119,370.696,76.918,167.081,0.824340,-1,-1,-1
146,38,386.540,455.640,121.706,188.910,0.824223,-1,-1,-1
146,14,1781.185,99.172,43.998,124.465,0.814693,-1,-1,-1
146,40,336.698,468.275,66.740,151.490,0.801776,-1,-1,-1
146,37,1898.651,272.649,21.349,134.666,0.774643,-1,-1,-1
146,21,852.506,23.811,62.568,128.037,0.752750,-1,-1,-1
146,26,1115.678,0.012,34.092,39.120,0.730594,-1,-1,-1
146,63,989.213,0.000,31.579,39.985,0.707555,-1,-1,-1
146,29,1032.513,0.000,25.261,19.050,0.683665,-1,-1,-1
146,36,1800.071,0.000,37.917,18.401,0.667065,-1,-1,-1
146,27,1208.950,0.082,37.074,60.018,0.592126,-1,-1,-1
146,60,942.474,0.000,40.166,48.607,0.503522,-1,-1,-1
146,62,1159.118,0.000,61.675,72.170,0.496252,-1,-1,-1
146,57,1907.622,0.000,12.378,61.004,0.488355,-1,-1,-1
146,56,430.729,488.382,77.289,132.536,0.483438,-1,-1,-1
146,64,1367.007,0.031,66.714,31.866,0.437818,-1,-1,-1
146,59,1199.523,5.200,27.424,80.751,0.408679,-1,-1,-1
147,31,1782.092,385.537,81.739,176.514,0.887851,-1,-1,-1
147,13,1136.653,296.512,64.761,133.807,0.887848,-1,-1,-1
147,15,909.240,500.881,74.002,176.117,0.885844,-1,-1,-1
147,20,1061.565,342.931,66.004,162.981,0.882295,-1,-1,-1
147,12,522.084,625.434,85.520,162.909,0.881282,-1,-1,-1
147,9,1725.476,191.978,67.738,145.337,0.879576,-1,-1,-1
147,54,1229.878,533.533,81.628,204.451,0.879503,-1,-1,-1
147,42,1568.947,231.010,63.576,158.930,0.879250,-1,-1,-1
147,53,126.750,730.872,93.286,200.893,0.871103,-1,-1,-1
147,30,530.399,480.750,66.890,157.134,0.870772,-1,-1,-1
147,55,687.295,631.332,103.549,186.164,0.864074,-1,-1,-1
147,50,1027.950,508.466,51.845,162.858,0.863666,-1,-1,-1
147,33,355.577,25.468,55.857,103.196,0.863072,-1,-1,-1
147,23,1160.048,161.656,53.267,118.223,0.852276,-1,-1,-1
147,34,1244.314,0.150,49.655,87.109,0.848156,-1,-1,-1
147,22,918.253,135.971,50.268,140.675,0.847539,-1,-1,-1
147,8,679.574,157.848,53.329,147.535,0.847434,-1,-1,-1
147,2,712.120,88.552,48.580,129.574,0.846733,-1,-1,-1
147,49,71.402,101.970,52.400,130.202,0.845679,-1,-1,-1
147,7,703.497,0.000,41.662,73.898,0.844100,-1,-1,-1
147,43,209.059,8.870,57.342,123.676,0.840656,-1,-1,-1
147,16,808.741,22.271,39.905,124.507,0.840309,-1,-1,-1
147,24,1382.484,25.091,38.938,134.759,0.839092,-1,-1,-1
147,14,1781.690,100.446,46.040,124.244,0.834672,-1,-1,-1
147,19,1742.328,105.363,49.464,111.768,0.826104,-1,-1,-1
147,28,935.903,372.427,74.518,165.406,0.825893,-1,-1,-1
147,38,385.352,455.427,123.074,189.190,0.819613,-1,-1,-1
147,40,337.250,468.113,66.238,151.326,0.801578,-1,-1,-1
147,21,853.354,23.284,38.918,125.613,0.788232,-1,-1,-1
147,37,1898.800,273.607,21.200,137.362,0.756321,-1,-1,-1
147,63,990.076,0.000,30.371,39.366,0.734933,-1,-1,-1
147,26,1116.616,0.018,32.472,38.072,0.719479,-1,-1,-1
147,62,1159.443,0.000,68.229,85.993,0.686490,-1,-1,-1
147,64,1376.069,0.042,59.443,34.534,0.684816,-1,-1,-1
147,29,1033.101,0.002,24.814,18.781,0.678565,-1,-1,-1
147,36,1800.674,0.000,38.711,18.198,0.646609,-1,-1,-1
147,27,1207.359,0.000,40.470,60.557,0.571242,-1,-1,-1
147,60,942.570,0.000,39.181,48.544,0.522191,-1,-1,-1
147,57,1907.870,0.000,12.085,61.912,0.512360,-1,-1,-1
147,56,429.823,488.254,78.490,132.307,0.495150,-1,-1,-1
148,31,1784.039,389.986,85.299,176.844,0.892606,-1,-1,-1
148,15,911.026,505.074,75.900,171.519,0.891759,-1,-1,-1
148,55,689.011,624.161,98.124,191.085,0.883693,-1,-1,-1
148,54,1231.424,531.509,80.697,187.572,0.882540,-1,-1,-1
148,13,1137.808,300.776,64.540,131.427,0.882344,-1,-1,-1
148,9,1727.463,193.824,68.363,143.540,0.879193,-1,-1,-1
148,42,1567.284,226.672,63.812,158.786,0.878252,-1,-1,-1
148,12,521.803,631.121,89.536,166.626,0.874228,-1,-1,-1
148,20,1061.320,338.503,65.474,165.336,0.873611,-1,-1,-1
148,30,529.729,483.825,68.103,154.046,0.870182,-1,-1,-1
148,50,1030.525,500.592,52.155,154.138,0.869965,-1,-1,-1
148,34,1244.806,0.000,51.065,87.742,0.860309,-1,-1,-1
148,2,712.404,85.776,52.251,130.690,0.858999,-1,-1,-1
148,43,208.568,9.881,57.651,122.503,0.858304,-1,-1,-1
148,53,129.191,734.413,93.421,195.990,0.857177,-1,-1,-1
148,49,67.597,101.121,56.314,130.364,0.852607,-1,-1,-1
148,28,936.538,374.561,73.052,164.150,0.849507,-1,-1,-1
148,22,917.615,137.478,52.060,138.436,0.849139,-1,-1,-1
148,8,679.104,154.666,54.038,150.074,0.847486,-1,-1,-1
148,33,366.737,23.445,45.138,103.483,0.847099,-1,-1,-1
148,14,1782.050,102.207,48.630,125.890,0.845900,-1,-1,-1
148,7,706.496,0.000,42.588,73.117,0.845755,-1,-1,-1
148,24,1383.005,25.185,38.808,134.338,0.843574,-1,-1,-1
148,16,810.693,20.718,38.996,127.215,0.843204,-1,-1,-1
148,23,1160.195,160.011,50.053,119.140,0.824427,-1,-1,-1
148,38,385.399,454.613,123.509,189.916,0.822112,-1,-1,-1
148,21,851.871,22.081,40.625,126.037,0.821299,-1,-1,-1
148,19,1747.832,106.102,44.249,115.703,0.815897,-1,-1,-1
148,40,337.517,467.294,66.279,151.808,0.803847,-1,-1,-1
148,60,942.467,0.000,38.810,47.833,0.730857,-1,-1,-1
148,64,1393.157,0.075,46.821,34.499,0.720305,-1,-1,-1
148,26,1119.224,0.050,35.321,36.459,0.713167,-1,-1,-1
148,37,1899.854,282.318,20.146,131.415,0.707378,-1,-1,-1
148,63,989.875,0.000,32.978,42.468,0.680900,-1,-1,-1
148,62,1158.851,0.000,66.732,85.083,0.665004,-1,-1,-1
148,36,1801.353,0.000,38.476,17.725,0.647707,-1,-1,-1
148,27,1209.335,0.078,35.860,60.655,0.620325,-1,-1,-1
148,29,1034.389,0.000,25.049,18.060,0.585090,-1,-1,-1
148,56,429.353,486.436,79.175,134.177,0.528992,-1,-1,-1
148,57,1908.002,0.000,11.998,65.699,0.441792,-1,-1,-1
149,15,911.978,506.430,75.501,170.309,0.892035,-1,-1,-1
149,31,1784.333,392.129,85.754,174.969,0.888951,-1,-1,-1
149,54,1232.172,524.663,80.940,186.403,0.887437,-1,-1,-1
149,9,1727.787,195.648,68.477,141.805,0.884814,-1,-1,-1
149,42,1566.411,224.130,64.422,159.338,0.883248,-1,-1,-1
149,55,688.923,620.430,96.000,194.853,0.882372,-1,-1,-1
149,13,1139.810,302.321,62.473,129.801,0.881717,-1,-1,-1
149,20,1060.813,335.133,65.292,163.152,0.879311,-1,-1,-1
149,12,521.848,632.139,90.703,175.831,0.871169,-1,-1,-1
149,50,1031.517,497.308,51.316,148.013,0.869764,-1,-1,-1
149,30,529.014,485.119,69.263,153.369,0.869434,-1,-1,-1
149,2,711.734,85.076,53.958,130.612,0.863043,-1,-1,-1
149,43,208.464,10.199,58.206,122.193,0.861862,-1,-1,-1
149,23,1159.774,158.787,53.434,119.618,0.860484,-1,-1,-1
149,28,936.123,377.241,73.395,168.261,0.856989,-1,-1,-1
149,34,1244.737,0.000,51.749,88.439,0.854129,-1,-1,-1
149,53,129.256,734.439,94.450,195.126,0.853656,-1,-1,-1
149,49,67.420,101.081,56.632,130.146,0.851954,-1,-1,-1
149,8,679.531,153.945,53.672,148.173,0.847168,-1,-1,-1
149,16,811.838,19.382,38.750,128.959,0.844820,-1,-1,-1
149,7,707.144,0.000,42.409,72.713,0.844097,-1,-1,-1
149,24,1382.930,24.633,39.084,134.595,0.843373,-1,-1,-1
149,14,1782.097,102.413,51.354,126.382,0.842411,-1,-1,-1
149,22,916.802,138.648,52.535,137.233,0.841968,-1,-1,-1
149,33,370.164,23.233,41.693,103.051,0.838138,-1,-1,-1
149,19,1750.171,106.738,42.905,113.318,0.827985,-1,-1,-1
149,38,385.736,454.508,83.359,189.641,0.819607,-1,-1,-1
149,21,853.090,21.938,39.103,126.246,0.818167,-1,-1,-1
149,40,337.680,466.941,66.123,152.066,0.803226,-1,-1,-1
149,60,943.232,0.000,37.171,47.549,0.742236,-1,-1,-1
149,62,1158.840,0.000,67.955,84.753,0.712352,-1,-1,-1
149,26,1120.607,0.045,33.091,35.999,0.708681,-1,-1,-1
149,37,1900.165,287.716,19.835,125.960,0.698972,-1,-1,-1
149,56,431.979,486.143,76.462,133.831,0.682777,-1,-1,-1
149,63,990.389,0.000,32.962,44.892,0.660135,-1,-1,-1
149,36,1801.338,0.000,38.542,17.718,0.644910,-1,-1,-1
149,27,1208.061,0.000,37.308,60.994,0.592744,-1,-1,-1
149,64,1401.234,0.000,46.205,35.540,0.527565,-1,-1,-1
149,29,1032.414,0.000,27.463,18.052,0.515597,-1,-1,-1
149,57,1907.990,0.000,12.010,64.852,0.453357,-1,-1,-1
150,54,1233.375,524.208,80.034,180.490,0.890149,-1,-1,-1
150,15,912.509,508.406,76.226,167.929,0.889201,-1,-1,-1
150,9,1728.894,195.747,68.387,146.067,0.882773,-1,-1,-1
150,31,1784.959,393.890,86.059,172.828,0.881226,-1,-1,-1
150,13,1142.252,303.254,60.170,128.872,0.878798,-1,-1,-1
150,55,689.760,617.100,93.420,197.921,0.878226,-1,-1,-1
150,20,1060.760,332.047,65.200,162.439,0.877316,-1,-1,-1
150,42,1566.110,222.315,64.234,157.392,0.876801,-1,-1,-1
150,23,1159.520,157.402,54.659,119.848,0.875120,-1,-1,-1
150,50,1031.163,493.564,52.149,148.151,0.872001,-1,-1,-1
150,30,528.479,486.752,69.938,152.393,0.871959,-1,-1,-1
150,12,523.500,637.829,89.682,178.746,0.870144,-1,-1,-1
150,43,208.279,10.452,58.537,121.449,0.863246,-1,-1,-1
150,2,712.533,83.793,54.377,131.263,0.860360,-1,-1,-1
150,49,65.925,100.668,58.169,130.321,0.852365,-1,-1,-1
150,53,131.156,736.464,94.383,192.482,0.850679,-1,-1,-1
150,22,916.690,139.642,52.051,135.949,0.847821,-1,-1,-1
150,14,1781.960,103.000,53.677,125.934,0.844990,-1,-1,-1
150,24,1383.254,24.479,38.855,134.464,0.844596,-1,-1,-1
150,16,812.676,18.149,38.620,129.482,0.844093,-1,-1,-1
150,34,1244.759,0.000,50.719,87.718,0.843828,-1,-1,-1
150,8,679.794,150.831,53.673,149.784,0.842458,-1,-1,-1
150,28,935.868,380.231,73.691,174.368,0.842396,-1,-1,-1
150,7,706.791,0.000,43.458,72.587,0.841612,-1,-1,-1
150,33,373.243,22.164,38.439,102.959,0.832683,-1,-1,-1
150,19,1752.404,106.932,42.316,113.092,0.829444,-1,-1,-1
150,38,386.202,453.968,82.893,190.129,0.824398,-1,-1,-1
150,21,853.286,20.718,39.675,126.706,0.812808,-1,-1,-1
150,40,338.047,466.539,65.616,152.275,0.804564,-1,-1,-1
150,60,943.410,0.000,36.982,47.758,0.744317,-1,-1,-1
150,62,1158.935,0.000,67.867,84.435,0.706903,-1,-1,-1
150,56,443.449,486.146,65.057,133.647,0.694649,-1,-1,-1
150,63,990.085,0.000,32.150,46.165,0.676491,-1,-1,-1
150,37,1902.183,289.228,17.817,124.667,0.671341,-1,-1,-1
150,26,1121.837,0.043,32.708,35.636,0.667963,-1,-1,-1
150,36,1801.497,0.000,38.653,17.068,0.638990,-1,-1,-1
150,64,1405.696,0.024,41.983,33.155,0.636038,-1,-1,-1
150,27,1212.362,0.014,33.870,60.483,0.567608,-1,-1,-1
150,29,1032.537,0.000,29.437,17.300,0.450764,-1,-1,-1
150,57,1908.163,0.000,11.837,65.581,0.436412,-1,-1,-1
151,54,1234.792,520.749,79.343,173.667,0.892045,-1,-1,-1
151,31,1784.967,395.907,87.066,170.955,0.888727,-1,-1,-1
151,15,912.957,510.086,77.068,166.040,0.883841,-1,-1,-1
151,9,1729.963,196.668,68.053,150.208,0.879488,-1,-1,-1
151,20,1060.759,329.366,65.089,158.834,0.877688,-1,-1,-1
151,42,1565.668,220.321,63.932,155.346,0.877681,-1,-1,-1
151,12,525.004,640.877,88.973,179.725,0.875612,-1,-1,-1
151,13,1145.225,303.930,57.697,128.188,0.875444,-1,-1,-1
151,50,1031.314,490.473,52.142,150.331,0.874727,-1,-1,-1
151,23,1159.271,155.442,54.536,120.786,0.873932,-1,-1,-1
151,55,690.326,615.466,91.751,200.122,0.873158,-1,-1,-1
151,30,528.189,488.785,69.887,149.157,0.871611,-1,-1,-1
151,43,208.295,10.525,59.256,121.080,0.864014,-1,-1,-1
151,2,713.194,82.509,54.770,131.974,0.863957,-1,-1,-1
151,49,68.539,101.330,55.535,129.312,0.851302,-1,-1,-1
151,28,936.745,383.554,73.001,181.225,0.847258,-1,-1,-1
151,16,813.686,17.722,38.602,129.774,0.846478,-1,-1,-1
151,8,681.514,149.278,52.141,150.060,0.846320,-1,-1,-1
151,7,708.136,0.000,42.863,72.001,0.846282,-1,-1,-1
151,24,1383.458,23.996,38.907,134.806,0.842601,-1,-1,-1
151,34,1244.568,0.126,46.156,85.669,0.842346,-1,-1,-1
151,22,916.415,140.764,50.632,134.787,0.840214,-1,-1,-1
151,33,376.617,22.119,35.474,103.816,0.837122,-1,-1,-1
151,53,133.999,738.807,95.094,189.550,0.829293,-1,-1,-1
151,38,386.369,453.817,80.375,190.109,0.825538,-1,-1,-1
151,19,1753.779,106.832,42.471,116.413,0.819949,-1,-1,-1
151,21,854.245,20.419,39.346,126.289,0.811150,-1,-1,-1
151,14,1783.295,103.359,54.098,125.867,0.802227,-1,-1,-1
151,40,338.324,466.474,65.911,152.262,0.801421,-1,-1,-1
151,56,445.703,485.785,62.915,133.523,0.760493,-1,-1,-1
151,60,944.311,0.000,35.899,50.201,0.751533,-1,-1,-1
151,62,1158.702,0.000,68.281,84.794,0.737567,-1,-1,-1
151,63,990.166,0.000,31.937,47.564,0.708870,-1,-1,-1
151,36,1801.758,0.000,37.292,16.816,0.647672,-1,-1,-1
151,37,1903.664,288.891,16.336,125.110,0.631204,-1,-1,-1
151,26,1122.651,0.000,34.592,36.159,0.630052,-1,-1,-1
151,27,1212.263,0.035,33.983,60.566,0.560042,-1,-1,-1
151,18,1165.643,0.000,34.483,26.722,0.554785,-1,-1,-1
151,64,1409.080,0.016,47.716,34.479,0.553119,-1,-1,-1
151,29,1030.571,0.000,30.274,17.532,0.481557,-1,-1,-1
151,57,1908.840,0.000,11.159,66.629,0.429362,-1,-1,-1
152,54,1237.544,518.233,77.374,174.143,0.896490,-1,-1,-1
152,31,1784.828,397.383,87.715,169.137,0.887335,-1,-1,-1
152,42,1565.848,218.789,62.892,150.672,0.881484,-1,-1,-1
152,30,527.961,490.424,70.388,147.896,0.880304,-1,-1,-1
152,12,526.604,644.402,87.773,179.587,0.877037,-1,-1,-1
152,13,1147.983,304.974,55.370,126.795,0.875104,-1,-1,-1
152,9,1730.492,197.339,67.971,154.546,0.873041,-1,-1,-1
152,20,1060.696,326.280,65.100,155.071,0.871700,-1,-1,-1
152,55,691.432,612.658,89.857,202.312,0.868273,-1,-1,-1
152,50,1030.394,487.694,53.101,152.929,0.868157,-1,-1,-1
152,2,713.684,81.736,54.562,131.501,0.867274,-1,-1,-1
152,43,208.467,11.029,59.253,120.452,0.864325,-1,-1,-1
152,23,1158.792,153.810,55.033,120.562,0.863690,-1,-1,-1
152,53,136.052,744.976,97.115,182.552,0.853785,-1,-1,-1
152,8,681.906,147.323,51.905,149.062,0.853705,-1,-1,-1
152,15,913.656,511.974,69.641,164.386,0.850168,-1,-1,-1
152,7,711.039,0.000,41.487,71.315,0.847345,-1,-1,-1
152,22,916.500,142.088,49.629,133.345,0.847137,-1,-1,-1
152,49,71.272,101.964,52.815,128.710,0.846858,-1,-1,-1
152,16,814.510,16.491,38.829,129.665,0.844661,-1,-1,-1
152,24,1383.660,23.630,38.724,135.077,0.841973,-1,-1,-1
152,34,1244.485,0.138,45.883,84.757,0.839655,-1,-1,-1
152,33,379.903,22.223,35.864,103.212,0.835609,-1,-1,-1
152,14,1786.576,104.032,51.694,125.671,0.835193,-1,-1,-1
152,28,936.875,385.617,72.408,202.944,0.829133,-1,-1,-1
152,38,386.130,453.564,79.890,190.295,0.827517,-1,-1,-1
152,19,1753.601,107.301,42.292,115.986,0.822862,-1,-1,-1
152,40,338.656,466.259,65.172,152.347,0.814816,-1,-1,-1
152,21,855.197,19.701,38.883,126.576,0.811501,-1,-1,-1
152,56,447.110,485.471,61.500,133.564,0.758311,-1,-1,-1
152,63,991.200,0.000,33.808,48.944,0.749762,-1,-1,-1
152,60,943.201,0.000,34.434,53.482,0.749112,-1,-1,-1
152,62,1157.979,0.000,68.319,84.532,0.748359,-1,-1,-1
152,64,1408.799,0.000,50.350,33.695,0.693387,-1,-1,-1
152,36,1801.892,0.000,38.144,16.884,0.631737,-1,-1,-1
152,26,1123.046,0.049,33.799,35.677,0.615598,-1,-1,-1
152,37,1904.784,291.618,15.216,121.754,0.593557,-1,-1,-1
152,27,1210.382,0.000,36.809,60.454,0.574092,-1,-1,-1
152,29,1031.347,0.000,29.833,17.043,0.444135,-1,-1,-1
152,18,1168.009,0.000,40.015,25.998,0.440905,-1,-1,-1
153,54,1239.881,513.442,75.660,177.700,0.892803,-1,-1,-1
153,31,1786.097,401.020,88.736,165.257,0.889550,-1,-1,-1
153,30,527.199,495.278,71.476,144.863,0.886248,-1,-1,-1
153,42,1565.302,214.268,63.403,146.585,0.881016,-1,-1,-1
153,12,527.858,650.746,88.143,180.567,0.879955,-1,-1,-1
153,20,1060.252,320.131,65.844,149.220,0.876610,-1,-1,-1
153,15,913.197,516.620,77.799,168.374,0.875459,-1,-1,-1
153,13,1150.740,308.307,53.740,125.569,0.875449,-1,-1,-1
153,9,1731.854,208.598,67.412,149.587,0.873151,-1,-1,-1
153,43,208.341,12.279,59.377,118.830,0.869181,-1,-1,-1
153,2,715.439,78.277,53.265,132.809,0.868103,-1,-1,-1
153,55,693.172,605.629,99.388,207.403,0.867562,-1,-1,-1
153,53,140.354,751.242,110.534,192.086,0.863100,-1,-1,-1
153,22,915.281,145.152,50.004,139.346,0.862106,-1,-1,-1
153,33,386.233,22.362,48.532,102.042,0.861710,-1,-1,-1
153,50,1028.760,483.406,55.711,156.580,0.861444,-1,-1,-1
153,49,72.679,101.443,51.613,129.151,0.847558,-1,-1,-1
153,34,1243.832,0.026,44.888,84.334,0.847018,-1,-1,-1
153,14,1783.568,105.516,59.080,123.233,0.846944,-1,-1,-1
153,8,682.872,142.248,50.533,142.979,0.844546,-1,-1,-1
153,24,1383.901,23.398,38.723,134.800,0.843289,-1,-1,-1
153,16,816.214,15.590,38.770,128.022,0.837384,-1,-1,-1
153,19,1753.615,109.168,45.157,114.031,0.832265,-1,-1,-1
153,23,1157.647,148.753,53.120,118.017,0.829968,-1,-1,-1
153,38,384.477,453.099,84.476,190.600,0.824919,-1,-1,-1
153,7,710.307,0.000,43.430,67.940,0.821379,-1,-1,-1
153,28,937.719,392.047,71.695,187.623,0.820512,-1,-1,-1
153,40,339.331,465.777,64.001,152.801,0.813993,-1,-1,-1
153,21,855.725,18.854,38.983,127.482,0.810721,-1,-1,-1
153,64,1407.293,0.034,68.611,33.076,0.808951,-1,-1,-1
153,60,941.454,0.000,36.770,56.900,0.756853,-1,-1,-1
153,56,445.989,485.521,62.698,133.316,0.751136,-1,-1,-1
153,62,1157.114,0.000,69.010,84.271,0.740582,-1,-1,-1
153,63,991.487,0.000,35.071,49.556,0.707708,-1,-1,-1
153,36,1801.955,0.000,39.257,16.402,0.620114,-1,-1,-1
153,26,1125.548,0.009,33.162,34.439,0.599766,-1,-1,-1
153,27,1204.347,0.094,39.433,59.303,0.581287,-1,-1,-1
153,37,1906.347,293.966,13.653,117.261,0.531510,-1,-1,-1
153,29,1031.812,0.000,27.946,15.637,0.455175,-1,-1,-1
154,31,1787.504,402.980,88.888,166.668,0.892465,-1,-1,-1
154,54,1241.297,511.286,74.310,179.735,0.887511,-1,-1,-1
154,30,526.284,497.726,72.331,151.218,0.884227,-1,-1,-1
154,15,912.629,519.471,78.338,174.279,0.879607,-1,-1,-1
154,20,1060.178,317.725,66.090,148.456,0.878274,-1,-1,-1
154,42,1565.155,211.921,63.982,146.640,0.876249,-1,-1,-1
154,12,528.417,653.155,88.940,178.562,0.874609,-1,-1,-1
154,13,1151.105,310.412,54.085,130.801,0.873541,-1,-1,-1
154,33,389.084,22.312,53.317,101.540,0.872441,-1,-1,-1
154,9,1731.766,209.159,68.357,151.131,0.869000,-1,-1,-1
154,43,208.138,12.643,60.509,120.367,0.865310,-1,-1,-1
154,50,1028.244,481.396,55.674,158.554,0.863760,-1,-1,-1
154,53,142.101,754.366,115.801,196.937,0.862919,-1,-1,-1
154,2,715.922,76.244,52.411,133.743,0.861438,-1,-1,-1
154,55,695.185,601.829,98.681,208.879,0.861199,-1,-1,-1
154,22,915.059,146.682,50.266,142.780,0.859636,-1,-1,-1
154,28,936.478,394.984,73.105,166.667,0.849233,-1,-1,-1
154,14,1782.828,105.836,63.278,122.709,0.848759,-1,-1,-1
154,49,72.505,101.993,51.701,128.277,0.846072,-1,-1,-1
154,24,1383.818,23.004,39.063,135.071,0.841532,-1,-1,-1
154,34,1243.156,0.270,40.923,83.363,0.839664,-1,-1,-1
154,8,682.970,139.076,50.744,141.384,0.837388,-1,-1,-1
154,19,1753.744,109.362,46.348,114.907,0.837068,-1,-1,-1
154,23,1157.094,146.268,54.216,117.027,0.835387,-1,-1,-1
154,16,816.812,14.548,38.856,127.301,0.831278,-1,-1,-1
154,38,384.466,454.329,86.231,189.308,0.828279,-1,-1,-1
154,7,711.445,0.000,42.582,64.729,0.821438,-1,-1,-1
154,40,339.294,465.477,64.348,153.038,0.808456,-1,-1,-1
154,64,1407.534,0.056,75.942,32.560,0.803742,-1,-1,-1
154,21,856.310,18.167,39.137,127.680,0.796988,-1,-1,-1
154,60,941.687,0.000,37.154,57.556,0.764719,-1,-1,-1
154,56,450.724,484.754,58.078,133.962,0.736604,-1,-1,-1
154,62,1156.360,0.000,68.568,84.165,0.706873,-1,-1,-1
154,63,991.622,0.000,35.626,49.562,0.696016,-1,-1,-1
154,36,1802.013,0.000,40.090,16.034,0.593118,-1,-1,-1
154,26,1125.444,0.015,33.981,34.168,0.587320,-1,-1,-1
154,37,1907.335,295.372,12.665,115.628,0.522956,-1,-1,-1
154,27,1202.908,0.000,39.243,60.295,0.519015,-1,-1,-1
154,29,1030.226,0.000,29.206,14.822,0.365279,-1,-1,-1
155,31,1789.173,406.763,87.456,174.434,0.894912,-1,-1,-1
155,54,1242.369,510.002,72.991,179.561,0.886402,-1,-1,-1
155,15,912.466,523.348,78.860,175.177,0.883254,-1,-1,-1
155,33,390.757,22.199,57.557,100.939,0.880102,-1,-1,-1
155,30,526.348,500.676,71.365,155.342,0.877320,-1,-1,-1
155,20,1060.312,315.314,65.871,150.036,0.874539,-1,-1,-1
155,42,1564.850,209.876,63.718,146.696,0.872176,-1,-1,-1
155,9,1731.693,209.354,68.566,151.801,0.869953,-1,-1,-1
155,13,1151.841,313.234,53.602,132.967,0.869119,-1,-1,-1
155,43,207.473,13.637,60.978,121.880,0.867060,-1,-1,-1
155,12,528.719,655.539,89.074,175.423,0.866944,-1,-1,-1
155,50,1027.307,479.467,56.056,159.713,0.866040,-1,-1,-1
155,53,144.653,759.567,119.290,200.475,0.863360,-1,-1,-1
155,22,914.645,148.549,50.578,145.524,0.862025,-1,-1,-1
155,55,697.208,599.579,95.393,207.439,0.857661,-1,-1,-1
155,2,716.039,74.136,51.739,129.491,0.855825,-1,-1,-1
155,49,71.494,99.914,51.753,130.356,0.849192,-1,-1,-1
155,19,1753.998,110.442,47.236,113.342,0.847160,-1,-1,-1
155,8,682.658,137.061,50.925,139.475,0.842517,-1,-1,-1
155,24,1383.925,23.016,38.591,134.767,0.841349,-1,-1,-1
155,28,936.302,397.775,72.986,163.555,0.840657,-1,-1,-1
155,34,1242.440,0.246,38.822,82.892,0.836473,-1,-1,-1
155,23,1156.521,144.925,52.298,114.035,0.836097,-1,-1,-1
155,16,817.343,13.442,38.879,126.465,0.824774,-1,-1,-1
155,64,1408.970,0.046,79.146,33.026,0.824701,-1,-1,-1
155,14,1785.096,106.493,61.262,122.133,0.822923,-1,-1,-1
155,38,383.838,452.265,125.933,191.156,0.818707,-1,-1,-1
155,21,857.394,17.361,38.001,128.447,0.812042,-1,-1,-1
155,7,712.058,0.000,41.988,60.090,0.811366,-1,-1,-1
155,40,339.176,464.895,64.947,153.439,0.797562,-1,-1,-1
155,60,943.018,0.000,36.393,58.177,0.773109,-1,-1,-1
155,63,990.695,0.000,36.918,49.409,0.741701,-1,-1,-1
155,62,1155.445,0.000,84.530,83.900,0.735371,-1,-1,-1
155,56,431.392,485.340,77.267,134.337,0.676958,-1,-1,-1
155,36,1802.057,0.000,38.527,15.979,0.609242,-1,-1,-1
155,26,1124.547,0.022,35.291,32.802,0.559424,-1,-1,-1
155,37,1908.081,290.325,11.919,122.297,0.497530,-1,-1,-1
155,27,1204.745,0.000,35.903,59.328,0.463071,-1,-1,-1
155,29,1028.300,0.000,30.430,14.011,0.382355,-1,-1,-1
156,31,1790.482,409.636,87.204,181.585,0.892871,-1,-1,-1
156,54,1244.377,505.941,72.117,182.240,0.892339,-1,-1,-1
156,15,912.402,525.934,78.716,177.639,0.882275,-1,-1,-1
156,9,1731.205,207.452,69.297,154.826,0.879369,-1,-1,-1
156,20,1060.067,312.962,66.137,152.534,0.878766,-1,-1,-1
156,30,525.717,503.386,71.835,156.851,0.875804,-1,-1,-1
156,33,392.163,22.482,59.019,100.439,0.874711,-1,-1,-1
156,12,528.772,657.684,89.681,172.907,0.870230,-1,-1,-1
156,13,1152.701,315.642,53.076,134.703,0.868023,-1,-1,-1
156,42,1563.613,208.319,63.582,148.120,0.865534,-1,-1,-1
156,43,207.844,14.797,59.760,123.497,0.864333,-1,-1,-1
156,50,1026.904,476.466,56.549,161.203,0.860342,-1,-1,-1
156,22,914.616,150.431,49.993,144.903,0.860038,-1,-1,-1
156,14,1791.027,106.996,57.057,121.100,0.859964,-1,-1,-1
156,53,147.271,764.576,119.572,197.888,0.859263,-1,-1,-1
156,55,697.959,595.165,90.327,205.762,0.855968,-1,-1,-1
156,2,716.141,71.522,50.405,122.011,0.852114,-1,-1,-1
156,19,1754.163,111.231,48.089,111.389,0.847259,-1,-1,-1
156,8,682.678,134.190,50.720,141.287,0.846784,-1,-1,-1
156,49,72.028,100.167,51.426,129.656,0.845658,-1,-1,-1
156,24,1384.058,22.494,38.329,135.101,0.841065,-1,-1,-1
156,23,1156.229,142.904,53.841,113.940,0.839262,-1,-1,-1
156,28,936.121,399.519,72.984,163.176,0.829194,-1,-1,-1
156,34,1241.672,0.196,37.927,82.273,0.826724,-1,-1,-1
156,16,817.720,12.550,39.117,126.814,0.826439,-1,-1,-1
156,64,1410.886,0.099,79.842,33.337,0.822702,-1,-1,-1
156,38,383.775,452.047,100.627,191.189,0.822413,-1,-1,-1
156,21,857.802,16.065,38.368,129.359,0.818737,-1,-1,-1
156,7,712.126,0.014,41.067,56.220,0.797630,-1,-1,-1
156,40,339.132,464.449,64.769,153.667,0.795258,-1,-1,-1
156,60,944.333,0.000,35.329,58.509,0.779670,-1,-1,-1
156,62,1154.665,0.000,83.036,83.546,0.745132,-1,-1,-1
156,63,991.960,0.000,37.684,48.517,0.718821,-1,-1,-1
156,56,431.203,485.647,77.689,133.736,0.703382,-1,-1,-1
156,36,1801.966,0.000,39.241,15.581,0.585085,-1,-1,-1
156,26,1125.419,0.007,34.240,30.917,0.560988,-1,-1,-1
156,37,1908.699,291.006,11.301,124.687,0.506748,-1,-1,-1
156,27,1203.494,0.000,34.906,59.054,0.368202,-1,-1,-1
156,29,1029.844,0.000,27.206,11.522,0.319953,-1,-1,-1
157,31,1791.125,413.926,86.895,182.897,0.895624,-1,-1,-1
157,54,1244.972,502.619,73.144,181.805,0.891038,-1,-1,-1
157,15,911.941,529.867,78.869,179.461,0.881674,-1,-1,-1
157,9,1731.243,208.963,69.643,153.486,0.879211,-1,-1,-1
157,20,1060.253,311.082,65.689,153.768,0.876594,-1,-1,-1
157,30,525.040,506.331,71.988,157.321,0.871632,-1,-1,-1
157,12,528.766,659.971,89.649,170.369,0.870440,-1,-1,-1
157,33,393.284,22.808,59.912,99.637,0.869316,-1,-1,-1
157,42,1561.467,206.887,64.253,149.473,0.867556,-1,-1,-1
157,13,1153.625,318.372,52.884,135.133,0.864757,-1,-1,-1
157,14,1796.758,106.444,53.710,121.015,0.864267,-1,-1,-1
157,53,149.989,765.950,116.736,200.579,0.863721,-1,-1,-1
157,43,207.584,15.886,59.418,123.723,0.862802,-1,-1,-1
157,50,1026.306,473.769,56.991,162.163,0.860742,-1,-1,-1
157,22,914.403,152.577,50.519,144.602,0.860354,-1,-1,-1
157,2,716.567,69.408,49.223,123.335,0.858945,-1,-1,-1
157,55,698.218,590.691,82.766,203.766,0.851494,-1,-1,-1
157,19,1754.202,111.233,49.165,111.343,0.850887,-1,-1,-1
157,8,682.295,132.770,51.078,141.629,0.848167,-1,-1,-1
157,49,71.146,99.850,51.885,130.054,0.846448,-1,-1,-1
157,24,1384.256,21.665,38.158,135.645,0.841525,-1,-1,-1
157,23,1156.445,141.466,55.074,114.037,0.841390,-1,-1,-1
157,28,935.333,399.985,74.520,167.806,0.836440,-1,-1,-1
157,16,817.973,11.780,39.361,127.099,0.826656,-1,-1,-1
157,38,383.591,451.727,77.387,191.287,0.824928,-1,-1,-1
157,64,1414.462,0.078,77.707,33.231,0.821924,-1,-1,-1
157,21,858.270,14.222,37.874,130.597,0.819520,-1,-1,-1
157,34,1241.105,0.124,37.364,82.102,0.814835,-1,-1,-1
157,40,339.166,464.296,64.658,153.685,0.794441,-1,-1,-1
157,7,713.149,0.000,38.129,54.572,0.782803,-1,-1,-1
157,60,944.156,0.000,35.983,58.959,0.767053,-1,-1,-1
157,62,1154.422,0.000,82.856,82.863,0.753107,-1,-1,-1
157,56,432.737,484.180,76.333,134.745,0.715123,-1,-1,-1
157,63,993.062,0.000,37.775,48.863,0.708116,-1,-1,-1
157,36,1802.010,0.000,39.518,15.324,0.576349,-1,-1,-1
157,26,1126.580,0.009,31.969,28.607,0.509430,-1,-1,-1
157,37,1909.034,293.466,10.966,122.885,0.498717,-1,-1,-1
158,15,910.767,535.785,79.938,181.540,0.888449,-1,-1,-1
158,54,1247.116,494.413,72.446,180.708,0.887926,-1,-1,-1
158,31,1791.514,421.387,87.426,186.049,0.887375,-1,-1,-1
158,30,523.658,512.033,71.821,154.230,0.885644,-1,-1,-1
158,20,1060.372,308.656,65.559,156.161,0.875952,-1,-1,-1
158,9,1730.560,210.905,71.701,151.127,0.873989,-1,-1,-1
158,53,153.919,775.628,113.845,205.743,0.872317,-1,-1,-1
158,14,1803.554,108.588,49.451,120.733,0.871397,-1,-1,-1
158,42,1558.660,204.163,64.415,151.979,0.871366,-1,-1,-1
158,12,528.225,661.315,89.141,169.274,0.868349,-1,-1,-1
158,33,395.988,21.588,59.698,100.779,0.864415,-1,-1,-1
158,50,1025.967,466.976,56.569,160.598,0.862722,-1,-1,-1
158,22,914.130,155.481,49.656,144.115,0.862529,-1,-1,-1
158,43,207.786,17.904,59.145,123.229,0.860811,-1,-1,-1
158,19,1754.093,110.357,52.002,111.373,0.856296,-1,-1,-1
158,13,1155.859,322.595,52.630,136.558,0.855969,-1,-1,-1
158,28,931.868,403.264,77.633,170.612,0.850375,-1,-1,-1
158,24,1384.071,21.266,38.466,135.227,0.843154,-1,-1,-1
158,2,716.698,65.253,45.570,127.350,0.843070,-1,-1,-1
158,49,72.292,99.011,49.833,129.960,0.840352,-1,-1,-1
158,55,696.898,582.461,81.528,190.617,0.840151,-1,-1,-1
158,21,859.333,10.903,37.476,131.283,0.833159,-1,-1,-1
158,23,1158.724,138.585,49.071,116.370,0.830842,-1,-1,-1
158,8,681.470,129.871,50.047,144.852,0.830518,-1,-1,-1
158,38,383.664,451.284,77.329,191.083,0.825040,-1,-1,-1
158,16,818.264,10.205,39.694,126.950,0.823991,-1,-1,-1
158,34,1239.878,0.025,37.177,82.277,0.808457,-1,-1,-1
158,64,1423.098,0.082,72.348,32.571,0.806893,-1,-1,-1
158,62,1153.352,0.000,83.003,82.378,0.803819,-1,-1,-1
158,40,338.587,462.967,65.744,154.215,0.796257,-1,-1,-1
158,7,713.185,0.014,32.872,52.545,0.726285,-1,-1,-1
158,56,449.319,483.202,59.281,133.719,0.720699,-1,-1,-1
158,60,942.909,0.000,40.955,58.904,0.714262,-1,-1,-1
158,63,996.510,0.000,36.329,47.507,0.628612,-1,-1,-1
158,36,1801.915,0.000,39.696,14.698,0.561791,-1,-1,-1
158,26,1128.029,0.000,32.095,22.469,0.513836,-1,-1,-1
158,37,1907.860,303.873,12.140,116.737,0.504603,-1,-1,-1
159,54,1247.620,489.462,73.106,179.747,0.889818,-1,-1,-1
159,31,1791.510,425.699,87.903,183.923,0.888363,-1,-1,-1
159,15,910.459,538.579,80.034,179.415,0.884852,-1,-1,-1
159,30,522.698,514.102,72.454,153.184,0.880862,-1,-1,-1
159,9,1730.546,211.817,71.951,149.807,0.880108,-1,-1,-1
159,20,1060.150,307.112,66.195,157.268,0.873791,-1,-1,-1
159,42,1558.466,202.691,63.031,153.079,0.871785,-1,-1,-1
159,14,1806.031,109.750,47.779,122.508,0.870361,-1,-1,-1
159,12,528.373,662.724,87.867,167.462,0.870238,-1,-1,-1
159,33,398.335,21.347,57.185,100.889,0.866543,-1,-1,-1
159,22,913.820,156.648,49.687,143.150,0.865496,-1,-1,-1
159,13,1156.635,324.707,52.853,134.441,0.865194,-1,-1,-1
159,53,156.588,778.961,112.267,202.896,0.863246,-1,-1,-1
159,43,207.735,18.766,58.294,124.154,0.856075,-1,-1,-1
159,19,1754.358,110.422,52.823,112.054,0.855208,-1,-1,-1
159,50,1026.227,463.206,56.149,159.270,0.854913,-1,-1,-1
159,55,693.798,577.392,83.755,185.252,0.850350,-1,-1,-1
159,28,931.061,404.377,78.044,171.280,0.846399,-1,-1,-1
159,23,1160.536,138.162,45.197,116.349,0.846239,-1,-1,-1
159,24,1383.812,21.213,38.366,134.841,0.843620,-1,-1,-1
159,49,70.919,97.956,51.093,131.199,0.843346,-1,-1,-1
159,2,716.522,63.359,43.220,126.996,0.841179,-1,-1,-1
159,8,681.462,128.727,49.669,145.356,0.831430,-1,-1,-1
159,38,382.853,451.057,77.997,191.465,0.829005,-1,-1,-1
159,21,860.286,9.775,37.297,131.044,0.825728,-1,-1,-1
159,16,818.683,9.553,39.276,127.040,0.824500,-1,-1,-1
159,34,1238.452,0.079,37.959,82.221,0.818296,-1,-1,-1
159,64,1427.984,0.100,71.116,32.564,0.790841,-1,-1,-1
159,40,338.300,462.646,66.308,154.171,0.787935,-1,-1,-1
159,56,449.662,483.157,58.985,133.768,0.759835,-1,-1,-1
159,62,1152.915,0.000,83.430,82.043,0.752251,-1,-1,-1
159,7,715.864,0.018,29.597,52.116,0.751524,-1,-1,-1
159,60,941.417,0.000,41.635,58.434,0.719853,-1,-1,-1
159,63,996.439,0.023,36.821,48.297,0.607888,-1,-1,-1
159,36,1801.750,0.000,39.621,14.553,0.556711,-1,-1,-1
159,26,1127.460,0.000,27.681,20.166,0.514993,-1,-1,-1
159,37,1908.003,305.142,11.997,116.455,0.493060,-1,-1,-1
160,54,1247.639,484.887,74.037,172.808,0.892386,-1,-1,-1
160,31,1791.479,428.440,88.629,184.619,0.890572,-1,-1,-1
160,15,910.308,541.901,79.860,178.042,0.880023,-1,-1,-1
160,30,521.661,515.977,71.995,152.360,0.876856,-1,-1,-1
160,20,1060.365,305.053,66.774,159.382,0.874525,-1,-1,-1
160,42,1558.381,201.047,61.737,153.976,0.874179,-1,-1,-1
160,9,1730.288,212.367,73.167,148.868,0.873632,-1,-1,-1
160,12,527.903,662.686,87.210,175.231,0.869997,-1,-1,-1
160,50,1025.892,458.776,55.921,151.397,0.867404,-1,-1,-1
160,33,401.170,20.201,54.229,101.349,0.867107,-1,-1,-1
160,13,1156.998,326.252,53.792,133.205,0.867090,-1,-1,-1
160,43,207.503,19.824,59.123,124.279,0.865948,-1,-1,-1
160,14,1806.633,110.052,47.963,125.879,0.865587,-1,-1,-1
160,22,913.768,157.466,50.170,142.171,0.864344,-1,-1,-1
160,53,159.871,781.778,106.724,200.846,0.859197,-1,-1,-1
160,55,691.220,572.993,86.429,181.479,0.847664,-1,-1,-1
160,23,1161.404,137.275,44.694,116.982,0.846037,-1,-1,-1
160,49,71.585,98.122,50.462,130.878,0.844625,-1,-1,-1
160,24,1383.709,21.046,38.477,135.027,0.842320,-1,-1,-1
160,19,1754.741,109.539,54.188,120.859,0.841371,-1,-1,-1
160,2,716.417,62.484,43.112,127.095,0.840459,-1,-1,-1
160,8,680.251,127.447,50.872,145.851,0.831646,-1,-1,-1
160,38,383.830,450.615,83.760,191.557,0.828616,-1,-1,-1
160,16,819.026,9.494,39.357,126.532,0.826232,-1,-1,-1
160,21,860.986,8.231,38.355,129.824,0.822221,-1,-1,-1
160,34,1237.977,0.058,37.479,81.557,0.820107,-1,-1,-1
160,28,937.464,405.758,70.720,168.865,0.795258,-1,-1,-1
160,40,337.926,462.044,66.089,154.600,0.791932,-1,-1,-1
160,62,1152.599,0.000,83.580,81.979,0.772155,-1,-1,-1
160,64,1435.153,0.052,67.794,32.277,0.767761,-1,-1,-1
160,7,719.031,0.050,27.346,52.204,0.746635,-1,-1,-1
160,60,939.341,0.000,43.649,58.536,0.730858,-1,-1,-1
160,63,1002.887,0.000,31.357,51.702,0.717947,-1,-1,-1
160,56,447.744,483.227,60.903,133.727,0.709679,-1,-1,-1
160,36,1801.718,0.000,39.958,14.524,0.544788,-1,-1,-1
160,37,1907.922,298.924,12.078,124.348,0.433241,-1,-1,-1
160,26,1129.322,0.000,25.656,17.281,0.382669,-1,-1,-1
161,54,1247.693,479.938,74.457,168.159,0.890995,-1,-1,-1
161,31,1791.388,430.615,89.105,183.392,0.889004,-1,-1,-1
161,20,1060.896,303.032,66.592,160.555,0.878954,-1,-1,-1
161,30,521.152,517.809,72.171,153.480,0.877371,-1,-1,-1
161,42,1558.345,200.177,60.569,153.887,0.873835,-1,-1,-1
161,50,1027.047,454.640,54.804,149.526,0.872923,-1,-1,-1
161,9,1731.335,206.272,72.455,154.962,0.872541,-1,-1,-1
161,13,1157.622,327.338,54.799,131.883,0.871868,-1,-1,-1
161,15,910.280,543.772,80.076,176.579,0.871383,-1,-1,-1
161,43,207.591,20.571,58.698,124.506,0.868035,-1,-1,-1
161,14,1807.279,110.949,48.172,127.480,0.865466,-1,-1,-1
161,22,913.615,158.219,50.641,141.558,0.864776,-1,-1,-1
161,12,527.965,669.221,85.753,179.064,0.863235,-1,-1,-1
161,33,405.741,19.497,49.667,101.633,0.858941,-1,-1,-1
161,53,161.026,783.609,105.422,198.536,0.852754,-1,-1,-1
161,23,1162.955,136.236,42.750,117.985,0.847250,-1,-1,-1
161,55,688.409,569.257,88.900,184.205,0.844089,-1,-1,-1
161,49,72.595,98.938,48.920,130.153,0.843049,-1,-1,-1
161,2,716.366,61.513,42.548,128.375,0.841506,-1,-1,-1
161,24,1383.761,21.121,38.369,134.975,0.840100,-1,-1,-1
161,19,1755.819,114.546,54.852,115.602,0.833708,-1,-1,-1
161,38,383.455,450.396,84.780,191.689,0.830947,-1,-1,-1
161,21,861.762,7.292,38.922,130.534,0.830196,-1,-1,-1
161,34,1236.414,0.001,37.601,81.291,0.829786,-1,-1,-1
161,16,819.235,8.912,39.397,127.082,0.829376,-1,-1,-1
161,8,680.261,126.405,49.737,147.407,0.823568,-1,-1,-1
161,28,932.107,407.726,75.241,166.709,0.802951,-1,-1,-1
161,40,337.993,461.693,66.665,154.802,0.787231,-1,-1,-1
161,62,1152.242,0.000,82.676,81.661,0.769410,-1,-1,-1
161,64,1444.490,0.119,58.016,32.725,0.749314,-1,-1,-1
161,60,939.248,0.000,43.984,58.253,0.744577,-1,-1,-1
161,63,1003.639,0.000,31.286,54.128,0.728448,-1,-1,-1
161,7,715.115,0.000,31.243,51.898,0.685820,-1,-1,-1
161,56,443.218,482.182,65.183,134.214,0.655507,-1,-1,-1
161,36,1801.543,0.000,39.415,14.332,0.538539,-1,-1,-1
161,37,1907.872,312.635,12.128,113.449,0.402249,-1,-1,-1
162,54,1247.656,475.417,74.716,166.647,0.891607,-1,-1,-1
162,31,1791.322,432.931,90.557,181.973,0.890736,-1,-1,-1
162,15,910.768,546.535,79.393,173.839,0.882019,-1,-1,-1
162,20,1061.730,300.428,65.511,161.706,0.878402,-1,-1,-1
162,13,1157.678,328.952,56.199,130.034,0.876636,-1,-1,-1
162,30,520.310,520.166,71.399,152.197,0.876384,-1,-1,-1
162,9,1731.683,211.992,72.363,149.704,0.874866,-1,-1,-1
162,12,527.863,674.039,84.985,184.002,0.872430,-1,-1,-1
162,42,1557.305,197.963,59.982,156.318,0.870482,-1,-1,-1
162,43,207.915,21.058,58.743,124.476,0.868114,-1,-1,-1
162,50,1027.798,451.360,54.299,145.028,0.866118,-1,-1,-1
162,14,1807.482,112.384,48.892,128.197,0.864160,-1,-1,-1
162,22,913.358,159.115,51.174,140.831,0.863990,-1,-1,-1
162,55,686.573,564.389,90.116,188.382,0.856604,-1,-1,-1
162,53,162.378,785.162,104.094,197.003,0.853947,-1,-1,-1
162,33,411.350,19.059,44.195,101.941,0.853380,-1,-1,-1
162,23,1164.013,135.402,42.540,118.531,0.847368,-1,-1,-1
162,2,716.423,61.057,42.134,128.636,0.842832,-1,-1,-1
162,28,929.286,409.874,78.127,166.405,0.841575,-1,-1,-1
162,24,1383.708,20.998,38.430,135.064,0.840932,-1,-1,-1
162,49,72.562,99.135,48.611,129.590,0.839100,-1,-1,-1
162,16,819.666,8.566,39.138,126.960,0.833951,-1,-1,-1
162,38,383.325,450.441,81.084,191.768,0.833645,-1,-1,-1
162,21,862.079,6.476,39.480,130.736,0.833469,-1,-1,-1
162,19,1756.725,114.580,56.466,114.886,0.831368,-1,-1,-1
162,34,1234.125,0.057,38.850,80.952,0.831352,-1,-1,-1
162,8,680.113,125.453,50.738,146.796,0.823234,-1,-1,-1
162,40,338.014,461.368,66.636,155.144,0.787884,-1,-1,-1
162,62,1152.228,0.000,81.443,81.632,0.767599,-1,-1,-1
162,63,1004.208,0.000,31.107,55.664,0.741443,-1,-1,-1
162,60,939.038,0.000,43.950,58.101,0.735317,-1,-1,-1
162,64,1453.180,0.000,51.590,32.378,0.706490,-1,-1,-1
162,56,448.380,482.827,60.074,133.614,0.703399,-1,-1,-1
162,7,714.277,0.000,31.408,51.387,0.677439,-1,-1,-1
162,36,1801.555,0.000,39.429,14.339,0.540924,-1,-1,-1
162,37,1908.354,314.176,11.646,116.068,0.385313,-1,-1,-1
163,31,1791.561,437.197,92.835,178.300,0.890613,-1,-1,-1
163,9,1732.447,212.900,72.111,149.123,0.886637,-1,-1,-1
163,54,1247.989,468.713,75.563,171.749,0.885435,-1,-1,-1
163,15,911.858,551.436,77.712,168.459,0.884239,-1,-1,-1
163,30,518.885,523.863,72.327,149.123,0.880106,-1,-1,-1
163,13,1157.248,333.214,58.854,125.779,0.879780,-1,-1,-1
163,42,1555.853,193.622,60.096,154.382,0.870971,-1,-1,-1
163,20,1063.175,295.612,63.516,158.394,0.870438,-1,-1,-1
163,12,527.649,682.765,83.088,189.370,0.863892,-1,-1,-1
163,22,913.087,161.551,52.006,138.351,0.863610,-1,-1,-1
163,14,1807.652,114.803,50.603,127.895,0.862551,-1,-1,-1
163,43,207.566,22.214,58.682,123.197,0.860806,-1,-1,-1
163,53,167.895,793.209,98.315,189.658,0.857965,-1,-1,-1
163,50,1029.924,446.770,51.601,147.564,0.857611,-1,-1,-1
163,55,683.616,558.589,93.918,193.754,0.849763,-1,-1,-1
163,23,1166.868,132.154,41.430,119.666,0.844064,-1,-1,-1
163,2,716.502,59.486,41.403,129.781,0.842985,-1,-1,-1
163,49,73.417,100.564,47.441,128.169,0.841944,-1,-1,-1
163,24,1383.923,21.041,38.150,134.957,0.841733,-1,-1,-1
163,16,820.333,7.973,38.603,127.837,0.839339,-1,-1,-1
163,38,382.531,450.682,81.358,191.462,0.836177,-1,-1,-1
163,19,1759.485,116.525,55.507,119.793,0.834724,-1,-1,-1
163,21,862.800,5.858,40.457,126.955,0.830560,-1,-1,-1
163,28,928.960,414.465,78.356,169.358,0.825957,-1,-1,-1
163,33,416.660,18.172,39.461,103.088,0.824872,-1,-1,-1
163,8,678.974,122.601,51.110,147.039,0.824371,-1,-1,-1
163,34,1233.592,0.020,38.601,81.406,0.824019,-1,-1,-1
163,40,338.470,461.396,66.885,155.301,0.778424,-1,-1,-1
163,62,1151.622,0.000,81.323,82.089,0.750441,-1,-1,-1
163,60,936.143,0.000,50.177,61.346,0.748254,-1,-1,-1
163,56,447.727,482.666,60.809,133.780,0.725677,-1,-1,-1
163,64,1470.264,0.154,42.154,34.830,0.707258,-1,-1,-1
163,66,0.000,577.406,40.989,140.103,0.700732,-1,-1,-1
163,63,1001.099,0.000,36.499,58.457,0.661323,-1,-1,-1
163,7,712.588,0.000,33.360,50.044,0.651986,-1,-1,-1
163,36,1801.698,0.000,40.363,14.333,0.518828,-1,-1,-1
164,31,1792.063,439.000,93.805,176.923,0.889885,-1,-1,-1
164,15,912.754,554.043,77.124,166.208,0.886189,-1,-1,-1
164,54,1247.961,466.817,75.992,173.806,0.885045,-1,-1,-1
164,9,1732.875,208.571,71.846,157.336,0.883591,-1,-1,-1
164,30,518.999,525.982,71.220,147.672,0.878971,-1,-1,-1
164,13,1154.542,335.326,62.992,128.346,0.877026,-1,-1,-1
164,12,527.357,686.679,82.347,191.949,0.870397,-1,-1,-1
164,20,1063.642,293.580,62.890,155.006,0.862816,-1,-1,-1
164,43,207.914,23.109,58.966,124.025,0.862532,-1,-1,-1
164,22,913.085,163.012,52.376,136.033,0.862188,-1,-1,-1
164,14,1807.428,116.504,51.784,128.948,0.861679,-1,-1,-1
164,42,1555.717,191.703,62.351,153.525,0.858086,-1,-1,-1
164,50,1031.159,445.109,50.057,149.124,0.852539,-1,-1,-1
164,53,169.083,794.862,96.917,188.223,0.851288,-1,-1,-1
164,55,681.739,556.551,95.724,196.078,0.847443,-1,-1,-1
164,2,716.519,58.832,41.262,129.311,0.842562,-1,-1,-1
164,24,1383.896,21.211,38.198,135.172,0.840613,-1,-1,-1
164,16,820.501,7.945,38.359,128.287,0.840217,-1,-1,-1
164,49,72.446,100.099,48.441,128.835,0.839433,-1,-1,-1
164,38,382.309,450.809,79.451,191.826,0.835384,-1,-1,-1
164,19,1760.813,117.344,55.442,123.257,0.834369,-1,-1,-1
164,23,1166.703,130.214,44.190,120.523,0.834327,-1,-1,-1
164,8,679.698,119.422,50.394,146.383,0.831227,-1,-1,-1
164,21,863.316,5.702,40.314,126.343,0.827535,-1,-1,-1
164,33,418.205,18.440,38.545,102.973,0.818176,-1,-1,-1
164,28,929.218,417.780,78.236,193.883,0.816524,-1,-1,-1
164,34,1232.810,0.000,39.080,81.878,0.813876,-1,-1,-1
164,40,338.385,461.764,68.828,155.520,0.769473,-1,-1,-1
164,60,935.172,0.000,51.162,64.518,0.769305,-1,-1,-1
164,66,0.019,579.846,46.896,141.399,0.759234,-1,-1,-1
164,64,1471.835,0.086,45.141,37.972,0.719348,-1,-1,-1
164,56,447.560,482.258,61.052,134.563,0.718051,-1,-1,-1
164,62,1150.579,0.000,81.214,82.711,0.712558,-1,-1,-1
164,63,1003.233,0.049,35.209,59.414,0.686128,-1,-1,-1
164,7,714.406,0.000,32.894,49.364,0.675873,-1,-1,-1
164,36,1801.688,0.000,40.238,14.773,0.540087,-1,-1,-1
164,67,1127.783,0.000,38.220,16.621,0.426252,-1,-1,-1
165,31,1793.890,441.111,92.895,174.843,0.889317,-1,-1,-1
165,15,912.795,556.429,77.674,164.028,0.887180,-1,-1,-1
165,54,1248.316,465.001,75.807,175.401,0.883803,-1,-1,-1
165,9,1733.542,220.892,71.537,152.371,0.881797,-1,-1,-1
165,13,1153.132,338.519,65.787,133.349,0.881235,-1,-1,-1
165,30,519.120,472.038,72.668,202.149,0.880381,-1,-1,-1
165,12,527.372,690.729,81.537,189.697,0.875630,-1,-1,-1
165,42,1555.481,189.458,58.942,148.659,0.874269,-1,-1,-1
165,53,170.078,798.964,97.575,185.741,0.866363,-1,-1,-1
165,22,913.079,164.979,52.700,135.315,0.864631,-1,-1,-1
165,43,207.701,23.586,59.827,122.575,0.864357,-1,-1,-1
165,20,1063.993,290.832,62.634,152.137,0.863956,-1,-1,-1
165,14,1807.684,117.823,52.274,128.945,0.858251,-1,-1,-1
165,55,698.499,554.588,80.531,200.784,0.853734,-1,-1,-1
165,50,1032.489,443.215,49.331,151.541,0.852579,-1,-1,-1
165,23,1167.506,128.429,44.832,120.426,0.847287,-1,-1,-1
165,16,820.524,7.906,38.551,128.522,0.843297,-1,-1,-1
165,2,716.587,58.003,41.059,129.360,0.842995,-1,-1,-1
165,19,1762.050,118.379,55.544,116.556,0.841610,-1,-1,-1
165,24,1383.774,21.722,38.236,135.040,0.840903,-1,-1,-1
165,33,420.784,18.591,38.455,103.410,0.835750,-1,-1,-1
165,49,72.572,101.187,48.247,127.824,0.835281,-1,-1,-1
165,38,382.517,451.053,79.363,191.677,0.832031,-1,-1,-1
165,8,680.153,117.497,49.182,145.044,0.827433,-1,-1,-1
165,21,863.787,5.312,40.085,126.475,0.825652,-1,-1,-1
165,28,928.585,421.533,77.883,177.294,0.812817,-1,-1,-1
165,34,1232.749,0.004,38.297,82.728,0.811104,-1,-1,-1
165,66,0.007,584.012,48.924,141.777,0.789422,-1,-1,-1
165,40,338.512,461.794,67.595,155.099,0.774805,-1,-1,-1
165,60,938.246,0.000,47.252,67.640,0.743885,-1,-1,-1
165,56,447.829,482.327,60.679,134.632,0.724054,-1,-1,-1
165,7,715.738,0.000,30.722,48.156,0.721265,-1,-1,-1
165,64,1471.632,0.024,52.116,38.404,0.721051,-1,-1,-1
165,62,1150.131,0.000,82.638,83.108,0.709295,-1,-1,-1
165,63,1002.889,0.000,36.113,60.305,0.692757,-1,-1,-1
165,36,1801.818,0.000,39.122,15.015,0.562352,-1,-1,-1
165,67,1127.333,0.000,36.697,16.420,0.302520,-1,-1,-1
166,31,1796.527,442.628,91.058,173.514,0.888905,-1,-1,-1
166,13,1153.313,342.161,66.724,135.955,0.884468,-1,-1,-1
166,9,1733.679,221.490,71.721,156.728,0.882743,-1,-1,-1
166,15,912.541,559.211,78.042,166.224,0.881422,-1,-1,-1
166,42,1555.485,187.671,58.557,144.534,0.878871,-1,-1,-1
166,30,518.898,472.568,73.719,204.614,0.878011,-1,-1,-1
166,54,1248.351,463.004,75.267,177.927,0.874221,-1,-1,-1
166,12,526.611,694.612,82.028,189.558,0.872567,-1,-1,-1
166,20,1063.478,287.862,63.219,148.460,0.869326,-1,-1,-1
166,43,208.045,24.180,59.608,122.877,0.864021,-1,-1,-1
166,53,170.187,801.796,100.889,193.430,0.861416,-1,-1,-1
166,22,912.982,167.170,52.886,137.157,0.861249,-1,-1,-1
166,14,1808.807,118.538,52.138,128.826,0.859407,-1,-1,-1
166,55,700.674,551.736,78.740,203.275,0.855672,-1,-1,-1
166,33,423.294,19.797,43.700,102.200,0.849768,-1,-1,-1
166,50,1033.212,441.681,48.415,153.155,0.849563,-1,-1,-1
166,23,1167.591,126.601,46.201,118.268,0.844529,-1,-1,-1
166,16,820.742,7.829,38.478,128.835,0.844187,-1,-1,-1
166,24,1383.829,21.754,38.293,135.534,0.842754,-1,-1,-1
166,2,716.217,56.659,41.305,130.757,0.842148,-1,-1,-1
166,19,1764.429,119.363,54.491,115.110,0.838340,-1,-1,-1
166,49,73.634,105.127,46.919,124.392,0.834864,-1,-1,-1
166,8,680.449,115.281,48.258,142.113,0.829343,-1,-1,-1
166,38,383.736,450.886,77.302,192.007,0.827908,-1,-1,-1
166,34,1232.395,0.000,38.038,82.799,0.817863,-1,-1,-1
166,21,864.217,5.068,40.163,125.838,0.814855,-1,-1,-1
166,64,1471.718,0.022,52.865,38.882,0.788741,-1,-1,-1
166,60,936.629,0.000,54.347,68.468,0.786641,-1,-1,-1
166,28,929.338,425.786,77.370,170.187,0.784167,-1,-1,-1
166,40,338.575,461.755,66.686,155.558,0.772343,-1,-1,-1
166,66,0.000,581.451,49.244,147.631,0.753454,-1,-1,-1
166,62,1150.137,0.000,81.000,83.489,0.716163,-1,-1,-1
166,7,716.838,0.000,32.574,44.592,0.715410,-1,-1,-1
166,56,446.690,482.999,61.846,134.254,0.711192,-1,-1,-1
166,63,1003.194,0.046,38.554,60.424,0.708281,-1,-1,-1
166,36,1802.191,0.000,38.473,14.907,0.549159,-1,-1,-1
167,13,1152.135,345.772,68.703,138.784,0.892252,-1,-1,-1
167,31,1799.545,445.208,89.071,170.689,0.885342,-1,-1,-1
167,30,518.407,533.580,72.381,151.077,0.876660,-1,-1,-1
167,54,1248.675,460.423,74.701,180.318,0.875577,-1,-1,-1
167,42,1555.427,186.024,57.947,145.234,0.875512,-1,-1,-1
167,9,1734.265,221.057,71.511,161.201,0.874727,-1,-1,-1
167,15,912.787,563.059,80.338,173.645,0.871707,-1,-1,-1
167,12,526.015,698.622,82.486,185.483,0.870368,-1,-1,-1
167,20,1063.202,286.223,63.686,144.696,0.868405,-1,-1,-1
167,53,172.470,807.696,100.616,204.556,0.865221,-1,-1,-1
167,22,912.550,170.037,53.102,141.071,0.863299,-1,-1,-1
167,43,208.090,24.813,59.995,122.205,0.861587,-1,-1,-1
167,55,703.209,549.887,76.877,203.855,0.860114,-1,-1,-1
167,14,1809.212,119.594,52.471,128.039,0.859871,-1,-1,-1
167,33,424.850,20.958,51.399,101.072,0.853781,-1,-1,-1
167,23,1168.254,125.610,46.114,115.238,0.846495,-1,-1,-1
167,2,715.183,55.258,42.166,130.382,0.845123,-1,-1,-1
167,16,820.706,7.826,38.444,129.226,0.844095,-1,-1,-1
167,24,1383.894,22.317,38.154,135.066,0.843035,-1,-1,-1
167,19,1767.129,120.653,52.894,117.751,0.842495,-1,-1,-1
167,50,1035.006,440.742,46.593,153.955,0.838497,-1,-1,-1
167,49,73.393,105.865,47.468,123.932,0.837325,-1,-1,-1
167,8,679.948,113.836,48.345,139.036,0.832228,-1,-1,-1
167,38,383.606,451.909,77.637,191.230,0.829587,-1,-1,-1
167,21,864.418,4.721,39.396,126.732,0.825028,-1,-1,-1
167,60,933.419,0.000,56.300,69.962,0.821873,-1,-1,-1
167,64,1471.771,0.077,63.707,39.481,0.819147,-1,-1,-1
167,28,929.782,428.171,76.398,205.526,0.815596,-1,-1,-1
167,34,1232.283,0.005,37.594,82.875,0.798839,-1,-1,-1
167,40,338.481,462.033,68.286,155.518,0.769797,-1,-1,-1
167,63,1000.199,0.099,40.890,60.727,0.730341,-1,-1,-1
167,62,1149.763,0.000,61.601,84.139,0.723575,-1,-1,-1
167,56,445.124,482.995,63.407,134.604,0.717388,-1,-1,-1
167,7,714.379,0.000,35.776,41.672,0.682535,-1,-1,-1
167,66,0.000,527.590,55.499,209.681,0.641541,-1,-1,-1
167,36,1802.106,0.000,37.085,15.464,0.586433,-1,-1,-1
167,67,1130.504,0.000,33.603,16.709,0.345321,-1,-1,-1
168,13,1151.990,352.047,70.006,138.579,0.894387,-1,-1,-1
168,31,1803.328,452.284,87.123,182.337,0.884279,-1,-1,-1
168,20,1062.420,282.771,63.038,146.890,0.877942,-1,-1,-1
168,42,1554.388,182.723,57.803,144.677,0.876153,-1,-1,-1
168,54,1248.770,455.744,72.664,181.641,0.875861,-1,-1,-1
168,12,525.088,704.797,83.699,179.500,0.875755,-1,-1,-1
168,15,915.465,571.294,79.264,182.862,0.874716,-1,-1,-1
168,30,517.691,540.666,70.930,159.989,0.873441,-1,-1,-1
168,33,430.031,21.595,61.452,100.532,0.871295,-1,-1,-1
168,55,703.233,543.924,76.878,207.413,0.869381,-1,-1,-1
168,43,207.652,26.125,60.757,121.998,0.866332,-1,-1,-1
168,9,1735.648,229.764,70.884,156.074,0.862482,-1,-1,-1
168,22,912.316,174.454,54.268,146.658,0.860424,-1,-1,-1
168,14,1811.977,120.935,52.058,127.281,0.858487,-1,-1,-1
168,19,1770.028,122.971,51.789,120.598,0.855192,-1,-1,-1
168,53,176.783,817.679,102.612,218.512,0.851083,-1,-1,-1
168,23,1167.697,122.631,45.732,111.011,0.848534,-1,-1,-1
168,2,714.606,52.019,42.916,126.274,0.848024,-1,-1,-1
168,16,820.725,7.396,38.165,129.556,0.847777,-1,-1,-1
168,50,1035.963,436.399,47.218,156.208,0.846287,-1,-1,-1
168,24,1383.793,22.788,38.270,134.889,0.840722,-1,-1,-1
168,8,678.847,110.308,48.491,137.069,0.839130,-1,-1,-1
168,60,932.651,0.000,56.599,73.588,0.835023,-1,-1,-1
168,64,1471.520,0.080,77.655,38.332,0.832091,-1,-1,-1
168,49,72.042,103.748,48.211,125.889,0.830960,-1,-1,-1
168,38,384.280,451.354,124.579,191.832,0.824507,-1,-1,-1
168,28,930.683,434.795,72.697,174.732,0.821557,-1,-1,-1
168,34,1228.951,0.000,39.083,82.538,0.803907,-1,-1,-1
168,63,1000.301,0.036,37.231,61.086,0.793226,-1,-1,-1
168,21,864.370,3.818,38.607,126.082,0.791798,-1,-1,-1
168,40,338.467,462.112,68.227,155.559,0.784039,-1,-1,-1
168,62,1150.110,0.000,63.065,85.317,0.753606,-1,-1,-1
168,7,714.929,0.026,35.160,37.631,0.687481,-1,-1,-1
168,66,0.000,559.999,52.287,175.925,0.606038,-1,-1,-1
168,36,1801.654,0.000,39.511,15.895,0.589222,-1,-1,-1
168,56,434.670,478.741,73.763,139.069,0.512469,-1,-1,-1
168,67,1128.255,0.000,41.499,15.018,0.358922,-1,-1,-1
169,13,1152.429,354.423,69.533,138.683,0.891237,-1,-1,-1
169,31,1803.638,455.825,87.480,189.802,0.881639,-1,-1,-1
169,9,1736.352,231.827,70.493,157.139,0.879950,-1,-1,-1
169,12,524.727,707.538,83.921,177.047,0.879255,-1,-1,-1
169,54,1248.520,451.359,72.564,183.083,0.876986,-1,-1,-1
169,20,1062.280,281.259,62.756,148.455,0.874253,-1,-1,-1
169,55,703.444,539.513,76.948,206.632,0.873502,-1,-1,-1
169,30,517.431,544.383,70.910,161.562,0.873058,-1,-1,-1
169,15,915.578,575.295,81.797,184.713,0.872819,-1,-1,-1
169,42,1553.679,181.777,57.783,145.530,0.869425,-1,-1,-1
169,33,432.740,21.642,62.727,100.569,0.867183,-1,-1,-1
169,43,208.405,26.762,60.604,122.511,0.865711,-1,-1,-1
169,53,177.212,824.979,103.348,215.426,0.860951,-1,-1,-1
169,22,911.997,176.981,53.951,146.870,0.859017,-1,-1,-1
169,14,1814.994,121.316,50.788,127.238,0.852585,-1,-1,-1
169,19,1769.931,124.239,52.130,121.190,0.850354,-1,-1,-1
169,2,714.032,50.641,43.449,122.830,0.847224,-1,-1,-1
169,16,820.725,6.666,38.078,130.246,0.846214,-1,-1,-1
169,23,1167.600,122.124,45.505,110.727,0.845557,-1,-1,-1
169,50,1036.329,433.747,47.225,156.506,0.843780,-1,-1,-1
169,24,1383.707,22.818,38.234,135.060,0.841100,-1,-1,-1
169,64,1471.634,0.048,80.820,39.010,0.837997,-1,-1,-1
169,8,678.714,108.282,48.434,138.872,0.832527,-1,-1,-1
169,49,71.508,103.510,48.150,126.421,0.832422,-1,-1,-1
169,38,384.116,451.593,125.239,191.790,0.819381,-1,-1,-1
169,34,1228.241,0.000,38.952,82.796,0.811581,-1,-1,-1
169,28,930.911,437.318,73.173,180.224,0.803885,-1,-1,-1
169,63,1000.481,0.000,37.200,61.649,0.790052,-1,-1,-1
169,21,864.271,3.665,38.511,126.189,0.787776,-1,-1,-1
169,40,338.167,462.081,67.919,155.885,0.782877,-1,-1,-1
169,60,934.334,0.000,53.143,74.684,0.779757,-1,-1,-1
169,62,1150.437,0.000,62.510,86.492,0.769699,-1,-1,-1
169,7,713.423,0.036,38.811,37.837,0.678735,-1,-1,-1
169,66,0.025,562.634,53.000,172.869,0.642217,-1,-1,-1
169,36,1801.602,0.000,38.135,15.895,0.611691,-1,-1,-1
169,56,437.056,481.669,71.448,136.493,0.467251,-1,-1,-1
169,67,1131.954,0.000,37.248,13.942,0.370684,-1,-1,-1
170,9,1737.438,227.833,69.550,163.746,0.889205,-1,-1,-1
170,31,1802.630,460.370,89.478,189.840,0.885538,-1,-1,-1
170,13,1153.500,356.775,68.434,136.409,0.884670,-1,-1,-1
170,54,1247.897,448.496,72.504,180.594,0.879983,-1,-1,-1
170,12,523.977,710.356,85.587,174.744,0.876471,-1,-1,-1
170,33,435.680,21.528,61.692,100.688,0.873554,-1,-1,-1
170,42,1553.048,180.576,58.427,146.724,0.872275,-1,-1,-1
170,15,916.149,578.837,82.832,183.936,0.871916,-1,-1,-1
170,20,1061.711,279.871,63.067,149.907,0.871639,-1,-1,-1
170,30,517.264,547.700,70.646,160.263,0.870599,-1,-1,-1
170,55,704.135,535.910,77.588,205.082,0.867102,-1,-1,-1
170,43,207.804,27.966,61.362,124.019,0.866449,-1,-1,-1
170,14,1816.231,121.762,50.491,126.825,0.861122,-1,-1,-1
170,22,911.714,178.602,53.536,147.558,0.859148,-1,-1,-1
170,23,1167.681,121.004,46.905,111.382,0.856721,-1,-1,-1
170,64,1473.450,0.126,80.709,39.684,0.848858,-1,-1,-1
170,2,714.063,47.527,44.523,124.524,0.848041,-1,-1,-1
170,53,178.460,830.266,103.764,215.605,0.847691,-1,-1,-1
170,19,1769.586,125.806,52.803,119.414,0.846155,-1,-1,-1
170,16,820.506,5.684,38.187,130.622,0.844556,-1,-1,-1
170,24,1383.551,23.029,38.383,134.805,0.841493,-1,-1,-1
170,50,1036.636,430.465,47.517,155.757,0.841221,-1,-1,-1
170,49,71.783,107.891,47.556,122.535,0.834197,-1,-1,-1
170,60,932.228,0.000,56.316,75.143,0.832945,-1,-1,-1
170,8,678.195,106.923,48.577,140.202,0.825290,-1,-1,-1
170,38,384.314,451.478,124.944,191.918,0.817872,-1,-1,-1
170,63,1000.807,0.044,36.635,64.121,0.815494,-1,-1,-1
170,34,1227.602,0.005,37.127,81.942,0.808315,-1,-1,-1
170,28,932.099,438.798,71.494,172.269,0.791712,-1,-1,-1
170,40,337.683,462.028,68.963,155.405,0.778553,-1,-1,-1
170,21,863.995,2.694,39.555,127.353,0.766106,-1,-1,-1
170,62,1149.590,0.000,62.753,86.933,0.756931,-1,-1,-1
170,66,0.059,576.962,53.313,158.284,0.741844,-1,-1,-1
170,7,715.794,0.086,36.807,37.357,0.677277,-1,-1,-1
170,36,1801.479,0.000,38.076,16.100,0.617129,-1,-1,-1
170,56,439.283,484.029,69.410,134.247,0.482018,-1,-1,-1
170,67,1132.117,0.000,38.115,12.605,0.293129,-1,-1,-1
171,9,1737.734,221.134,70.110,170.995,0.885480,-1,-1,-1
171,13,1156.370,358.565,65.615,134.305,0.885422,-1,-1,-1
171,54,1246.793,443.210,73.259,180.284,0.882258,-1,-1,-1
171,33,438.245,21.596,59.952,100.878,0.880606,-1,-1,-1
171,15,915.377,583.149,83.172,184.660,0.880364,-1,-1,-1
171,31,1802.597,464.655,90.481,185.969,0.880181,-1,-1,-1
171,12,523.076,712.816,88.371,171.460,0.875473,-1,-1,-1
171,42,1552.380,178.961,58.847,148.512,0.875425,-1,-1,-1
171,20,1060.383,278.412,63.581,151.246,0.873083,-1,-1,-1
171,30,516.362,506.879,70.875,205.693,0.870274,-1,-1,-1
171,43,207.468,28.884,62.110,126.596,0.865481,-1,-1,-1
171,23,1167.671,120.095,47.582,112.662,0.864206,-1,-1,-1
171,14,1818.641,122.347,48.692,126.388,0.862456,-1,-1,-1
171,22,910.912,180.798,53.286,146.868,0.860781,-1,-1,-1
171,53,178.592,834.182,105.072,215.916,0.858708,-1,-1,-1
171,64,1475.646,0.104,79.661,39.980,0.854020,-1,-1,-1
171,19,1768.458,126.628,54.225,136.114,0.852928,-1,-1,-1
171,2,713.827,46.162,45.861,124.250,0.849091,-1,-1,-1
171,50,1037.204,427.234,47.347,155.832,0.848899,-1,-1,-1
171,16,820.291,4.541,38.389,131.065,0.844698,-1,-1,-1
171,60,931.928,0.000,56.474,75.221,0.841988,-1,-1,-1
171,24,1383.481,22.859,38.478,134.880,0.840726,-1,-1,-1
171,55,697.193,531.411,85.238,205.514,0.837113,-1,-1,-1
171,49,71.657,103.720,47.463,126.465,0.829535,-1,-1,-1
171,63,1000.729,0.052,38.267,66.637,0.820632,-1,-1,-1
171,8,677.301,106.017,49.168,140.890,0.819304,-1,-1,-1
171,38,383.940,452.452,124.381,190.969,0.818608,-1,-1,-1
171,28,930.910,440.536,71.672,174.614,0.807913,-1,-1,-1
171,21,863.713,2.362,38.407,127.516,0.799468,-1,-1,-1
171,34,1226.851,0.116,37.206,81.525,0.788500,-1,-1,-1
171,40,337.410,461.754,69.888,155.739,0.779937,-1,-1,-1
171,62,1148.240,0.000,66.959,86.429,0.767681,-1,-1,-1
171,7,715.593,0.081,36.609,37.396,0.691169,-1,-1,-1
171,36,1801.322,0.000,37.507,16.100,0.623578,-1,-1,-1
171,66,0.036,570.185,53.621,165.321,0.524252,-1,-1,-1
171,56,434.391,486.898,74.119,131.699,0.244477,-1,-1,-1
172,13,1157.802,359.944,63.932,133.052,0.886116,-1,-1,-1
172,54,1245.979,439.382,74.205,174.649,0.882810,-1,-1,-1
172,9,1737.883,221.610,70.857,170.481,0.881662,-1,-1,-1
172,31,1802.362,468.770,91.495,186.699,0.877644,-1,-1,-1
172,42,1551.525,178.288,59.356,148.803,0.876792,-1,-1,-1
172,33,439.533,21.799,59.296,100.427,0.875869,-1,-1,-1
172,12,522.256,715.204,90.688,168.948,0.875366,-1,-1,-1
172,15,915.962,586.458,81.817,183.054,0.875303,-1,-1,-1
172,20,1059.776,277.226,63.619,152.526,0.870709,-1,-1,-1
172,14,1819.932,123.577,48.502,125.082,0.870400,-1,-1,-1
172,43,206.660,30.500,62.478,126.702,0.868055,-1,-1,-1
172,30,515.950,499.336,71.220,216.516,0.861329,-1,-1,-1
172,22,909.534,182.099,53.789,146.511,0.861201,-1,-1,-1
172,53,179.649,841.041,102.638,216.510,0.853511,-1,-1,-1
172,50,1037.202,423.762,48.278,151.781,0.852445,-1,-1,-1
172,23,1165.957,118.919,47.123,115.084,0.852297,-1,-1,-1
172,2,713.893,44.558,47.819,125.848,0.851947,-1,-1,-1
172,60,932.000,0.000,56.402,75.392,0.851006,-1,-1,-1
172,19,1768.354,127.709,54.211,136.039,0.850075,-1,-1,-1
172,49,72.273,110.619,46.490,119.782,0.844607,-1,-1,-1
172,55,695.396,527.975,89.164,197.649,0.843222,-1,-1,-1
172,16,819.878,3.822,38.685,130.871,0.842295,-1,-1,-1
172,64,1480.530,0.083,74.944,40.021,0.842189,-1,-1,-1
172,24,1383.124,22.949,38.515,134.857,0.839949,-1,-1,-1
172,66,0.000,582.404,57.486,154.237,0.826325,-1,-1,-1
172,38,383.773,452.223,123.941,191.170,0.824106,-1,-1,-1
172,8,676.964,105.211,49.538,141.839,0.820270,-1,-1,-1
172,63,1001.914,0.003,36.625,68.979,0.808173,-1,-1,-1
172,34,1226.042,0.088,38.104,82.461,0.803484,-1,-1,-1
172,40,337.195,461.702,69.481,155.777,0.777424,-1,-1,-1
172,21,863.508,1.939,39.574,128.603,0.771414,-1,-1,-1
172,62,1146.934,0.000,67.639,87.325,0.769750,-1,-1,-1
172,28,929.473,440.950,75.693,173.991,0.767874,-1,-1,-1
172,7,714.094,0.056,38.908,36.540,0.676456,-1,-1,-1
172,36,1800.881,0.000,36.372,16.083,0.629378,-1,-1,-1
172,56,431.204,483.634,76.996,134.685,0.296757,-1,-1,-1
173,9,1740.163,221.412,71.202,170.923,0.885826,-1,-1,-1
173,31,1801.984,476.921,94.604,195.369,0.882385,-1,-1,-1
173,54,1245.568,430.176,74.706,167.137,0.880605,-1,-1,-1
173,42,1549.435,175.771,60.236,151.064,0.879258,-1,-1,-1
173,13,1159.624,362.998,62.057,130.033,0.875289,-1,-1,-1
173,12,521.454,722.295,94.049,176.474,0.874295,-1,-1,-1
173,20,1059.094,274.157,63.214,155.166,0.874173,-1,-1,-1
173,33,441.947,19.498,57.092,102.753,0.871926,-1,-1,-1
173,15,920.882,591.219,79.562,179.708,0.869141,-1,-1,-1
173,22,906.436,183.593,53.890,145.283,0.866512,-1,-1,-1
173,30,514.858,507.962,71.932,212.041,0.864054,-1,-1,-1
173,14,1822.941,124.956,46.791,124.221,0.863876,-1,-1,-1
173,43,205.785,33.042,62.815,126.247,0.863405,-1,-1,-1
173,60,932.653,0.000,55.045,75.289,0.860746,-1,-1,-1
173,2,713.227,42.580,52.114,126.574,0.858007,-1,-1,-1
173,50,1037.068,416.261,49.535,145.099,0.856837,-1,-1,-1
173,19,1768.178,129.723,56.255,125.213,0.855048,-1,-1,-1
173,23,1165.758,117.274,48.405,116.763,0.854447,-1,-1,-1
173,55,689.101,521.903,95.682,184.956,0.852151,-1,-1,-1
173,53,181.870,847.845,102.932,214.076,0.851031,-1,-1,-1
173,49,71.123,108.151,46.747,121.999,0.845210,-1,-1,-1
173,24,1383.080,22.659,38.543,134.954,0.838373,-1,-1,-1
173,16,819.188,1.980,38.916,129.216,0.831791,-1,-1,-1
173,8,675.826,103.369,50.367,143.199,0.824773,-1,-1,-1
173,38,382.333,452.119,124.514,191.230,0.819857,-1,-1,-1
173,64,1491.016,0.116,67.820,39.864,0.806418,-1,-1,-1
173,66,0.000,577.393,60.057,181.774,0.795331,-1,-1,-1
173,21,863.014,1.646,38.739,128.820,0.784055,-1,-1,-1
173,63,1004.231,0.031,34.220,72.016,0.781160,-1,-1,-1
173,40,336.993,461.313,70.446,156.163,0.774461,-1,-1,-1
173,62,1152.313,0.000,58.839,86.569,0.773130,-1,-1,-1
173,28,941.165,445.396,63.875,166.627,0.754640,-1,-1,-1
173,34,1224.511,0.098,39.117,81.127,0.750461,-1,-1,-1
173,7,717.198,0.007,34.329,36.627,0.670796,-1,-1,-1
173,36,1800.793,0.000,36.620,16.140,0.631642,-1,-1,-1
174,54,1245.518,428.022,74.720,162.961,0.888946,-1,-1,-1
174,31,1802.546,479.860,96.350,191.784,0.888308,-1,-1,-1
174,9,1740.791,225.484,71.811,166.042,0.885699,-1,-1,-1
174,42,1548.892,174.130,60.755,151.517,0.879327,-1,-1,-1
174,13,1160.816,365.270,60.888,128.189,0.876409,-1,-1,-1
174,15,922.197,594.039,79.201,177.197,0.873276,-1,-1,-1
174,20,1058.713,272.299,63.005,156.760,0.868357,-1,-1,-1
174,55,702.161,519.790,82.496,178.499,0.867388,-1,-1,-1
174,12,521.546,726.901,95.151,182.297,0.867302,-1,-1,-1
174,14,1823.429,126.035,46.533,123.363,0.866411,-1,-1,-1
174,33,445.438,19.042,53.750,102.819,0.866354,-1,-1,-1
174,30,513.594,511.596,72.535,209.818,0.864767,-1,-1,-1
174,22,906.114,184.900,53.734,143.968,0.864472,-1,-1,-1
174,2,713.139,42.168,53.301,126.253,0.862865,-1,-1,-1
174,60,933.055,0.000,54.222,75.437,0.862550,-1,-1,-1
174,53,183.051,851.946,102.924,211.162,0.861431,-1,-1,-1
174,23,1165.407,116.173,50.473,117.288,0.861313,-1,-1,-1
174,43,204.936,34.406,62.838,126.769,0.859619,-1,-1,-1
174,19,1769.184,130.419,55.101,122.715,0.859550,-1,-1,-1
174,50,1037.286,412.742,49.441,143.222,0.856539,-1,-1,-1
174,49,70.426,107.808,47.333,122.273,0.843774,-1,-1,-1
174,24,1382.859,22.811,38.666,134.674,0.838130,-1,-1,-1
174,16,819.146,1.326,38.644,128.284,0.831713,-1,-1,-1
174,8,675.979,102.177,50.040,143.616,0.822568,-1,-1,-1
174,38,381.458,452.476,126.280,190.751,0.819877,-1,-1,-1
174,66,0.000,582.204,63.169,180.800,0.809417,-1,-1,-1
174,21,861.734,1.338,39.932,128.913,0.793035,-1,-1,-1
174,64,1498.636,0.051,60.916,40.177,0.790039,-1,-1,-1
174,34,1223.908,0.140,38.511,80.853,0.777618,-1,-1,-1
174,40,336.789,461.336,70.292,156.036,0.776230,-1,-1,-1
174,28,938.807,447.342,66.105,179.007,0.772715,-1,-1,-1
174,63,1003.981,0.051,34.502,73.037,0.770922,-1,-1,-1
174,62,1145.469,0.000,70.202,86.754,0.768186,-1,-1,-1
174,7,717.679,0.012,34.329,36.155,0.680977,-1,-1,-1
174,36,1800.797,0.000,37.055,15.914,0.624958,-1,-1,-1
174,56,417.509,477.443,90.298,142.400,0.387388,-1,-1,-1
175,31,1803.229,483.214,97.346,189.572,0.893596,-1,-1,-1
175,9,1741.537,228.402,72.150,163.520,0.889044,-1,-1,-1
175,54,1247.097,424.885,73.138,165.603,0.887084,-1,-1,-1
175,15,922.828,596.434,79.152,174.818,0.883870,-1,-1,-1
175,42,1548.082,172.534,60.874,151.492,0.881385,-1,-1,-1
175,53,184.887,855.537,101.738,207.138,0.877950,-1,-1,-1
175,13,1161.929,368.097,59.877,130.906,0.874233,-1,-1,-1
175,12,521.645,731.490,95.148,186.192,0.870539,-1,-1,-1
175,55,701.641,517.244,81.849,177.889,0.869978,-1,-1,-1
175,14,1823.968,126.991,46.819,121.857,0.869640,-1,-1,-1
175,30,512.808,514.985,73.910,206.432,0.867885,-1,-1,-1
175,22,905.958,186.015,53.639,142.942,0.865969,-1,-1,-1
175,50,1036.924,410.903,50.306,143.110,0.865765,-1,-1,-1
175,60,934.238,0.000,53.079,75.394,0.865688,-1,-1,-1
175,20,1058.435,270.050,62.514,156.696,0.864843,-1,-1,-1
175,19,1769.947,130.974,55.082,121.516,0.864275,-1,-1,-1
175,23,1165.263,115.284,50.935,117.410,0.862865,-1,-1,-1
175,43,204.482,35.560,62.152,126.801,0.861214,-1,-1,-1
175,2,713.322,41.358,53.485,127.796,0.857200,-1,-1,-1
175,66,0.000,592.411,63.736,177.101,0.856770,-1,-1,-1
175,33,449.862,19.033,49.042,102.454,0.855726,-1,-1,-1
175,49,70.104,104.753,47.360,124.969,0.839509,-1,-1,-1
175,24,1382.826,22.773,38.668,134.795,0.838075,-1,-1,-1
175,16,819.170,0.880,38.608,127.488,0.830994,-1,-1,-1
175,38,381.114,452.466,84.972,190.734,0.827457,-1,-1,-1
175,8,676.210,100.861,49.846,142.849,0.814751,-1,-1,-1
175,64,1507.783,0.053,51.749,40.020,0.804193,-1,-1,-1
175,34,1223.257,0.064,38.722,81.133,0.783108,-1,-1,-1
175,28,930.029,450.765,77.571,185.429,0.777925,-1,-1,-1
175,21,862.042,0.767,39.650,129.160,0.775713,-1,-1,-1
175,63,1002.159,0.000,36.170,73.873,0.774000,-1,-1,-1
175,40,336.993,461.372,69.527,155.801,0.773381,-1,-1,-1
175,62,1152.398,0.000,63.378,86.304,0.754095,-1,-1,-1
175,7,716.445,0.000,35.528,34.942,0.696696,-1,-1,-1
175,36,1800.829,0.000,36.782,15.959,0.628957,-1,-1,-1
175,56,440.144,485.158,67.633,134.673,0.503974,-1,-1,-1
175,68,1907.425,0.612,12.575,62.305,0.402369,-1,-1,-1
176,31,1804.961,486.988,97.585,185.161,0.895472,-1,-1,-1
176,9,1742.259,232.626,72.288,159.763,0.891058,-1,-1,-1
176,54,1247.829,422.706,72.230,167.916,0.887591,-1,-1,-1
176,15,923.350,598.647,81.520,171.908,0.886466,-1,-1,-1
176,42,1547.957,170.907,60.228,151.297,0.881553,-1,-1,-1
176,53,186.015,858.979,101.052,204.095,0.875335,-1,-1,-1
176,13,1161.978,371.060,59.897,136.271,0.874581,-1,-1,-1
176,12,522.199,734.817,95.530,184.452,0.872149,-1,-1,-1
176,14,1823.880,128.339,47.650,123.495,0.871871,-1,-1,-1
176,22,905.654,186.730,53.455,142.039,0.867652,-1,-1,-1
176,20,1058.655,267.779,61.689,155.482,0.866108,-1,-1,-1
176,30,512.425,514.442,73.839,207.242,0.865821,-1,-1,-1
176,43,204.045,36.675,63.701,126.820,0.863827,-1,-1,-1
176,2,713.860,40.542,53.645,127.742,0.863121,-1,-1,-1
176,50,1036.182,408.327,50.805,145.834,0.862098,-1,-1,-1
176,60,935.929,0.000,51.137,75.366,0.861013,-1,-1,-1
176,19,1770.875,131.437,54.266,121.330,0.860742,-1,-1,-1
176,23,1165.211,114.121,50.276,118.176,0.859311,-1,-1,-1
176,33,456.455,18.699,42.703,102.348,0.852288,-1,-1,-1
176,55,688.035,514.753,94.113,179.373,0.843322,-1,-1,-1
176,49,69.938,106.811,47.397,122.874,0.842431,-1,-1,-1
176,24,1382.854,22.761,38.441,134.806,0.839165,-1,-1,-1
176,66,0.000,598.351,66.420,173.878,0.830162,-1,-1,-1
176,38,382.572,452.252,103.941,190.994,0.826574,-1,-1,-1
176,16,819.143,0.246,38.748,126.143,0.826196,-1,-1,-1
176,34,1220.752,0.059,40.703,78.258,0.813993,-1,-1,-1
176,8,676.779,99.447,49.181,133.387,0.804101,-1,-1,-1
176,28,939.114,453.048,67.710,180.245,0.801941,-1,-1,-1
176,63,1001.494,0.000,36.694,74.096,0.798161,-1,-1,-1
176,21,862.424,0.493,39.220,128.915,0.776803,-1,-1,-1
176,40,336.799,461.399,70.456,155.891,0.769370,-1,-1,-1
176,64,1517.020,0.156,44.569,40.141,0.764247,-1,-1,-1
176,62,1143.953,0.000,78.005,86.362,0.734275,-1,-1,-1
176,7,717.870,0.000,34.854,34.004,0.714319,-1,-1,-1
176,56,442.908,485.837,64.875,132.204,0.641178,-1,-1,-1
176,36,1800.690,0.000,36.200,16.180,0.638678,-1,-1,-1
176,68,1907.350,0.926,12.650,62.621,0.350123,-1,-1,-1
177,31,1807.169,489.721,97.375,182.984,0.892823,-1,-1,-1
177,9,1742.660,239.129,72.724,152.722,0.892766,-1,-1,-1
177,54,1248.672,420.902,70.943,169.780,0.891640,-1,-1,-1
177,15,923.631,601.058,82.347,169.501,0.888663,-1,-1,-1
177,42,1547.987,169.439,59.697,149.779,0.879428,-1,-1,-1
177,12,522.777,736.042,96.125,187.929,0.877859,-1,-1,-1
177,13,1162.204,374.833,60.186,139.210,0.876029,-1,-1,-1
177,14,1824.177,129.494,48.715,126.105,0.869728,-1,-1,-1
177,30,511.396,566.762,73.612,155.205,0.867937,-1,-1,-1
177,53,186.825,861.601,99.618,201.583,0.863590,-1,-1,-1
177,22,905.859,187.881,53.049,141.040,0.863465,-1,-1,-1
177,60,937.856,0.000,49.216,76.648,0.862828,-1,-1,-1
177,23,1165.362,112.549,49.924,118.150,0.862087,-1,-1,-1
177,20,1058.620,264.976,61.498,154.128,0.861969,-1,-1,-1
177,50,1035.086,406.631,51.902,147.029,0.861804,-1,-1,-1
177,2,714.664,39.208,53.168,127.779,0.858326,-1,-1,-1
177,19,1772.404,132.038,53.475,121.204,0.857056,-1,-1,-1
177,43,203.877,37.811,60.699,127.388,0.845578,-1,-1,-1
177,49,70.021,109.548,47.227,120.304,0.844546,-1,-1,-1
177,55,688.961,512.245,91.278,182.160,0.842663,-1,-1,-1
177,24,1382.824,22.761,38.468,134.801,0.839946,-1,-1,-1
177,33,461.629,18.390,37.542,102.571,0.837678,-1,-1,-1
177,38,382.206,452.686,83.395,190.391,0.825351,-1,-1,-1
177,8,678.122,96.294,47.970,142.157,0.823482,-1,-1,-1
177,34,1220.053,0.086,40.578,78.289,0.822905,-1,-1,-1
177,16,819.172,0.818,38.734,125.413,0.821550,-1,-1,-1
177,28,934.943,456.910,71.291,180.633,0.811876,-1,-1,-1
177,66,0.000,598.157,69.596,177.331,0.809316,-1,-1,-1
177,63,1001.470,0.000,36.677,74.384,0.800460,-1,-1,-1
177,21,863.144,0.000,38.335,127.707,0.782638,-1,-1,-1
177,40,336.822,461.343,70.320,155.869,0.760713,-1,-1,-1
177,64,1525.762,0.056,41.786,39.685,0.740415,-1,-1,-1
177,62,1143.446,0.000,77.848,86.568,0.739805,-1,-1,-1
177,7,717.446,0.017,35.495,32.356,0.705968,-1,-1,-1
177,36,1800.674,0.000,36.273,16.176,0.640762,-1,-1,-1
177,56,448.626,484.892,59.199,134.801,0.615564,-1,-1,-1
177,68,1907.698,0.996,12.302,63.154,0.253545,-1,-1,-1
178,9,1744.411,238.957,73.138,159.990,0.893281,-1,-1,-1
178,15,924.359,605.403,81.935,167.316,0.887428,-1,-1,-1
178,54,1249.530,417.410,69.690,173.168,0.884831,-1,-1,-1
178,31,1808.525,493.823,98.997,180.028,0.884821,-1,-1,-1
178,55,690.574,507.969,84.277,187.446,0.877757,-1,-1,-1
178,12,524.581,741.499,95.924,191.304,0.876859,-1,-1,-1
178,42,1547.897,165.748,59.204,143.006,0.873526,-1,-1,-1
178,13,1165.764,381.666,57.339,139.769,0.871364,-1,-1,-1
178,30,509.792,570.961,76.188,150.671,0.868737,-1,-1,-1
178,14,1824.678,132.203,50.643,127.417,0.867585,-1,-1,-1
178,53,189.087,867.953,98.503,192.062,0.865177,-1,-1,-1
178,23,1164.787,108.846,53.534,115.777,0.863894,-1,-1,-1
178,20,1058.081,260.113,62.169,147.413,0.863136,-1,-1,-1
178,50,1033.609,403.837,53.277,149.447,0.861931,-1,-1,-1
178,2,716.168,36.894,52.366,127.727,0.860357,-1,-1,-1
178,60,940.479,0.000,47.323,83.252,0.852049,-1,-1,-1
178,19,1776.378,133.291,51.288,124.669,0.849037,-1,-1,-1
178,43,202.982,39.605,60.653,126.737,0.848925,-1,-1,-1
178,22,905.329,191.426,52.846,139.901,0.845765,-1,-1,-1
178,49,68.503,105.131,48.709,125.272,0.840605,-1,-1,-1
178,66,0.000,608.574,73.423,172.158,0.840159,-1,-1,-1
178,24,1382.863,22.836,38.388,134.725,0.838259,-1,-1,-1
178,38,380.129,453.540,84.966,189.637,0.831844,-1,-1,-1
178,8,678.913,91.794,47.657,138.824,0.830275,-1,-1,-1
178,16,819.031,0.000,38.785,121.786,0.829005,-1,-1,-1
178,21,863.141,0.096,38.357,125.233,0.814552,-1,-1,-1
178,33,466.193,17.811,33.971,104.499,0.812165,-1,-1,-1
178,34,1219.079,0.068,40.310,78.415,0.811873,-1,-1,-1
178,28,941.083,465.188,68.743,183.725,0.803450,-1,-1,-1
178,63,1001.087,0.013,37.727,74.588,0.797580,-1,-1,-1
178,40,336.731,461.023,70.551,156.365,0.754570,-1,-1,-1
178,7,720.481,0.000,32.523,26.096,0.736714,-1,-1,-1
178,64,1533.545,0.144,46.381,40.069,0.731016,-1,-1,-1
178,62,1142.020,0.000,74.887,86.315,0.721891,-1,-1,-1
178,36,1800.632,0.000,36.563,16.131,0.631749,-1,-1,-1
178,56,440.169,485.390,67.783,133.336,0.548956,-1,-1,-1
178,27,1182.564,0.000,35.743,57.596,0.495027,-1,-1,-1
178,68,1907.073,1.111,12.927,61.151,0.356806,-1,-1,-1
179,9,1744.371,239.709,73.797,165.485,0.894341,-1,-1,-1
179,54,1250.378,415.031,68.660,173.771,0.890501,-1,-1,-1
179,55,690.776,504.701,82.943,190.367,0.882330,-1,-1,-1
179,15,923.696,608.875,83.901,175.171,0.879833,-1,-1,-1
179,31,1811.659,496.247,97.478,178.219,0.877441,-1,-1,-1
179,13,1166.205,384.760,58.019,139.976,0.876262,-1,-1,-1
179,12,524.810,745.177,97.490,188.483,0.874970,-1,-1,-1
179,42,1548.492,163.391,58.163,140.885,0.869509,-1,-1,-1
179,14,1824.721,133.251,51.517,127.761,0.865884,-1,-1,-1
179,20,1058.611,257.134,61.755,144.493,0.865555,-1,-1,-1
179,23,1165.344,106.718,50.217,113.808,0.865236,-1,-1,-1
179,30,508.220,573.708,78.954,148.136,0.865070,-1,-1,-1
179,50,1033.007,402.283,54.073,150.827,0.863573,-1,-1,-1
179,2,716.893,35.230,51.809,127.861,0.862464,-1,-1,-1
179,60,938.786,0.000,49.659,85.586,0.859895,-1,-1,-1
179,33,469.455,18.007,37.285,104.760,0.855684,-1,-1,-1
179,66,0.000,612.605,75.985,169.277,0.854001,-1,-1,-1
179,53,190.371,874.096,103.222,186.305,0.853405,-1,-1,-1
179,19,1778.048,134.211,49.091,123.252,0.852311,-1,-1,-1
179,22,902.798,193.323,55.144,144.551,0.851430,-1,-1,-1
179,43,202.905,40.553,60.332,126.688,0.849789,-1,-1,-1
179,49,68.545,109.314,48.668,122.320,0.844833,-1,-1,-1
179,24,1382.883,22.927,38.272,134.639,0.840100,-1,-1,-1
179,16,819.172,0.000,38.896,121.836,0.830581,-1,-1,-1
179,8,679.215,89.770,47.481,136.893,0.827484,-1,-1,-1
179,38,380.392,453.631,84.912,189.597,0.823781,-1,-1,-1
179,21,863.165,0.000,38.039,121.082,0.823766,-1,-1,-1
179,28,944.262,468.025,65.781,182.401,0.820938,-1,-1,-1
179,34,1219.364,0.078,39.665,78.359,0.814928,-1,-1,-1
179,63,1001.631,0.000,37.169,74.511,0.811821,-1,-1,-1
179,64,1533.298,0.077,55.199,40.712,0.766208,-1,-1,-1
179,40,336.642,460.918,70.118,156.388,0.761311,-1,-1,-1
179,7,722.625,0.000,30.772,22.866,0.731523,-1,-1,-1
179,62,1141.652,0.000,77.322,86.595,0.723540,-1,-1,-1
179,36,1800.866,0.000,36.997,15.946,0.626589,-1,-1,-1
179,56,447.644,483.711,60.809,135.313,0.559694,-1,-1,-1
179,68,1907.013,0.057,12.987,62.543,0.423354,-1,-1,-1
180,15,923.759,612.610,84.405,181.339,0.893838,-1,-1,-1
180,12,525.530,749.552,97.567,184.530,0.885301,-1,-1,-1
180,31,1818.130,498.969,91.398,174.596,0.883673,-1,-1,-1
180,9,1746.161,249.516,73.125,160.513,0.882670,-1,-1,-1
180,54,1250.737,412.218,68.792,172.519,0.882621,-1,-1,-1
180,55,690.819,503.067,83.765,191.593,0.877627,-1,-1,-1
180,13,1164.278,387.074,62.166,139.696,0.875323,-1,-1,-1
180,42,1548.745,161.125,58.149,140.245,0.870224,-1,-1,-1
180,20,1058.782,254.363,61.632,142.610,0.869504,-1,-1,-1
180,14,1824.916,134.519,52.577,127.969,0.867423,-1,-1,-1
180,30,507.548,577.022,80.589,147.931,0.866118,-1,-1,-1
180,23,1165.269,105.406,50.771,112.217,0.865140,-1,-1,-1
180,60,939.254,0.063,50.090,86.995,0.860490,-1,-1,-1
180,53,192.169,877.758,107.920,198.518,0.859258,-1,-1,-1
180,33,473.955,18.166,41.655,104.067,0.858514,-1,-1,-1
180,2,717.733,33.975,50.294,119.391,0.855973,-1,-1,-1
180,43,202.326,41.029,60.032,125.885,0.855414,-1,-1,-1
180,19,1780.740,135.037,47.904,122.726,0.853770,-1,-1,-1
180,66,0.000,614.212,77.981,168.728,0.852428,-1,-1,-1
180,22,902.740,195.187,55.416,149.234,0.850672,-1,-1,-1
180,49,68.504,112.450,48.751,120.423,0.850075,-1,-1,-1
180,50,1033.258,400.392,52.909,152.333,0.850036,-1,-1,-1
180,24,1382.936,23.119,38.139,134.416,0.841049,-1,-1,-1
180,64,1533.389,0.035,53.813,40.349,0.835583,-1,-1,-1
180,16,819.364,0.000,38.971,122.357,0.833414,-1,-1,-1
180,8,678.921,87.772,48.203,135.954,0.830928,-1,-1,-1
180,34,1219.369,0.098,38.989,78.205,0.822237,-1,-1,-1
180,38,379.608,453.960,86.025,189.209,0.822186,-1,-1,-1
180,21,863.314,0.000,38.314,118.051,0.821562,-1,-1,-1
180,28,942.437,471.770,68.353,181.115,0.812525,-1,-1,-1
180,63,1002.050,0.000,36.643,74.611,0.806156,-1,-1,-1
180,40,336.700,461.182,69.863,156.115,0.769142,-1,-1,-1
180,62,1141.268,0.000,60.070,86.199,0.698000,-1,-1,-1
180,7,721.700,0.000,31.529,21.350,0.688782,-1,-1,-1
180,36,1800.979,0.000,36.413,15.882,0.632692,-1,-1,-1
180,27,1181.471,0.000,38.718,57.219,0.580326,-1,-1,-1
180,56,449.890,485.044,58.566,133.034,0.546724,-1,-1,-1
180,68,1907.326,0.059,12.674,62.156,0.408010,-1,-1,-1
181,15,923.727,616.528,84.897,185.489,0.888219,-1,-1,-1
181,31,1819.377,502.242,91.527,172.403,0.884504,-1,-1,-1
181,12,526.102,753.136,98.332,181.352,0.884019,-1,-1,-1
181,54,1251.534,408.534,68.657,173.902,0.883689,-1,-1,-1
181,9,1747.039,250.502,72.689,163.495,0.881716,-1,-1,-1
181,13,1164.016,389.390,65.167,137.330,0.877019,-1,-1,-1
181,42,1549.224,159.289,57.705,142.245,0.873762,-1,-1,-1
181,33,476.503,18.513,47.709,103.014,0.869245,-1,-1,-1
181,55,690.679,502.171,82.065,191.457,0.868985,-1,-1,-1
181,20,1058.811,252.156,61.763,143.056,0.866172,-1,-1,-1
181,30,506.332,579.730,83.823,155.536,0.864612,-1,-1,-1
181,14,1825.080,135.921,53.410,127.426,0.863322,-1,-1,-1
181,2,718.116,31.461,49.598,117.295,0.862360,-1,-1,-1
181,23,1166.409,103.580,48.673,111.604,0.859052,-1,-1,-1
181,22,902.821,197.276,55.345,150.937,0.856700,-1,-1,-1
181,60,940.160,0.047,49.520,87.679,0.856360,-1,-1,-1
181,50,1032.015,397.323,54.585,153.774,0.853680,-1,-1,-1
181,19,1782.821,135.657,46.207,121.128,0.851550,-1,-1,-1
181,53,192.136,881.116,118.472,198.884,0.851249,-1,-1,-1
181,43,201.717,41.232,60.467,125.395,0.851178,-1,-1,-1
181,49,67.855,112.463,49.237,121.490,0.848592,-1,-1,-1
181,66,0.000,616.184,80.430,166.569,0.845917,-1,-1,-1
181,64,1533.562,0.052,64.318,40.185,0.843256,-1,-1,-1
181,24,1383.096,22.942,37.955,134.597,0.842161,-1,-1,-1
181,16,819.763,0.000,39.120,121.772,0.835793,-1,-1,-1
181,38,379.906,453.946,86.319,189.298,0.827857,-1,-1,-1
181,34,1219.234,0.112,38.393,78.021,0.824157,-1,-1,-1
181,21,863.415,0.000,38.375,115.333,0.823820,-1,-1,-1
181,8,679.423,86.043,47.993,135.451,0.820625,-1,-1,-1
181,63,1002.496,0.000,36.412,75.368,0.793739,-1,-1,-1
181,28,941.698,474.422,72.153,182.535,0.768761,-1,-1,-1
181,40,336.696,460.868,69.175,156.264,0.763155,-1,-1,-1
181,7,722.508,0.000,31.075,20.663,0.688882,-1,-1,-1
181,62,1140.886,0.000,59.730,86.431,0.676596,-1,-1,-1
181,36,1800.923,0.000,36.865,15.911,0.626356,-1,-1,-1
181,27,1182.203,0.000,37.852,56.949,0.590931,-1,-1,-1
181,56,449.505,484.259,58.763,133.886,0.480459,-1,-1,-1
181,68,1907.400,0.065,12.600,61.489,0.413663,-1,-1,-1
182,31,1821.708,505.774,92.819,181.887,0.889474,-1,-1,-1
182,15,922.330,620.634,87.080,186.884,0.886149,-1,-1,-1
182,12,526.719,756.456,99.264,176.811,0.883238,-1,-1,-1
182,13,1167.270,391.112,61.237,135.632,0.880866,-1,-1,-1
182,54,1252.447,404.488,69.044,172.441,0.880638,-1,-1,-1
182,9,1747.144,252.073,72.607,164.721,0.874202,-1,-1,-1
182,33,477.088,19.142,53.651,101.979,0.873801,-1,-1,-1
182,42,1548.938,157.957,57.604,142.538,0.872538,-1,-1,-1
182,20,1059.120,250.343,61.421,144.639,0.869963,-1,-1,-1
182,30,504.149,582.976,87.551,162.012,0.867658,-1,-1,-1
182,55,690.542,498.228,79.842,194.770,0.864811,-1,-1,-1
182,14,1825.135,137.068,54.638,128.597,0.861849,-1,-1,-1
182,2,718.262,29.428,48.883,122.060,0.861625,-1,-1,-1
182,49,67.312,114.581,49.773,120.235,0.857994,-1,-1,-1
182,23,1168.263,102.001,47.810,111.924,0.857482,-1,-1,-1
182,53,193.219,888.704,117.930,191.268,0.855300,-1,-1,-1
182,43,201.774,41.646,60.867,125.339,0.855192,-1,-1,-1
182,22,902.269,199.324,56.071,150.662,0.854459,-1,-1,-1
182,60,940.792,0.058,49.157,88.828,0.852619,-1,-1,-1
182,50,1031.695,395.649,54.172,153.402,0.851396,-1,-1,-1
182,19,1783.360,136.608,45.949,120.710,0.850750,-1,-1,-1
182,64,1533.652,0.135,73.018,39.885,0.847439,-1,-1,-1
182,24,1383.159,23.000,37.894,134.521,0.842829,-1,-1,-1
182,16,820.042,0.000,39.110,121.599,0.839271,-1,-1,-1
182,34,1219.189,0.175,36.705,77.820,0.833471,-1,-1,-1
182,66,0.000,617.453,81.747,164.908,0.829495,-1,-1,-1
182,38,379.812,454.279,86.319,188.873,0.828228,-1,-1,-1
182,21,863.298,0.000,37.924,115.386,0.826386,-1,-1,-1
182,8,680.134,84.592,46.983,135.845,0.825451,-1,-1,-1
182,63,1002.322,0.000,36.621,77.777,0.807494,-1,-1,-1
182,28,945.533,477.140,72.972,182.427,0.796256,-1,-1,-1
182,40,336.743,460.946,69.107,155.879,0.766144,-1,-1,-1
182,62,1140.180,0.000,59.888,86.178,0.701328,-1,-1,-1
182,7,723.284,0.000,30.312,20.413,0.684616,-1,-1,-1
182,36,1800.917,0.000,36.871,15.921,0.629919,-1,-1,-1
182,27,1179.324,0.000,40.232,58.733,0.593999,-1,-1,-1
182,56,438.897,485.077,69.819,133.058,0.538165,-1,-1,-1
182,68,1907.476,0.069,12.524,61.376,0.384119,-1,-1,-1
183,31,1823.328,513.699,93.356,193.462,0.893786,-1,-1,-1
183,15,921.119,628.521,88.406,189.944,0.891270,-1,-1,-1
183,54,1251.649,396.208,69.667,165.082,0.884398,-1,-1,-1
183,13,1165.614,394.093,66.770,132.843,0.882341,-1,-1,-1
183,20,1059.058,247.168,62.731,147.608,0.877935,-1,-1,-1
183,12,526.642,763.680,99.872,170.597,0.876540,-1,-1,-1
183,14,1826.126,138.742,57.621,128.482,0.873744,-1,-1,-1
183,9,1747.628,254.775,73.373,166.112,0.873132,-1,-1,-1
183,60,940.665,0.156,51.206,89.746,0.870524,-1,-1,-1
183,42,1548.084,155.146,57.129,144.402,0.870055,-1,-1,-1
183,50,1030.989,389.692,53.445,149.367,0.868293,-1,-1,-1
183,30,503.255,590.417,84.686,169.280,0.864526,-1,-1,-1
183,33,479.802,19.236,57.588,101.048,0.863491,-1,-1,-1
183,55,691.698,489.718,76.511,197.279,0.862540,-1,-1,-1
183,22,901.643,203.359,56.719,150.895,0.859700,-1,-1,-1
183,49,65.665,114.037,51.474,121.809,0.857964,-1,-1,-1
183,53,199.211,898.772,120.646,180.995,0.857682,-1,-1,-1
183,43,200.725,42.421,61.400,124.335,0.857273,-1,-1,-1
183,23,1172.491,100.486,42.750,112.941,0.856211,-1,-1,-1
183,64,1534.745,0.043,79.716,39.779,0.855334,-1,-1,-1
183,19,1783.695,137.770,46.856,119.177,0.855059,-1,-1,-1
183,2,718.417,26.205,45.887,120.201,0.853754,-1,-1,-1
183,21,863.271,0.000,38.408,114.653,0.845861,-1,-1,-1
183,16,820.661,0.000,38.786,120.733,0.842892,-1,-1,-1
183,24,1383.122,22.718,37.971,134.612,0.841961,-1,-1,-1
183,66,0.170,620.496,89.138,162.109,0.840500,-1,-1,-1
183,8,679.927,81.873,48.308,138.402,0.828721,-1,-1,-1
183,63,1002.126,0.073,36.904,83.629,0.826906,-1,-1,-1
183,38,379.726,454.600,86.590,188.419,0.822480,-1,-1,-1
183,34,1218.679,0.095,36.927,77.666,0.821268,-1,-1,-1
183,28,942.850,481.206,74.113,180.966,0.769811,-1,-1,-1
183,40,336.763,460.666,69.546,156.070,0.764629,-1,-1,-1
183,62,1138.810,0.000,60.456,86.707,0.747704,-1,-1,-1
183,27,1178.765,0.000,40.419,58.182,0.661485,-1,-1,-1
183,36,1801.022,0.000,37.162,15.687,0.617025,-1,-1,-1
183,7,726.922,0.000,28.397,20.183,0.538268,-1,-1,-1
183,56,449.325,483.907,59.318,133.948,0.533596,-1,-1,-1
183,68,1908.497,0.048,11.503,62.166,0.290761,-1,-1,-1
184,31,1823.920,519.109,94.132,189.010,0.893116,-1,-1,-1
184,54,1250.562,392.231,70.525,160.438,0.885362,-1,-1,-1
184,13,1165.852,396.212,65.411,130.903,0.885265,-1,-1,-1
184,15,920.526,632.792,89.014,188.322,0.884871,-1,-1,-1
184,14,1826.932,139.254,58.320,128.184,0.879170,-1,-1,-1
184,20,1059.424,246.270,62.557,148.866,0.874983,-1,-1,-1
184,42,1546.938,154.091,57.440,145.876,0.870169,-1,-1,-1
184,22,901.484,205.090,57.118,151.502,0.870104,-1,-1,-1
184,12,526.338,764.352,99.362,170.806,0.869885,-1,-1,-1
184,50,1031.281,385.868,53.642,146.495,0.867817,-1,-1,-1
184,55,692.133,490.289,74.710,193.508,0.867639,-1,-1,-1
184,66,0.158,623.164,90.040,159.421,0.867254,-1,-1,-1
184,30,502.551,593.769,86.889,170.431,0.866587,-1,-1,-1
184,60,941.046,0.141,50.618,89.445,0.866046,-1,-1,-1
184,9,1747.476,252.540,73.358,168.864,0.865455,-1,-1,-1
184,33,481.290,19.368,57.928,100.505,0.862788,-1,-1,-1
184,49,64.940,115.240,52.045,120.852,0.859368,-1,-1,-1
184,64,1534.933,0.202,81.259,40.459,0.856785,-1,-1,-1
184,23,1174.689,100.119,40.820,113.088,0.856593,-1,-1,-1
184,43,200.094,42.896,60.539,123.864,0.854075,-1,-1,-1
184,19,1783.506,138.515,47.782,121.916,0.852726,-1,-1,-1
184,53,201.084,907.080,115.543,172.720,0.851503,-1,-1,-1
184,2,718.500,24.594,45.086,121.438,0.848580,-1,-1,-1
184,21,863.762,0.000,38.301,114.045,0.844014,-1,-1,-1
184,24,1383.138,22.723,37.903,134.614,0.843134,-1,-1,-1
184,16,821.006,0.000,38.362,121.304,0.841583,-1,-1,-1
184,63,1002.308,0.209,36.687,84.677,0.836542,-1,-1,-1
184,8,679.969,80.962,48.484,139.635,0.832438,-1,-1,-1
184,38,379.714,454.487,87.073,188.538,0.828262,-1,-1,-1
184,34,1218.587,0.117,35.789,77.513,0.822337,-1,-1,-1
184,28,942.039,481.853,76.471,180.606,0.821094,-1,-1,-1
184,40,336.490,460.685,69.271,156.103,0.769089,-1,-1,-1
184,62,1138.213,0.000,59.524,86.817,0.694053,-1,-1,-1
184,27,1178.180,0.000,40.165,60.365,0.641857,-1,-1,-1
184,36,1801.042,0.000,37.418,15.636,0.608689,-1,-1,-1
184,7,727.212,0.000,29.649,20.372,0.485183,-1,-1,-1
184,56,449.792,484.290,59.090,133.171,0.419213,-1,-1,-1
185,31,1824.379,523.415,94.033,189.235,0.899721,-1,-1,-1
185,13,1165.331,398.340,67.041,128.376,0.887932,-1,-1,-1
185,12,526.407,768.523,97.941,180.070,0.884333,-1,-1,-1
185,54,1249.786,388.392,71.553,159.364,0.884332,-1,-1,-1
185,14,1828.383,140.268,57.761,127.476,0.879792,-1,-1,-1
185,15,920.640,635.481,88.946,187.823,0.877475,-1,-1,-1
185,20,1059.792,244.924,62.359,150.601,0.876257,-1,-1,-1
185,30,502.296,597.934,84.000,169.729,0.873411,-1,-1,-1
185,50,1030.694,382.272,54.065,143.156,0.873038,-1,-1,-1
185,66,0.263,625.762,94.832,157.660,0.870545,-1,-1,-1
185,22,901.592,206.346,57.153,150.653,0.870201,-1,-1,-1
185,42,1546.321,153.467,56.854,146.186,0.869026,-1,-1,-1
185,33,482.961,19.079,56.775,100.851,0.864880,-1,-1,-1
185,49,64.986,116.076,51.987,120.876,0.861235,-1,-1,-1
185,64,1539.824,0.139,77.035,40.802,0.860289,-1,-1,-1
185,23,1175.803,99.708,39.742,113.604,0.859184,-1,-1,-1
185,43,200.081,44.344,60.784,123.608,0.855405,-1,-1,-1
185,55,691.705,486.472,74.738,192.588,0.853724,-1,-1,-1
185,19,1783.801,139.775,48.352,123.667,0.852194,-1,-1,-1
185,60,941.525,0.094,49.558,89.381,0.845449,-1,-1,-1
185,53,205.097,910.409,102.104,169.241,0.843792,-1,-1,-1
185,24,1383.141,22.742,37.887,134.565,0.842474,-1,-1,-1
185,16,821.390,0.000,38.189,121.167,0.840533,-1,-1,-1
185,2,718.997,23.521,43.161,122.242,0.837733,-1,-1,-1
185,21,864.086,0.000,38.796,114.092,0.834832,-1,-1,-1
185,8,678.666,80.198,50.296,139.913,0.834294,-1,-1,-1
185,63,1002.338,0.253,36.762,86.101,0.829798,-1,-1,-1
185,38,379.457,454.526,86.396,188.424,0.828795,-1,-1,-1
185,34,1218.115,0.128,36.095,77.464,0.815621,-1,-1,-1
185,28,945.418,485.200,74.730,177.634,0.791258,-1,-1,-1
185,9,1746.821,254.328,74.271,169.691,0.790232,-1,-1,-1
185,40,336.558,460.746,68.777,155.937,0.770464,-1,-1,-1
185,62,1137.578,0.000,57.908,85.818,0.694733,-1,-1,-1
185,27,1176.234,0.095,40.328,61.988,0.634281,-1,-1,-1
185,36,1801.124,0.000,36.892,15.589,0.614117,-1,-1,-1
185,7,728.139,0.000,30.862,20.013,0.506194,-1,-1,-1
185,56,449.528,484.094,59.092,134.175,0.420140,-1,-1,-1
186,31,1824.375,526.953,94.550,190.575,0.892575,-1,-1,-1
186,13,1163.952,401.718,67.696,132.483,0.888549,-1,-1,-1
186,15,920.043,638.680,88.938,185.103,0.883586,-1,-1,-1
186,54,1249.542,385.056,73.169,160.249,0.881171,-1,-1,-1
186,14,1830.165,140.757,57.038,127.076,0.877445,-1,-1,-1
186,20,1060.568,243.956,61.754,151.645,0.876751,-1,-1,-1
186,66,0.113,629.589,102.081,164.578,0.874620,-1,-1,-1
186,50,1031.044,379.252,52.909,138.758,0.873697,-1,-1,-1
186,12,525.910,771.850,96.689,188.380,0.872900,-1,-1,-1
186,30,502.204,601.039,81.148,168.132,0.872378,-1,-1,-1
186,22,902.067,207.832,56.962,149.243,0.867820,-1,-1,-1
186,55,691.664,483.835,73.368,189.229,0.865818,-1,-1,-1
186,49,63.853,116.297,53.013,120.907,0.865324,-1,-1,-1
186,42,1545.665,152.017,56.544,147.053,0.864273,-1,-1,-1
186,33,484.465,19.392,55.548,101.020,0.862189,-1,-1,-1
186,19,1783.519,140.917,49.978,123.758,0.855799,-1,-1,-1
186,53,205.820,914.617,100.381,165.040,0.855508,-1,-1,-1
186,23,1176.800,99.229,38.803,113.784,0.854030,-1,-1,-1
186,60,940.924,0.083,50.566,89.456,0.853649,-1,-1,-1
186,64,1544.991,0.127,71.665,40.513,0.853541,-1,-1,-1
186,43,199.794,45.236,61.202,125.531,0.850154,-1,-1,-1
186,16,821.751,0.000,38.030,121.041,0.842615,-1,-1,-1
186,24,1382.987,22.644,38.041,134.543,0.841852,-1,-1,-1
186,21,864.057,0.000,40.572,114.181,0.835980,-1,-1,-1
186,2,719.028,22.760,42.192,123.107,0.833131,-1,-1,-1
186,8,679.491,79.185,49.956,140.294,0.833061,-1,-1,-1
186,63,1002.956,0.182,36.374,86.817,0.825407,-1,-1,-1
186,38,379.372,454.758,85.730,188.081,0.822061,-1,-1,-1
186,9,1746.594,256.712,74.953,167.110,0.810870,-1,-1,-1
186,34,1217.630,0.176,36.963,77.383,0.808460,-1,-1,-1
186,28,944.648,486.644,76.701,176.090,0.802137,-1,-1,-1
186,40,336.466,460.756,68.266,155.904,0.775780,-1,-1,-1
186,62,1137.422,0.000,56.537,86.104,0.709930,-1,-1,-1
186,27,1176.306,0.044,39.447,61.718,0.675455,-1,-1,-1
186,36,1801.099,0.000,36.560,15.534,0.625771,-1,-1,-1
186,7,729.190,0.000,29.576,19.081,0.502553,-1,-1,-1
186,56,432.382,481.400,76.551,137.347,0.486673,-1,-1,-1
187,31,1824.920,531.165,94.524,195.398,0.886050,-1,-1,-1
187,13,1163.435,405.075,68.658,137.702,0.885445,-1,-1,-1
187,54,1249.688,382.492,73.300,162.698,0.882958,-1,-1,-1
187,15,919.962,641.552,88.235,181.922,0.882452,-1,-1,-1
187,14,1831.495,140.969,56.895,126.825,0.879498,-1,-1,-1
187,9,1747.295,260.639,74.377,162.288,0.877723,-1,-1,-1
187,20,1061.076,242.297,61.299,152.825,0.876082,-1,-1,-1
187,30,501.356,603.396,79.867,166.259,0.875023,-1,-1,-1
187,12,525.087,776.661,96.333,197.039,0.870449,-1,-1,-1
187,49,60.018,116.346,57.042,120.862,0.869112,-1,-1,-1
187,22,902.132,209.213,56.951,147.881,0.864113,-1,-1,-1
187,66,0.357,633.967,108.130,168.229,0.863989,-1,-1,-1
187,50,1031.580,377.165,51.737,139.159,0.862790,-1,-1,-1
187,33,487.442,18.982,52.506,101.187,0.858976,-1,-1,-1
187,42,1545.516,150.494,54.722,148.146,0.857360,-1,-1,-1
187,19,1783.523,142.363,51.317,123.996,0.855329,-1,-1,-1
187,23,1177.494,97.938,39.332,114.986,0.854812,-1,-1,-1
187,43,199.883,46.292,61.726,127.629,0.854134,-1,-1,-1
187,53,207.707,919.475,103.178,160.198,0.846678,-1,-1,-1
187,16,822.114,0.000,38.069,120.195,0.844303,-1,-1,-1
187,55,690.430,479.483,73.476,184.839,0.843266,-1,-1,-1
187,21,863.796,0.000,41.226,114.001,0.842384,-1,-1,-1
187,24,1382.991,22.599,37.765,134.578,0.842009,-1,-1,-1
187,60,940.699,0.052,49.951,89.661,0.839593,-1,-1,-1
187,64,1550.957,0.085,67.058,40.625,0.838721,-1,-1,-1
187,38,378.737,454.805,87.473,188.045,0.836225,-1,-1,-1
187,2,719.202,22.602,41.476,123.391,0.833922,-1,-1,-1
187,8,679.139,78.146,49.469,140.664,0.832506,-1,-1,-1
187,63,1002.976,0.245,36.225,87.393,0.832206,-1,-1,-1
187,28,943.471,487.257,81.227,175.387,0.830557,-1,-1,-1
187,34,1217.309,0.150,37.365,77.375,0.814548,-1,-1,-1
187,40,336.438,460.597,69.352,156.127,0.771983,-1,-1,-1
187,27,1177.447,0.065,37.477,61.937,0.673540,-1,-1,-1
187,62,1136.985,0.000,55.959,86.086,0.667129,-1,-1,-1
187,36,1800.880,0.000,36.661,15.546,0.620495,-1,-1,-1
187,56,443.532,483.826,65.620,134.296,0.580510,-1,-1,-1
187,7,727.774,0.000,33.587,18.209,0.474781,-1,-1,-1
188,13,1160.831,412.443,71.975,142.995,0.890645,-1,-1,-1
188,15,919.778,647.368,85.555,175.965,0.887674,-1,-1,-1
188,14,1833.846,143.630,56.207,124.592,0.885918,-1,-1,-1
188,66,5.120,641.739,107.481,169.238,0.880117,-1,-1,-1
188,31,1825.297,537.564,94.570,191.304,0.879661,-1,-1,-1
188,30,497.507,608.422,80.423,161.932,0.879268,-1,-1,-1
188,20,1062.462,237.862,60.314,152.179,0.878491,-1,-1,-1
188,54,1250.236,377.956,68.440,166.912,0.878433,-1,-1,-1
188,9,1747.103,264.107,75.483,158.889,0.877910,-1,-1,-1
188,12,522.226,785.861,96.412,202.485,0.868220,-1,-1,-1
188,19,1783.177,144.880,54.200,123.724,0.867006,-1,-1,-1
188,49,58.149,116.026,58.712,121.633,0.863749,-1,-1,-1
188,22,901.898,211.207,57.535,145.543,0.862900,-1,-1,-1
188,60,938.680,0.079,52.608,89.655,0.859465,-1,-1,-1
188,55,686.893,472.093,78.329,173.591,0.859357,-1,-1,-1
188,33,496.490,18.163,44.256,101.696,0.857547,-1,-1,-1
188,53,211.721,926.890,98.924,152.530,0.855646,-1,-1,-1
188,42,1543.863,147.211,54.661,151.203,0.855141,-1,-1,-1
188,43,199.911,49.464,62.186,129.338,0.854700,-1,-1,-1
188,21,863.633,0.000,40.076,113.997,0.851101,-1,-1,-1
188,23,1178.742,95.213,42.851,115.284,0.850374,-1,-1,-1
188,50,1032.072,372.872,50.425,142.715,0.849002,-1,-1,-1
188,63,1003.760,0.225,35.756,87.479,0.845597,-1,-1,-1
188,16,822.590,0.000,38.094,119.247,0.845484,-1,-1,-1
188,28,944.345,490.703,80.564,175.462,0.843996,-1,-1,-1
188,38,378.449,455.282,87.212,187.506,0.842287,-1,-1,-1
188,24,1382.653,22.436,37.928,134.745,0.840126,-1,-1,-1
188,2,718.958,21.542,40.540,123.878,0.835614,-1,-1,-1
188,8,679.526,74.158,48.061,141.515,0.824360,-1,-1,-1
188,34,1217.086,0.190,37.333,77.271,0.804769,-1,-1,-1
188,64,1565.517,0.046,55.261,40.671,0.801994,-1,-1,-1
188,40,336.008,460.739,68.650,155.851,0.782419,-1,-1,-1
188,62,1136.153,0.000,58.046,85.725,0.689377,-1,-1,-1
188,27,1168.523,0.000,46.005,62.189,0.668012,-1,-1,-1
188,56,412.723,455.355,96.569,162.750,0.613344,-1,-1,-1
188,36,1800.561,0.000,37.030,15.616,0.612897,-1,-1,-1
188,68,1905.248,0.000,14.752,58.934,0.544654,-1,-1,-1
188,7,724.854,0.000,34.640,15.536,0.359672,-1,-1,-1
189,13,1160.264,415.696,72.977,144.407,0.895330,-1,-1,-1
189,15,920.136,650.400,84.115,172.797,0.888386,-1,-1,-1
189,31,1825.985,539.913,93.872,191.373,0.887718,-1,-1,-1
189,14,1835.307,144.805,55.302,123.541,0.883955,-1,-1,-1
189,54,1250.150,376.329,68.598,168.195,0.880275,-1,-1,-1
189,9,1747.649,266.434,75.105,156.681,0.878802,-1,-1,-1
189,66,8.330,644.837,105.780,171.656,0.877419,-1,-1,-1
189,30,500.357,610.506,76.555,159.836,0.876307,-1,-1,-1
189,12,520.847,788.779,96.014,202.361,0.869154,-1,-1,-1
189,20,1063.056,236.197,59.650,151.091,0.868618,-1,-1,-1
189,19,1783.220,145.667,55.019,123.903,0.866712,-1,-1,-1
189,60,937.657,0.072,53.415,90.741,0.863717,-1,-1,-1
189,22,901.848,212.545,57.674,144.078,0.862647,-1,-1,-1
189,55,684.995,468.850,80.162,172.792,0.860730,-1,-1,-1
189,49,57.837,116.212,58.829,121.445,0.860554,-1,-1,-1
189,53,214.079,929.791,97.925,149.465,0.855799,-1,-1,-1
189,28,944.968,494.441,80.905,182.944,0.855077,-1,-1,-1
189,33,501.249,17.529,39.319,102.385,0.854947,-1,-1,-1
189,43,199.697,50.615,61.156,129.857,0.854434,-1,-1,-1
189,42,1543.218,145.659,54.469,150.220,0.854427,-1,-1,-1
189,23,1179.908,92.900,42.261,116.092,0.849376,-1,-1,-1
189,21,864.127,0.000,39.544,114.268,0.848864,-1,-1,-1
189,16,822.894,0.000,37.984,118.945,0.845921,-1,-1,-1
189,50,1035.095,371.060,46.733,144.787,0.845915,-1,-1,-1
189,63,1003.955,0.217,35.507,87.803,0.842992,-1,-1,-1
189,38,378.078,455.352,88.475,187.408,0.841780,-1,-1,-1
189,24,1382.703,22.534,37.802,134.527,0.840568,-1,-1,-1
189,2,718.529,20.232,39.963,123.741,0.836038,-1,-1,-1
189,8,679.486,72.035,47.610,141.356,0.835675,-1,-1,-1
189,34,1216.897,0.165,37.812,77.251,0.805505,-1,-1,-1
189,40,335.666,460.640,69.021,156.196,0.785578,-1,-1,-1
189,64,1573.246,0.032,46.950,40.787,0.731760,-1,-1,-1
189,36,1800.654,0.000,36.761,15.558,0.611415,-1,-1,-1
189,62,1135.963,0.000,78.115,86.183,0.602596,-1,-1,-1
189,68,1903.666,0.000,16.334,58.922,0.590506,-1,-1,-1
189,56,447.190,483.879,62.127,134.235,0.590289,-1,-1,-1
189,69,761.281,1027.535,102.059,52.389,0.582329,-1,-1,-1
189,7,730.069,0.000,31.853,13.360,0.339865,-1,-1,-1
190,13,1160.319,419.090,72.939,144.096,0.895911,-1,-1,-1
190,31,1826.660,542.387,93.306,189.903,0.887652,-1,-1,-1
190,14,1836.241,144.878,55.365,123.962,0.882980,-1,-1,-1
190,15,920.116,653.246,84.275,170.843,0.879528,-1,-1,-1
190,9,1747.909,269.057,74.640,153.677,0.878450,-1,-1,-1
190,54,1250.070,373.693,67.789,170.266,0.876709,-1,-1,-1
190,30,499.814,612.687,77.185,157.825,0.875890,-1,-1,-1
190,55,683.114,464.823,82.548,176.218,0.867116,-1,-1,-1
190,19,1783.249,146.459,56.422,123.320,0.865839,-1,-1,-1
190,22,901.939,214.163,57.961,142.799,0.864490,-1,-1,-1
190,49,56.992,116.631,59.613,121.410,0.863774,-1,-1,-1
190,12,519.119,794.618,95.704,198.871,0.861600,-1,-1,-1
190,20,1064.577,233.699,57.697,148.426,0.860954,-1,-1,-1
190,60,936.993,0.008,54.165,93.892,0.857322,-1,-1,-1
190,42,1542.173,143.750,54.498,150.065,0.855786,-1,-1,-1
190,28,945.566,497.002,80.124,184.743,0.854769,-1,-1,-1
190,43,200.373,52.324,60.238,129.423,0.852532,-1,-1,-1
190,53,214.028,933.195,101.281,146.503,0.851543,-1,-1,-1
190,50,1033.202,369.577,48.103,145.960,0.851031,-1,-1,-1
190,66,11.606,647.708,102.511,171.436,0.850877,-1,-1,-1
190,33,504.057,17.326,36.708,102.984,0.848982,-1,-1,-1
190,23,1181.150,90.858,42.751,116.282,0.845038,-1,-1,-1
190,63,1003.871,0.194,35.530,87.919,0.843021,-1,-1,-1
190,16,823.215,0.000,37.951,118.827,0.842797,-1,-1,-1
190,38,378.219,455.370,88.654,187.449,0.840105,-1,-1,-1
190,24,1382.217,22.502,38.400,134.623,0.839398,-1,-1,-1
190,21,865.005,0.000,38.981,114.025,0.838216,-1,-1,-1
190,2,717.950,19.315,40.578,124.281,0.836416,-1,-1,-1
190,8,680.146,70.267,46.939,138.505,0.833530,-1,-1,-1
190,34,1216.261,0.143,38.027,77.331,0.810750,-1,-1,-1
190,40,335.646,460.636,68.998,156.288,0.785668,-1,-1,-1
190,64,1582.761,0.172,44.534,41.645,0.728682,-1,-1,-1
190,69,758.726,1022.195,102.461,57.708,0.672120,-1,-1,-1
190,68,1901.705,0.000,18.295,58.872,0.623635,-1,-1,-1
190,56,413.113,455.311,96.172,162.723,0.607369,-1,-1,-1
190,36,1800.341,0.000,37.491,15.600,0.604174,-1,-1,-1
190,62,1135.706,0.000,77.919,77.389,0.547330,-1,-1,-1
190,7,732.750,0.000,26.070,10.102,0.233949,-1,-1,-1
191,13,1161.083,421.587,71.572,142.073,0.892107,-1,-1,-1
191,31,1827.710,544.447,92.290,186.770,0.889235,-1,-1,-1
191,14,1837.456,145.829,55.434,123.484,0.882309,-1,-1,-1
191,9,1747.627,270.370,75.955,152.400,0.881568,-1,-1,-1
191,30,500.003,614.613,75.492,156.150,0.875838,-1,-1,-1
191,15,920.107,656.108,84.569,169.057,0.873281,-1,-1,-1
191,54,1249.435,370.873,68.164,171.892,0.873195,-1,-1,-1
191,22,902.142,215.979,57.965,141.809,0.872086,-1,-1,-1
191,12,517.465,798.907,95.695,198.938,0.870349,-1,-1,-1
191,49,55.301,116.422,61.006,121.318,0.868335,-1,-1,-1
191,60,935.778,0.000,55.858,97.076,0.864040,-1,-1,-1
191,19,1783.190,146.867,58.021,123.276,0.862556,-1,-1,-1
191,42,1541.660,141.743,54.022,147.771,0.859518,-1,-1,-1
191,55,680.606,462.179,85.392,178.333,0.858018,-1,-1,-1
191,20,1065.058,230.942,58.412,145.941,0.856367,-1,-1,-1
191,66,14.886,649.595,101.933,171.657,0.854527,-1,-1,-1
191,28,946.650,501.366,76.349,190.087,0.853983,-1,-1,-1
191,43,200.266,53.380,60.155,130.530,0.853231,-1,-1,-1
191,50,1033.399,367.979,46.326,147.569,0.850558,-1,-1,-1
191,23,1183.213,89.757,40.429,113.476,0.848116,-1,-1,-1
191,21,865.135,0.000,39.558,114.065,0.848010,-1,-1,-1
191,16,823.250,0.000,38.016,116.306,0.846736,-1,-1,-1
191,33,505.863,17.316,34.891,102.928,0.845408,-1,-1,-1
191,53,215.237,937.560,103.809,142.440,0.844259,-1,-1,-1
191,2,717.371,17.860,40.851,124.340,0.842561,-1,-1,-1
191,38,377.862,455.360,88.483,187.429,0.842056,-1,-1,-1
191,24,1382.260,22.520,38.084,134.650,0.839598,-1,-1,-1
191,63,1003.694,0.199,35.496,87.891,0.839453,-1,-1,-1
191,8,680.541,68.131,46.332,136.499,0.829882,-1,-1,-1
191,34,1215.692,0.135,38.157,77.347,0.814521,-1,-1,-1
191,40,335.438,460.640,69.181,156.294,0.783989,-1,-1,-1
191,69,755.966,1016.273,100.487,63.636,0.737498,-1,-1,-1
191,64,1590.916,0.229,42.617,42.403,0.719539,-1,-1,-1
191,62,1135.243,0.000,78.060,86.043,0.698690,-1,-1,-1
191,68,1899.317,0.000,20.683,59.368,0.692319,-1,-1,-1
191,56,450.091,482.737,59.139,135.188,0.637365,-1,-1,-1
191,36,1800.338,0.000,37.787,15.594,0.595186,-1,-1,-1
191,27,1172.379,0.019,39.616,60.202,0.442555,-1,-1,-1
192,13,1162.768,423.678,69.476,140.349,0.890235,-1,-1,-1
192,15,920.595,659.950,83.472,178.142,0.883602,-1,-1,-1
192,9,1747.966,272.283,75.673,150.488,0.883567,-1,-1,-1
192,31,1830.787,546.712,89.200,184.651,0.883525,-1,-1,-1
192,14,1838.058,146.966,55.290,125.767,0.881003,-1,-1,-1
192,30,489.753,616.953,85.605,153.808,0.876701,-1,-1,-1
192,22,902.045,218.024,58.290,144.303,0.872270,-1,-1,-1
192,12,516.374,799.618,96.141,200.383,0.871404,-1,-1,-1
192,49,54.774,116.820,60.955,121.232,0.869195,-1,-1,-1
192,66,16.066,652.392,100.386,167.866,0.866476,-1,-1,-1
192,54,1248.424,368.245,66.923,172.988,0.864781,-1,-1,-1
192,42,1540.703,139.653,54.302,143.203,0.863725,-1,-1,-1
192,19,1783.788,147.378,59.231,123.301,0.862928,-1,-1,-1
192,53,215.406,941.495,105.288,138.467,0.862129,-1,-1,-1
192,20,1065.177,228.405,58.833,143.220,0.860987,-1,-1,-1
192,43,201.205,54.442,59.739,130.869,0.856408,-1,-1,-1
192,28,947.491,505.048,77.260,192.003,0.852330,-1,-1,-1
192,55,678.858,458.426,88.144,182.601,0.851038,-1,-1,-1
192,33,507.259,17.948,35.624,101.996,0.847984,-1,-1,-1
192,60,935.911,0.000,55.080,98.794,0.847540,-1,-1,-1
192,16,823.531,0.000,37.823,114.509,0.846672,-1,-1,-1
192,38,377.976,455.203,88.388,187.600,0.843751,-1,-1,-1
192,63,1003.164,0.203,35.864,87.732,0.843515,-1,-1,-1
192,2,717.029,16.724,41.178,123.055,0.840979,-1,-1,-1
192,24,1381.999,22.625,38.331,134.555,0.839032,-1,-1,-1
192,8,679.951,65.987,46.526,133.663,0.833505,-1,-1,-1
192,21,865.988,0.000,42.189,112.882,0.833177,-1,-1,-1
192,23,1183.399,87.676,41.776,111.670,0.830582,-1,-1,-1
192,50,1030.506,366.035,49.631,148.826,0.826493,-1,-1,-1
192,34,1215.235,0.126,37.926,77.532,0.814810,-1,-1,-1
192,40,335.451,460.618,69.329,156.212,0.777374,-1,-1,-1
192,64,1595.867,0.053,40.880,44.826,0.753229,-1,-1,-1
192,69,751.417,1010.189,104.370,69.777,0.732943,-1,-1,-1
192,68,1897.574,0.000,22.426,59.061,0.719070,-1,-1,-1
192,56,448.840,484.144,60.574,133.880,0.659424,-1,-1,-1
192,62,1135.051,0.062,75.681,86.150,0.625227,-1,-1,-1
192,36,1800.348,0.000,37.766,15.593,0.594758,-1,-1,-1
192,27,1164.343,0.000,48.996,59.814,0.476670,-1,-1,-1
193,13,1167.330,426.921,64.660,136.543,0.891292,-1,-1,-1
193,9,1748.813,271.795,74.601,160.923,0.888407,-1,-1,-1
193,54,1246.978,360.939,66.564,174.981,0.882791,-1,-1,-1
193,31,1836.670,551.784,83.230,179.261,0.878703,-1,-1,-1
193,15,921.547,667.751,83.653,194.507,0.873470,-1,-1,-1
193,12,515.088,805.107,95.033,199.459,0.871897,-1,-1,-1
193,20,1064.754,223.986,59.363,140.347,0.871026,-1,-1,-1
193,22,902.825,222.361,57.005,153.539,0.870465,-1,-1,-1
193,14,1839.581,149.679,54.186,130.089,0.870452,-1,-1,-1
193,49,53.764,117.422,61.489,120.626,0.868424,-1,-1,-1
193,42,1538.968,136.344,54.155,139.211,0.863867,-1,-1,-1
193,30,486.761,622.741,87.934,152.545,0.863714,-1,-1,-1
193,19,1785.179,148.811,60.578,123.357,0.861752,-1,-1,-1
193,66,19.179,656.529,99.447,164.219,0.860459,-1,-1,-1
193,43,202.134,55.662,59.078,130.039,0.858753,-1,-1,-1
193,33,510.653,17.658,46.348,102.284,0.856474,-1,-1,-1
193,16,824.156,0.000,37.460,110.519,0.850500,-1,-1,-1
193,28,948.134,512.054,77.950,191.541,0.849130,-1,-1,-1
193,63,1002.588,0.171,36.098,91.194,0.847523,-1,-1,-1
193,2,716.333,12.565,41.214,119.483,0.847205,-1,-1,-1
193,50,1026.353,362.455,54.941,150.282,0.845113,-1,-1,-1
193,55,676.759,455.076,92.481,187.585,0.843498,-1,-1,-1
193,38,378.050,455.206,92.639,187.551,0.842817,-1,-1,-1
193,24,1381.975,22.644,38.043,134.538,0.839173,-1,-1,-1
193,53,216.399,951.530,105.669,128.254,0.836884,-1,-1,-1
193,21,868.576,0.000,46.789,110.435,0.835165,-1,-1,-1
193,23,1183.538,81.952,41.989,114.065,0.834349,-1,-1,-1
193,8,679.854,62.031,46.277,133.862,0.834180,-1,-1,-1
193,60,937.868,0.000,52.171,101.795,0.833420,-1,-1,-1
193,64,1595.935,0.098,49.732,45.413,0.793975,-1,-1,-1
193,34,1215.828,0.086,36.615,77.609,0.788258,-1,-1,-1
193,40,335.217,460.663,68.892,156.144,0.774285,-1,-1,-1
193,68,1895.749,0.000,24.251,59.169,0.746899,-1,-1,-1
193,69,750.910,998.761,102.026,81.239,0.717771,-1,-1,-1
193,56,413.556,456.038,95.491,163.170,0.699321,-1,-1,-1
193,36,1799.875,0.000,38.542,15.801,0.593792,-1,-1,-1
193,27,1157.083,0.000,56.290,86.004,0.525884,-1,-1,-1
193,62,1135.126,7.395,55.199,79.139,0.603699,-1,-1,-1
194,9,1749.195,278.817,74.236,160.051,0.888248,-1,-1,-1
194,54,1245.242,357.187,66.800,171.863,0.886198,-1,-1,-1
194,13,1170.192,429.226,62.228,134.415,0.884165,-1,-1,-1
194,15,922.450,672.352,82.632,195.784,0.876615,-1,-1,-1
194,31,1838.729,554.268,81.201,177.135,0.876575,-1,-1,-1
194,12,515.207,807.296,94.825,199.031,0.875238,-1,-1,-1
194,14,1840.459,150.861,53.493,131.045,0.872990,-1,-1,-1
194,30,494.443,625.933,80.485,159.501,0.872714,-1,-1,-1
194,49,52.738,117.578,61.223,120.441,0.870172,-1,-1,-1
194,20,1064.516,221.682,59.784,141.663,0.869568,-1,-1,-1
194,22,903.251,224.730,56.356,155.264,0.868292,-1,-1,-1
194,42,1538.459,134.213,53.757,139.081,0.863715,-1,-1,-1
194,33,512.612,18.471,53.041,101.257,0.862872,-1,-1,-1
194,19,1786.331,149.840,60.129,122.628,0.858516,-1,-1,-1
194,43,202.197,56.173,59.404,129.647,0.857715,-1,-1,-1
194,16,824.196,0.031,37.600,108.586,0.855777,-1,-1,-1
194,63,1001.446,0.124,37.268,94.321,0.852238,-1,-1,-1
194,64,1595.675,0.089,59.607,45.262,0.850400,-1,-1,-1
194,53,216.598,957.508,108.072,122.231,0.848935,-1,-1,-1
194,66,20.057,658.311,99.937,162.295,0.848555,-1,-1,-1
194,2,715.929,10.847,41.901,118.084,0.846804,-1,-1,-1
194,23,1182.837,82.481,43.277,112.701,0.845242,-1,-1,-1
194,50,1030.934,359.387,50.231,150.712,0.843006,-1,-1,-1
194,24,1382.023,22.564,37.580,134.634,0.841619,-1,-1,-1
194,28,948.793,515.598,77.908,191.275,0.841564,-1,-1,-1
194,60,937.191,0.000,52.652,102.624,0.841156,-1,-1,-1
194,38,378.179,455.360,88.933,187.376,0.839984,-1,-1,-1
194,8,679.190,60.539,46.827,134.833,0.837952,-1,-1,-1
194,21,870.610,0.000,45.930,109.355,0.826435,-1,-1,-1
194,55,692.104,453.039,77.465,189.811,0.816095,-1,-1,-1
194,34,1215.265,0.104,36.075,77.453,0.788147,-1,-1,-1
194,40,335.166,460.645,69.432,156.115,0.772610,-1,-1,-1
194,68,1894.744,0.000,25.256,58.924,0.763575,-1,-1,-1
194,69,755.722,992.693,97.591,87.307,0.760333,-1,-1,-1
194,62,1134.358,0.000,77.954,85.558,0.611652,-1,-1,-1
194,36,1799.880,0.000,38.416,15.784,0.597899,-1,-1,-1
194,56,414.158,455.042,95.178,163.250,0.540648,-1,-1,-1
195,54,1243.336,352.254,68.609,168.997,0.883946,-1,-1,-1
195,60,932.965,0.021,57.101,103.992,0.880217,-1,-1,-1
195,20,1064.356,220.337,60.202,142.510,0.879683,-1,-1,-1
195,13,1172.324,431.290,60.345,131.731,0.877451,-1,-1,-1
195,31,1840.256,557.602,79.687,181.891,0.873766,-1,-1,-1
195,12,515.306,815.704,94.744,189.596,0.872416,-1,-1,-1
195,15,923.466,677.115,82.517,196.370,0.872213,-1,-1,-1
195,30,495.023,630.187,79.909,166.731,0.869954,-1,-1,-1
195,33,515.063,18.888,56.881,100.745,0.869849,-1,-1,-1
195,49,52.189,117.844,59.999,120.104,0.868209,-1,-1,-1
195,9,1749.632,280.758,74.018,150.714,0.868055,-1,-1,-1
195,14,1841.872,152.463,52.835,130.921,0.867368,-1,-1,-1
195,22,903.830,226.750,55.575,153.940,0.864230,-1,-1,-1
195,42,1537.631,132.852,54.057,139.309,0.862937,-1,-1,-1
195,19,1787.889,150.770,60.027,121.656,0.862121,-1,-1,-1
195,43,202.123,56.466,58.843,129.404,0.857688,-1,-1,-1
195,16,824.649,0.068,37.314,106.843,0.857647,-1,-1,-1
195,66,22.024,659.680,100.278,161.989,0.857544,-1,-1,-1
195,64,1595.987,0.054,67.808,45.110,0.853815,-1,-1,-1
195,63,1001.326,0.047,37.075,96.274,0.851293,-1,-1,-1
195,23,1182.137,82.090,44.693,111.682,0.846924,-1,-1,-1
195,2,716.419,9.253,42.570,118.468,0.846729,-1,-1,-1
195,24,1381.442,22.854,38.247,134.207,0.841543,-1,-1,-1
195,38,377.829,455.391,97.893,187.343,0.840532,-1,-1,-1
195,50,1034.956,356.863,47.188,149.257,0.838887,-1,-1,-1
195,55,694.541,450.544,75.086,190.703,0.837761,-1,-1,-1
195,28,952.379,518.540,76.825,191.622,0.837591,-1,-1,-1
195,8,679.196,58.993,47.066,135.774,0.833754,-1,-1,-1
195,53,216.847,963.576,109.076,116.424,0.813639,-1,-1,-1
195,21,870.643,0.000,46.412,107.427,0.810006,-1,-1,-1
195,34,1215.041,0.129,36.241,77.438,0.793334,-1,-1,-1
195,69,756.942,987.365,95.243,92.617,0.791767,-1,-1,-1
195,68,1893.950,0.041,26.050,58.880,0.778769,-1,-1,-1
195,40,335.025,460.549,69.045,156.229,0.763543,-1,-1,-1
195,62,1134.266,0.000,77.259,85.519,0.661442,-1,-1,-1
195,36,1799.834,0.000,38.819,15.832,0.590469,-1,-1,-1
195,56,414.062,455.046,94.666,162.864,0.409703,-1,-1,-1
196,54,1241.938,349.317,69.685,166.102,0.884117,-1,-1,-1
196,60,932.582,0.060,57.149,104.785,0.877998,-1,-1,-1
196,13,1173.196,433.584,60.333,131.671,0.877836,-1,-1,-1
196,20,1064.392,219.443,59.722,143.443,0.874402,-1,-1,-1
196,12,515.262,818.267,96.473,182.145,0.874365,-1,-1,-1
196,15,924.297,682.047,82.761,196.945,0.873673,-1,-1,-1
196,30,497.976,634.132,76.715,172.133,0.873363,-1,-1,-1
196,33,517.352,18.998,59.198,100.665,0.871688,-1,-1,-1
196,22,903.581,229.104,55.268,155.127,0.870277,-1,-1,-1
196,14,1842.009,153.733,52.686,131.313,0.868054,-1,-1,-1
196,42,1536.666,130.885,53.799,141.341,0.867408,-1,-1,-1
196,49,51.018,118.274,59.490,119.354,0.866931,-1,-1,-1
196,31,1839.543,560.955,80.447,191.802,0.866248,-1,-1,-1
196,9,1749.996,282.570,73.949,159.600,0.864626,-1,-1,-1
196,43,201.994,56.671,59.774,128.968,0.862083,-1,-1,-1
196,19,1788.594,152.227,60.407,119.950,0.860369,-1,-1,-1
196,16,824.702,0.094,37.592,105.926,0.858679,-1,-1,-1
196,64,1596.089,0.120,74.954,41.574,0.857355,-1,-1,-1
196,63,1000.777,0.000,37.828,98.184,0.853564,-1,-1,-1
196,23,1181.793,81.100,45.504,112.922,0.852775,-1,-1,-1
196,66,23.174,663.123,100.131,167.406,0.846772,-1,-1,-1
196,28,950.983,520.148,79.206,194.607,0.846708,-1,-1,-1
196,2,716.286,7.514,44.787,119.553,0.843819,-1,-1,-1
196,50,1033.679,353.468,47.895,148.842,0.843708,-1,-1,-1
196,38,377.575,455.489,89.263,187.225,0.840952,-1,-1,-1
196,24,1381.369,22.776,38.408,134.325,0.839806,-1,-1,-1
196,8,678.710,58.967,48.073,136.650,0.822234,-1,-1,-1
196,55,693.228,448.230,76.896,192.826,0.821849,-1,-1,-1
196,21,871.119,0.000,46.358,105.095,0.810867,-1,-1,-1
196,53,218.240,970.911,109.462,109.089,0.796085,-1,-1,-1
196,69,757.123,983.532,95.352,96.397,0.791882,-1,-1,-1
196,34,1214.695,0.139,36.584,77.460,0.788954,-1,-1,-1
196,68,1893.151,0.095,26.849,59.227,0.780212,-1,-1,-1
196,40,335.077,460.500,69.371,156.234,0.768126,-1,-1,-1
196,27,1162.235,0.064,47.760,61.707,0.636429,-1,-1,-1
196,36,1799.509,0.000,39.486,15.881,0.587202,-1,-1,-1
196,56,413.498,455.359,95.419,162.715,0.511139,-1,-1,-1
197,54,1241.385,345.846,69.821,160.030,0.886293,-1,-1,-1
197,33,519.971,19.766,58.857,99.861,0.878319,-1,-1,-1
197,12,515.346,821.337,98.185,180.943,0.876452,-1,-1,-1
197,15,925.689,684.948,83.470,196.398,0.875760,-1,-1,-1
197,20,1064.273,218.375,59.705,145.195,0.874052,-1,-1,-1
197,30,497.608,638.100,76.442,170.760,0.874010,-1,-1,-1
197,9,1751.109,284.379,73.388,164.235,0.872977,-1,-1,-1
197,13,1173.176,437.040,60.999,139.041,0.872191,-1,-1,-1
197,60,932.259,0.074,57.123,105.044,0.871181,-1,-1,-1
197,42,1535.805,129.878,54.363,142.243,0.871068,-1,-1,-1
197,22,903.479,230.811,54.460,155.173,0.865922,-1,-1,-1
197,14,1842.927,154.718,51.621,132.117,0.865828,-1,-1,-1
197,64,1597.172,0.161,77.660,42.081,0.865078,-1,-1,-1
197,31,1840.078,565.424,79.870,169.244,0.864681,-1,-1,-1
197,49,49.911,118.722,58.733,119.287,0.864487,-1,-1,-1
197,43,201.980,56.924,59.989,128.797,0.863744,-1,-1,-1
197,19,1791.338,153.049,58.400,118.837,0.860681,-1,-1,-1
197,16,824.698,0.131,37.525,105.054,0.860482,-1,-1,-1
197,66,25.124,666.883,100.577,173.282,0.855447,-1,-1,-1
197,23,1181.986,80.716,45.988,115.674,0.855287,-1,-1,-1
197,63,1000.630,0.000,37.807,99.909,0.852258,-1,-1,-1
197,2,716.118,5.743,46.245,120.859,0.847430,-1,-1,-1
197,50,1027.765,349.631,52.858,142.899,0.846796,-1,-1,-1
197,24,1381.228,22.771,38.533,134.279,0.841183,-1,-1,-1
197,38,377.271,455.830,102.156,186.927,0.840878,-1,-1,-1
197,21,871.161,0.000,41.934,103.860,0.826198,-1,-1,-1
197,55,692.361,445.346,78.538,195.120,0.819290,-1,-1,-1
197,28,951.561,523.007,80.321,190.244,0.819060,-1,-1,-1
197,8,678.676,58.448,48.385,137.019,0.810567,-1,-1,-1
197,68,1891.439,0.161,28.556,58.939,0.798569,-1,-1,-1
197,53,219.828,977.354,114.694,102.646,0.793746,-1,-1,-1
197,69,756.427,979.036,95.441,100.910,0.793319,-1,-1,-1
197,34,1214.782,0.124,36.602,77.458,0.791365,-1,-1,-1
197,40,334.649,460.566,69.486,156.204,0.764476,-1,-1,-1
197,27,1162.730,0.000,47.676,63.111,0.720278,-1,-1,-1
197,36,1799.581,0.000,39.307,15.840,0.584599,-1,-1,-1
197,56,412.397,456.547,95.771,161.277,0.528547,-1,-1,-1
198,54,1240.678,340.725,70.101,159.068,0.885258,-1,-1,-1
198,33,522.920,19.430,57.097,101.045,0.878707,-1,-1,-1
198,15,928.048,692.056,84.363,190.502,0.877310,-1,-1,-1
198,42,1533.791,127.807,55.469,144.261,0.873081,-1,-1,-1
198,9,1752.859,289.841,73.317,135.949,0.870162,-1,-1,-1
198,30,497.121,645.700,76.230,171.237,0.869922,-1,-1,-1
198,12,515.214,829.587,101.326,181.445,0.869063,-1,-1,-1
198,60,931.359,0.011,57.211,105.098,0.868889,-1,-1,-1
198,13,1174.609,443.215,61.223,146.356,0.868154,-1,-1,-1
198,20,1063.564,216.220,60.065,146.873,0.866933,-1,-1,-1
198,22,902.066,232.920,54.740,153.209,0.864025,-1,-1,-1
198,49,48.589,118.672,56.463,119.763,0.863391,-1,-1,-1
198,14,1843.956,156.997,50.782,132.314,0.862339,-1,-1,-1
198,23,1181.688,79.752,46.900,116.827,0.861496,-1,-1,-1
198,43,202.171,57.576,59.669,128.531,0.861141,-1,-1,-1
198,19,1794.130,155.194,57.413,121.001,0.860769,-1,-1,-1
198,64,1599.359,0.171,78.241,44.108,0.859897,-1,-1,-1
198,16,824.532,0.182,37.003,103.730,0.858826,-1,-1,-1
198,31,1839.881,574.443,80.119,189.026,0.855495,-1,-1,-1
198,63,1000.786,0.000,37.336,101.013,0.853897,-1,-1,-1
198,2,716.386,3.751,47.492,123.508,0.848714,-1,-1,-1
198,69,756.431,970.408,97.671,109.513,0.845526,-1,-1,-1
198,50,1027.879,343.813,53.026,137.658,0.842105,-1,-1,-1
198,24,1381.258,22.790,38.091,134.192,0.841625,-1,-1,-1
198,38,377.481,456.817,129.924,185.890,0.840409,-1,-1,-1
198,28,953.953,526.990,79.230,186.071,0.837015,-1,-1,-1
198,8,678.153,56.548,48.625,138.323,0.815173,-1,-1,-1
198,66,28.875,675.335,95.211,181.654,0.814213,-1,-1,-1
198,21,871.638,0.000,45.708,100.488,0.812631,-1,-1,-1
198,53,223.168,991.099,110.453,88.901,0.811470,-1,-1,-1
198,68,1890.226,0.000,29.774,58.723,0.808261,-1,-1,-1
198,55,687.978,439.915,84.611,194.517,0.807436,-1,-1,-1
198,34,1214.624,0.120,36.180,77.166,0.806048,-1,-1,-1
198,27,1162.868,0.000,47.823,63.313,0.771821,-1,-1,-1
198,40,334.511,460.708,69.512,156.159,0.761594,-1,-1,-1
198,36,1799.613,0.000,39.174,15.799,0.585866,-1,-1,-1
198,56,432.787,473.176,75.392,144.797,0.496132,-1,-1,-1
199,54,1241.197,338.622,68.993,160.963,0.883888,-1,-1,-1
199,9,1753.735,291.473,73.399,162.976,0.877016,-1,-1,-1
199,13,1175.555,446.863,60.780,146.859,0.874388,-1,-1,-1
199,15,928.507,695.295,86.430,186.594,0.874107,-1,-1,-1
199,33,524.241,9.226,60.500,110.663,0.873465,-1,-1,-1
199,42,1532.354,126.432,55.794,145.724,0.871342,-1,-1,-1
199,12,514.833,833.471,102.587,191.058,0.870334,-1,-1,-1
199,20,1063.211,214.693,59.826,148.487,0.869992,-1,-1,-1
199,22,901.295,234.021,55.912,151.772,0.867133,-1,-1,-1
199,30,496.727,649.327,76.083,171.857,0.863939,-1,-1,-1
199,49,47.797,119.025,55.648,119.900,0.863087,-1,-1,-1
199,19,1796.294,156.075,55.943,123.071,0.863057,-1,-1,-1
199,14,1843.521,157.806,51.146,131.598,0.863016,-1,-1,-1
199,60,931.889,0.016,56.300,105.296,0.861762,-1,-1,-1
199,43,202.117,57.976,59.442,128.692,0.861210,-1,-1,-1
199,23,1181.719,79.250,46.811,115.175,0.861024,-1,-1,-1
199,16,824.312,0.176,37.190,103.583,0.859983,-1,-1,-1
199,55,697.540,436.146,75.544,194.259,0.857631,-1,-1,-1
199,2,717.033,2.822,47.888,124.580,0.854517,-1,-1,-1
199,31,1839.736,579.377,80.264,184.567,0.854342,-1,-1,-1
199,63,1001.329,0.000,36.354,101.015,0.853869,-1,-1,-1
199,64,1603.182,0.126,76.002,43.438,0.853100,-1,-1,-1
199,50,1029.197,341.284,51.080,137.269,0.846228,-1,-1,-1
199,69,756.575,966.627,95.712,113.197,0.846006,-1,-1,-1
199,38,377.245,457.060,86.941,185.522,0.844171,-1,-1,-1
199,24,1381.089,22.745,38.203,134.178,0.843667,-1,-1,-1
199,28,954.829,528.462,81.640,184.932,0.838409,-1,-1,-1
199,66,31.331,680.096,100.756,180.305,0.815069,-1,-1,-1
199,21,871.555,0.000,47.056,99.794,0.814327,-1,-1,-1
199,68,1890.001,0.000,29.999,58.549,0.810457,-1,-1,-1
199,34,1214.498,0.063,35.500,77.273,0.806904,-1,-1,-1
199,8,678.713,55.219,48.698,137.092,0.804268,-1,-1,-1
199,53,221.178,996.414,117.229,83.004,0.782079,-1,-1,-1
199,40,334.611,460.723,69.185,156.179,0.763432,-1,-1,-1
199,27,1161.175,0.000,48.898,63.300,0.751191,-1,-1,-1
199,36,1799.501,0.000,38.906,15.717,0.581041,-1,-1,-1
199,56,410.539,457.985,97.604,159.933,0.551213,-1,-1,-1
199,62,1130.400,9.911,49.348,73.706,0.641651,-1,-1,-1
200,54,1240.525,335.732,69.465,163.475,0.883202,-1,-1,-1
200,9,1754.380,287.490,73.516,167.112,0.878605,-1,-1,-1
200,42,1531.305,125.177,56.578,146.450,0.875803,-1,-1,-1
200,13,1176.480,450.501,60.453,147.621,0.873952,-1,-1,-1
200,30,496.495,652.593,75.703,170.575,0.871180,-1,-1,-1
200,33,526.433,14.444,58.402,105.413,0.870569,-1,-1,-1
200,20,1063.247,213.562,59.538,149.046,0.870524,-1,-1,-1
200,15,929.072,697.446,88.224,184.461,0.869431,-1,-1,-1
200,12,514.958,837.957,103.768,196.518,0.867397,-1,-1,-1
200,23,1181.443,78.579,48.467,114.692,0.865066,-1,-1,-1
200,69,756.860,961.635,94.591,118.173,0.864986,-1,-1,-1
200,49,47.969,118.999,54.507,120.324,0.864876,-1,-1,-1
200,19,1796.627,157.051,56.445,125.573,0.864637,-1,-1,-1
200,22,900.720,235.140,56.411,151.518,0.864154,-1,-1,-1
200,2,717.167,1.951,48.553,124.436,0.862624,-1,-1,-1
200,14,1843.786,158.299,51.516,130.987,0.861090,-1,-1,-1
200,43,202.066,58.543,60.198,128.839,0.860628,-1,-1,-1
200,16,824.178,0.213,37.303,103.185,0.859391,-1,-1,-1
200,31,1840.141,583.154,79.859,186.405,0.856971,-1,-1,-1
200,55,697.638,433.582,75.924,190.997,0.856239,-1,-1,-1
200,50,1031.093,338.871,49.250,139.102,0.855178,-1,-1,-1
200,63,1001.269,0.000,36.329,101.109,0.849597,-1,-1,-1
200,60,932.651,0.042,54.689,105.482,0.848803,-1,-1,-1
200,64,1606.485,0.123,73.252,43.587,0.845720,-1,-1,-1
200,24,1381.090,22.489,38.195,134.204,0.844903,-1,-1,-1
200,38,377.349,457.105,131.433,185.523,0.842810,-1,-1,-1
200,28,955.353,530.916,82.158,182.490,0.830078,-1,-1,-1
200,34,1214.488,0.105,35.195,77.195,0.811911,-1,-1,-1
200,21,871.916,0.032,47.283,98.701,0.811357,-1,-1,-1
200,68,1889.714,0.000,30.286,58.376,0.809367,-1,-1,-1
200,66,31.940,685.805,102.728,180.903,0.805666,-1,-1,-1
200,8,679.330,53.940,48.524,131.001,0.799638,-1,-1,-1
200,27,1160.756,0.000,49.220,63.776,0.791098,-1,-1,-1
200,40,334.418,460.746,69.171,155.990,0.765061,-1,-1,-1
200,53,224.996,1001.721,110.285,77.821,0.761204,-1,-1,-1
200,62,1130.402,11.223,48.229,74.953,0.758698,-1,-1,-1
200,56,413.335,462.013,95.038,158.215,0.732277,-1,-1,-1
200,36,1799.454,0.000,38.976,15.700,0.577581,-1,-1,-1
201,9,1755.477,291.504,73.676,162.980,0.891325,-1,-1,-1
201,54,1241.272,335.092,67.732,164.147,0.880511,-1,-1,-1
201,42,1530.256,123.551,57.013,147.368,0.877381,-1,-1,-1
201,13,1177.585,451.189,60.625,148.870,0.877169,-1,-1,-1
201,30,495.736,655.309,76.427,168.690,0.872516,-1,-1,-1
201,20,1063.543,211.626,58.910,150.130,0.871381,-1,-1,-1
201,23,1181.274,76.498,49.343,115.114,0.866887,-1,-1,-1
201,33,528.198,13.240,56.211,106.941,0.865374,-1,-1,-1
201,19,1796.263,158.183,57.309,127.076,0.865207,-1,-1,-1
201,12,515.480,842.792,104.270,198.697,0.862966,-1,-1,-1
201,49,47.351,119.021,54.149,121.362,0.862874,-1,-1,-1
201,22,899.865,236.474,57.257,149.352,0.862335,-1,-1,-1
201,66,37.113,689.465,99.102,181.032,0.862018,-1,-1,-1
201,69,757.143,956.644,93.323,123.244,0.861003,-1,-1,-1
201,15,929.604,699.761,87.404,182.317,0.859737,-1,-1,-1
201,14,1845.299,159.462,50.540,129.882,0.859643,-1,-1,-1
201,2,717.805,1.617,48.662,123.666,0.857891,-1,-1,-1
201,60,937.042,0.009,50.285,105.461,0.857280,-1,-1,-1
201,43,201.802,59.156,60.905,131.476,0.856902,-1,-1,-1
201,16,823.863,0.167,37.392,103.451,0.855907,-1,-1,-1
201,50,1033.081,337.545,49.339,140.305,0.853383,-1,-1,-1
201,63,1000.982,0.000,36.268,101.010,0.847406,-1,-1,-1
201,24,1380.820,22.397,38.578,134.380,0.846418,-1,-1,-1
201,55,696.331,429.666,77.740,184.701,0.845882,-1,-1,-1
201,31,1840.435,587.923,79.565,187.207,0.845427,-1,-1,-1
201,38,377.508,457.513,83.575,185.018,0.840770,-1,-1,-1
201,28,956.468,533.943,82.076,178.118,0.835876,-1,-1,-1
201,64,1611.688,0.099,68.594,43.853,0.833175,-1,-1,-1
201,21,871.688,0.059,47.936,96.838,0.822302,-1,-1,-1
201,34,1214.198,0.058,35.654,76.936,0.810311,-1,-1,-1
201,8,680.308,51.812,47.858,133.976,0.809738,-1,-1,-1
201,68,1889.874,0.000,30.126,58.593,0.807182,-1,-1,-1
201,27,1161.280,0.000,48.067,63.702,0.792860,-1,-1,-1
201,62,1130.736,10.574,46.911,74.960,0.767132,-1,-1,-1
201,40,334.087,460.988,68.833,155.476,0.765632,-1,-1,-1
201,53,227.813,1005.930,108.421,73.807,0.733941,-1,-1,-1
201,56,410.187,457.126,98.536,160.395,0.713274,-1,-1,-1
201,36,1799.409,0.000,38.981,15.670,0.571855,-1,-1,-1
202,9,1755.824,295.450,74.387,158.959,0.896156,-1,-1,-1
202,42,1529.246,121.613,57.963,147.746,0.878957,-1,-1,-1
202,30,495.182,657.880,77.140,166.642,0.876656,-1,-1,-1
202,54,1240.724,332.660,67.228,165.588,0.875968,-1,-1,-1
202,13,1178.687,454.090,60.465,147.485,0.873768,-1,-1,-1
202,23,1180.948,74.888,49.091,115.201,0.867312,-1,-1,-1
202,20,1063.540,209.137,58.664,150.040,0.867175,-1,-1,-1
202,12,515.813,846.257,104.243,200.334,0.866489,-1,-1,-1
202,19,1795.522,159.229,58.802,127.749,0.866101,-1,-1,-1
202,69,758.184,951.873,91.885,128.023,0.863405,-1,-1,-1
202,2,718.599,0.936,48.720,122.840,0.862567,-1,-1,-1
202,22,899.444,237.741,57.847,148.441,0.861874,-1,-1,-1
202,49,46.826,119.512,54.023,122.478,0.860782,-1,-1,-1
202,60,933.502,0.056,53.476,105.532,0.859101,-1,-1,-1
202,66,39.652,692.305,100.404,179.642,0.858480,-1,-1,-1
202,15,929.905,702.140,90.848,180.025,0.857721,-1,-1,-1
202,14,1846.112,160.102,49.960,129.433,0.857261,-1,-1,-1
202,43,201.904,60.399,60.860,132.753,0.855732,-1,-1,-1
202,33,532.384,17.882,48.862,101.537,0.855342,-1,-1,-1
202,16,823.548,0.138,37.313,103.553,0.854083,-1,-1,-1
202,50,1031.766,336.087,49.697,141.889,0.853451,-1,-1,-1
202,55,696.022,425.725,78.163,178.360,0.852419,-1,-1,-1
202,63,1000.601,0.000,36.693,101.280,0.848972,-1,-1,-1
202,24,1380.698,22.277,38.722,134.515,0.845947,-1,-1,-1
202,38,377.673,457.645,129.247,184.875,0.836836,-1,-1,-1
202,64,1617.591,0.085,64.526,43.617,0.833487,-1,-1,-1
202,28,956.667,536.082,82.551,176.307,0.825245,-1,-1,-1
202,21,871.141,0.057,48.419,96.481,0.823162,-1,-1,-1
202,8,681.379,49.935,47.085,135.908,0.820500,-1,-1,-1
202,31,1840.681,591.349,79.319,170.705,0.819327,-1,-1,-1
202,34,1213.656,0.061,36.360,76.911,0.811905,-1,-1,-1
202,68,1889.593,0.071,30.407,58.634,0.804431,-1,-1,-1
202,27,1160.419,0.000,48.223,63.749,0.794554,-1,-1,-1
202,40,333.765,461.189,68.883,155.395,0.772188,-1,-1,-1
202,62,1128.694,10.624,48.547,74.494,0.751466,-1,-1,-1
202,53,228.920,1010.146,105.751,69.806,0.718177,-1,-1,-1
202,36,1799.313,0.000,39.531,15.412,0.555834,-1,-1,-1
202,56,445.495,477.454,62.201,140.120,0.476616,-1,-1,-1
203,9,1757.459,297.591,75.223,157.094,0.891692,-1,-1,-1
203,15,930.081,707.278,93.520,175.322,0.880951,-1,-1,-1
203,54,1240.904,326.716,67.350,168.673,0.877577,-1,-1,-1
203,30,494.115,662.776,78.437,161.482,0.877152,-1,-1,-1
203,13,1180.644,457.854,60.656,143.628,0.877139,-1,-1,-1
203,20,1062.792,204.456,59.105,147.014,0.875679,-1,-1,-1
203,19,1793.556,162.134,61.230,127.263,0.872818,-1,-1,-1
203,42,1528.282,117.805,55.537,145.145,0.870175,-1,-1,-1
203,23,1180.958,70.542,50.956,112.336,0.861731,-1,-1,-1
203,12,515.804,854.795,106.023,200.525,0.861613,-1,-1,-1
203,66,43.589,699.537,101.096,172.741,0.860429,-1,-1,-1
203,60,936.318,0.000,49.156,106.293,0.860111,-1,-1,-1
203,22,898.510,240.918,58.644,145.013,0.859191,-1,-1,-1
203,2,719.841,0.000,48.773,121.116,0.859058,-1,-1,-1
203,49,46.430,120.101,53.057,123.894,0.855798,-1,-1,-1
203,16,822.343,0.000,37.593,103.069,0.853893,-1,-1,-1
203,14,1846.093,161.714,51.107,127.740,0.853396,-1,-1,-1
203,50,1026.960,332.745,57.097,145.184,0.849456,-1,-1,-1
203,63,999.846,0.000,37.250,101.169,0.848374,-1,-1,-1
203,43,201.186,63.043,60.245,134.917,0.846233,-1,-1,-1
203,24,1380.586,22.091,38.700,134.402,0.845887,-1,-1,-1
203,31,1843.012,596.236,76.988,200.578,0.842585,-1,-1,-1
203,55,692.086,421.517,80.057,168.154,0.837342,-1,-1,-1
203,38,376.942,457.863,127.284,184.395,0.830394,-1,-1,-1
203,21,869.606,0.000,38.190,95.647,0.827609,-1,-1,-1
203,8,682.806,44.528,46.214,132.443,0.825795,-1,-1,-1
203,33,543.552,10.875,40.411,109.083,0.822979,-1,-1,-1
203,28,957.669,543.766,82.941,187.750,0.814139,-1,-1,-1
203,68,1889.438,0.167,30.562,57.858,0.804811,-1,-1,-1
203,34,1213.856,0.013,36.077,76.316,0.801330,-1,-1,-1
203,27,1160.518,0.000,46.243,63.537,0.799008,-1,-1,-1
203,40,333.216,461.140,70.087,155.297,0.774890,-1,-1,-1
203,64,1635.003,0.025,49.689,43.888,0.774886,-1,-1,-1
203,62,1128.955,10.645,45.837,74.486,0.774102,-1,-1,-1
203,53,227.523,1017.123,111.866,62.842,0.679072,-1,-1,-1
203,36,1799.364,0.000,39.133,15.414,0.554112,-1,-1,-1
203,56,411.239,458.268,94.866,159.485,0.546299,-1,-1,-1
204,9,1757.876,298.454,75.650,156.190,0.895997,-1,-1,-1
204,54,1241.625,324.806,66.746,167.926,0.879755,-1,-1,-1
204,15,930.575,711.599,92.686,182.156,0.878456,-1,-1,-1
204,13,1181.375,461.846,60.813,140.309,0.876853,-1,-1,-1
204,19,1793.252,163.372,61.682,126.827,0.876451,-1,-1,-1
204,30,493.465,665.293,79.203,158.755,0.874069,-1,-1,-1
204,42,1528.003,116.272,54.926,142.316,0.868268,-1,-1,-1
204,12,517.089,858.514,105.534,197.352,0.868266,-1,-1,-1
204,20,1062.617,202.049,59.051,143.757,0.865953,-1,-1,-1
204,22,898.539,242.952,58.586,145.554,0.861761,-1,-1,-1
204,49,46.337,120.313,51.838,124.537,0.858312,-1,-1,-1
204,66,43.758,701.629,103.424,170.962,0.857962,-1,-1,-1
204,14,1846.391,163.055,51.478,126.466,0.857900,-1,-1,-1
204,55,683.361,419.300,86.510,169.919,0.855003,-1,-1,-1
204,16,821.756,0.000,37.612,102.641,0.854400,-1,-1,-1
204,60,936.434,0.000,48.851,109.455,0.852640,-1,-1,-1
204,43,200.611,64.551,60.455,134.889,0.852508,-1,-1,-1
204,2,720.588,0.000,48.741,118.064,0.851451,-1,-1,-1
204,23,1181.070,69.459,52.449,111.495,0.849869,-1,-1,-1
204,63,999.562,0.000,37.516,103.934,0.847841,-1,-1,-1
204,24,1380.613,22.124,38.605,134.361,0.846348,-1,-1,-1
204,31,1844.323,597.799,75.677,199.007,0.844318,-1,-1,-1
204,50,1029.057,331.514,58.957,145.573,0.844217,-1,-1,-1
204,8,683.689,42.358,45.394,132.788,0.831349,-1,-1,-1
204,38,377.150,457.948,102.618,184.263,0.829783,-1,-1,-1
204,28,959.247,547.887,85.184,191.738,0.812810,-1,-1,-1
204,33,546.889,11.737,36.915,108.318,0.811449,-1,-1,-1
204,27,1158.381,0.009,47.718,63.668,0.800927,-1,-1,-1
204,21,869.060,0.074,36.396,95.887,0.800803,-1,-1,-1
204,68,1889.295,0.255,30.690,57.767,0.800674,-1,-1,-1
204,34,1214.164,0.034,35.989,76.414,0.786610,-1,-1,-1
204,62,1128.357,11.098,45.777,74.111,0.777917,-1,-1,-1
204,40,333.482,462.001,68.693,154.287,0.771774,-1,-1,-1
204,64,1643.065,0.088,47.683,43.661,0.763777,-1,-1,-1
204,53,231.016,1021.136,106.464,58.803,0.686349,-1,-1,-1
204,56,410.868,458.136,96.995,159.679,0.567683,-1,-1,-1
204,36,1799.344,0.000,39.037,15.447,0.561078,-1,-1,-1
204,70,897.457,0.028,21.995,35.207,0.494158,-1,-1,-1
205,9,1749.219,299.677,85.379,154.986,0.897225,-1,-1,-1
205,54,1241.243,320.581,67.222,167.445,0.880258,-1,-1,-1
205,13,1181.269,463.308,61.798,137.998,0.880154,-1,-1,-1
205,19,1793.233,164.357,61.563,127.041,0.876603,-1,-1,-1
205,30,493.164,668.121,79.023,155.774,0.874587,-1,-1,-1
205,42,1527.539,114.180,55.031,139.451,0.873260,-1,-1,-1
205,20,1062.425,199.392,59.245,139.846,0.866967,-1,-1,-1
205,15,930.529,715.151,92.561,191.199,0.866947,-1,-1,-1
205,12,517.873,862.579,104.969,193.465,0.866344,-1,-1,-1
205,55,685.294,417.508,82.220,171.490,0.864722,-1,-1,-1
205,22,898.461,245.188,58.807,149.667,0.861521,-1,-1,-1
205,14,1846.762,163.599,51.246,125.931,0.858711,-1,-1,-1
205,49,45.820,120.582,51.529,125.686,0.857338,-1,-1,-1
205,66,45.202,703.420,105.227,168.933,0.854503,-1,-1,-1
205,43,200.656,66.072,59.855,133.984,0.851862,-1,-1,-1
205,60,936.796,0.000,48.536,113.407,0.851814,-1,-1,-1
205,16,821.255,0.000,37.697,102.380,0.851704,-1,-1,-1
205,2,721.005,0.000,49.200,112.642,0.850716,-1,-1,-1
205,23,1182.432,68.026,50.109,110.070,0.849461,-1,-1,-1
205,50,1028.251,329.746,58.161,146.625,0.847708,-1,-1,-1
205,24,1380.565,22.111,38.677,134.364,0.846294,-1,-1,-1
205,33,549.519,16.944,31.793,103.541,0.845722,-1,-1,-1
205,63,999.301,0.000,37.859,106.666,0.839352,-1,-1,-1
205,8,683.556,40.883,45.889,131.235,0.829031,-1,-1,-1
205,38,376.816,458.135,90.633,184.060,0.828292,-1,-1,-1
205,31,1845.471,604.705,74.529,192.305,0.823637,-1,-1,-1
205,28,959.722,551.954,87.978,193.486,0.807082,-1,-1,-1
205,27,1160.250,0.000,44.906,63.759,0.801813,-1,-1,-1
205,68,1889.280,0.280,30.701,57.247,0.799476,-1,-1,-1
205,21,868.255,0.074,37.511,95.832,0.796981,-1,-1,-1
205,34,1213.862,0.008,36.353,76.231,0.782354,-1,-1,-1
205,62,1142.248,11.367,31.369,74.027,0.776401,-1,-1,-1
205,40,333.473,462.316,68.305,153.886,0.770420,-1,-1,-1
205,64,1652.392,0.139,43.035,43.368,0.722464,-1,-1,-1
205,53,237.789,1024.910,98.014,55.014,0.679093,-1,-1,-1
205,36,1799.109,0.000,39.287,15.614,0.565946,-1,-1,-1
205,56,412.317,458.420,95.835,159.041,0.421945,-1,-1,-1
205,70,896.079,0.012,24.727,44.768,0.354041,-1,-1,-1
206,9,1759.408,301.602,76.065,154.674,0.885494,-1,-1,-1
206,54,1241.772,318.602,66.412,163.128,0.883323,-1,-1,-1
206,19,1793.373,165.315,61.494,125.994,0.880125,-1,-1,-1
206,13,1180.117,465.331,63.880,136.423,0.880019,-1,-1,-1
206,15,929.687,719.389,93.175,197.766,0.879494,-1,-1,-1
206,30,492.559,670.942,79.197,152.758,0.876475,-1,-1,-1
206,42,1527.271,112.519,54.793,136.771,0.873396,-1,-1,-1
206,14,1847.550,164.375,50.924,125.722,0.868375,-1,-1,-1
206,22,898.720,247.678,58.357,153.892,0.868223,-1,-1,-1
206,20,1062.620,197.268,58.781,137.267,0.868045,-1,-1,-1
206,12,518.027,865.826,105.522,190.393,0.866713,-1,-1,-1
206,55,686.644,415.322,79.158,174.056,0.863831,-1,-1,-1
206,66,47.103,704.952,106.805,167.643,0.862945,-1,-1,-1
206,2,721.714,0.000,48.293,107.150,0.862929,-1,-1,-1
206,60,937.077,0.000,48.653,115.831,0.856408,-1,-1,-1
206,49,44.488,121.267,52.358,125.821,0.853942,-1,-1,-1
206,43,200.734,67.744,58.580,134.073,0.852787,-1,-1,-1
206,16,820.537,0.000,37.700,101.233,0.851775,-1,-1,-1
206,33,552.510,16.735,31.163,105.737,0.850614,-1,-1,-1
206,24,1380.407,22.235,38.784,134.187,0.847182,-1,-1,-1
206,23,1184.450,66.846,49.128,108.720,0.847164,-1,-1,-1
206,50,1027.655,327.508,61.425,145.466,0.847080,-1,-1,-1
206,63,998.879,0.550,38.403,109.277,0.842051,-1,-1,-1
206,31,1849.636,600.512,70.364,196.674,0.829802,-1,-1,-1
206,8,683.704,39.454,46.001,131.554,0.829440,-1,-1,-1
206,38,377.161,458.449,93.888,183.955,0.825395,-1,-1,-1
206,28,965.090,556.415,83.830,193.044,0.812613,-1,-1,-1
206,27,1160.291,0.000,44.036,63.709,0.809590,-1,-1,-1
206,21,867.217,0.109,38.331,95.709,0.802978,-1,-1,-1
206,68,1889.258,0.235,30.726,57.371,0.796271,-1,-1,-1
206,62,1126.124,11.892,47.110,73.593,0.777893,-1,-1,-1
206,34,1214.583,0.007,35.582,76.445,0.774630,-1,-1,-1
206,40,333.231,462.836,68.698,153.379,0.769151,-1,-1,-1
206,64,1655.925,0.000,47.062,44.203,0.727882,-1,-1,-1
206,53,238.379,1030.127,103.547,49.815,0.667850,-1,-1,-1
206,36,1799.132,0.000,39.105,15.610,0.572679,-1,-1,-1
206,70,895.961,0.014,24.250,40.925,0.534612,-1,-1,-1
206,56,411.650,458.635,96.693,158.819,0.514852,-1,-1,-1
207,9,1750.241,303.793,85.833,154.792,0.891875,-1,-1,-1
207,13,1178.145,469.924,66.975,133.744,0.888014,-1,-1,-1
207,54,1241.836,313.702,65.931,159.198,0.887921,-1,-1,-1
207,15,929.502,724.461,93.863,200.953,0.882106,-1,-1,-1
207,19,1793.800,165.774,61.522,125.353,0.878940,-1,-1,-1
207,30,492.372,673.988,79.492,150.110,0.873891,-1,-1,-1
207,42,1527.036,110.959,54.469,136.885,0.872973,-1,-1,-1
207,14,1847.855,165.025,51.415,125.510,0.870713,-1,-1,-1
207,20,1061.888,195.088,59.810,137.871,0.867758,-1,-1,-1
207,55,687.222,413.317,77.627,176.156,0.866731,-1,-1,-1
207,22,899.057,249.693,57.767,158.321,0.866109,-1,-1,-1
207,12,518.215,869.504,105.799,187.468,0.864862,-1,-1,-1
207,2,721.883,0.000,47.586,110.840,0.863304,-1,-1,-1
207,66,49.872,706.979,105.501,164.942,0.859156,-1,-1,-1
207,60,937.602,0.000,48.602,117.555,0.858779,-1,-1,-1
207,69,759.633,917.783,92.220,161.849,0.856666,-1,-1,-1
207,49,44.580,121.475,52.061,125.830,0.855972,-1,-1,-1
207,33,555.689,17.371,33.522,108.194,0.849435,-1,-1,-1
207,16,820.138,0.000,37.495,100.047,0.848563,-1,-1,-1
207,50,1026.187,325.163,65.835,145.634,0.847828,-1,-1,-1
207,23,1186.883,63.442,47.945,111.376,0.847408,-1,-1,-1
207,24,1380.524,22.260,38.642,134.169,0.846722,-1,-1,-1
207,43,200.602,69.233,60.179,134.234,0.845884,-1,-1,-1
207,63,999.003,1.457,38.380,110.324,0.842981,-1,-1,-1
207,8,683.285,38.154,46.811,133.150,0.827702,-1,-1,-1
207,21,866.783,0.000,40.167,95.738,0.825182,-1,-1,-1
207,31,1853.248,610.154,66.752,187.472,0.816808,-1,-1,-1
207,38,377.230,459.001,88.041,183.350,0.814858,-1,-1,-1
207,28,971.474,560.385,78.591,194.918,0.810936,-1,-1,-1
207,68,1888.986,0.171,31.004,57.357,0.795540,-1,-1,-1
207,27,1161.542,0.019,41.784,63.861,0.787883,-1,-1,-1
207,40,333.248,463.589,68.965,152.616,0.779589,-1,-1,-1
207,34,1214.625,0.012,34.847,76.218,0.777982,-1,-1,-1
207,64,1656.680,0.000,48.462,44.156,0.763623,-1,-1,-1
207,62,1126.761,11.509,45.717,74.247,0.748843,-1,-1,-1
207,53,234.804,1035.968,105.965,43.908,0.704771,-1,-1,-1
207,36,1799.158,0.000,38.917,15.577,0.574957,-1,-1,-1
207,56,413.917,459.431,94.586,158.103,0.468261,-1,-1,-1
207,70,897.387,0.007,25.272,43.137,0.441145,-1,-1,-1
208,54,1241.618,306.068,65.531,155.234,0.887061,-1,-1,-1
208,13,1176.035,476.742,71.637,144.538,0.886625,-1,-1,-1
208,15,928.153,734.008,93.894,199.249,0.883472,-1,-1,-1
208,14,1847.783,166.698,52.443,132.307,0.882855,-1,-1,-1
208,20,1061.943,192.025,59.704,141.038,0.876267,-1,-1,-1
208,19,1795.972,167.723,59.896,124.270,0.874129,-1,-1,-1
208,30,491.235,681.672,81.391,163.735,0.873152,-1,-1,-1
208,42,1525.438,108.320,54.662,138.922,0.869045,-1,-1,-1
208,12,517.904,875.948,105.489,180.433,0.868567,-1,-1,-1
208,2,722.336,0.000,44.565,105.253,0.865808,-1,-1,-1
208,22,901.621,255.215,55.532,157.251,0.864568,-1,-1,-1
208,9,1760.536,308.262,76.841,164.871,0.864523,-1,-1,-1
208,55,688.014,409.365,76.153,179.448,0.861083,-1,-1,-1
208,33,553.781,15.227,50.910,108.281,0.860410,-1,-1,-1
208,66,59.120,713.026,103.021,160.722,0.859707,-1,-1,-1
208,60,938.596,0.000,49.626,119.783,0.858526,-1,-1,-1
208,69,759.141,909.285,94.955,170.616,0.858324,-1,-1,-1
208,49,42.491,121.850,54.011,125.555,0.853683,-1,-1,-1
208,23,1192.839,60.810,43.739,114.004,0.851825,-1,-1,-1
208,50,1025.146,319.250,51.732,140.374,0.848969,-1,-1,-1
208,24,1380.572,22.420,38.517,134.297,0.847324,-1,-1,-1
208,43,200.368,71.946,58.489,133.500,0.844198,-1,-1,-1
208,64,1657.378,0.093,54.077,44.349,0.842970,-1,-1,-1
208,63,998.825,4.041,38.401,110.449,0.842452,-1,-1,-1
208,16,818.569,0.000,38.136,96.380,0.835265,-1,-1,-1
208,8,683.558,36.639,47.227,135.030,0.826386,-1,-1,-1
208,38,377.009,480.913,81.206,161.524,0.815708,-1,-1,-1
208,31,1861.708,623.622,58.292,175.615,0.813458,-1,-1,-1
208,56,418.508,458.788,89.791,160.747,0.811532,-1,-1,-1
208,21,865.716,0.000,38.113,94.823,0.802957,-1,-1,-1
208,28,972.382,567.131,80.048,193.207,0.802946,-1,-1,-1
208,68,1889.025,0.000,30.929,56.191,0.799332,-1,-1,-1
208,27,1161.829,0.033,39.949,64.219,0.789791,-1,-1,-1
208,40,332.941,464.049,69.318,152.365,0.768271,-1,-1,-1
208,34,1215.407,0.006,33.470,75.821,0.751521,-1,-1,-1
208,70,896.817,0.114,30.162,43.654,0.597625,-1,-1,-1
208,36,1799.109,0.000,39.358,15.520,0.566998,-1,-1,-1
208,53,247.058,1048.228,91.885,31.748,0.488354,-1,-1,-1
208,62,1126.541,11.208,43.505,73.141,0.255908,-1,-1,-1
209,13,1174.891,478.557,72.937,151.446,0.891888,-1,-1,-1
209,54,1241.448,301.358,65.805,157.897,0.883899,-1,-1,-1
209,15,928.498,738.615,93.400,199.966,0.880332,-1,-1,-1
209,14,1847.988,167.733,52.730,134.535,0.878231,-1,-1,-1
209,30,491.056,685.863,80.886,168.427,0.877984,-1,-1,-1
209,20,1061.748,190.897,59.494,142.193,0.876479,-1,-1,-1
209,42,1521.699,107.241,57.226,139.903,0.871211,-1,-1,-1
209,19,1797.833,168.622,58.495,124.003,0.870574,-1,-1,-1
209,9,1760.852,310.424,76.641,168.946,0.869718,-1,-1,-1
209,33,554.010,11.135,56.659,112.186,0.866463,-1,-1,-1
209,69,759.241,905.438,95.703,174.403,0.865340,-1,-1,-1
209,55,687.937,407.588,76.712,181.197,0.863405,-1,-1,-1
209,2,722.667,0.000,43.152,104.756,0.863050,-1,-1,-1
209,12,517.819,878.871,103.147,178.383,0.860629,-1,-1,-1
209,22,902.788,257.952,54.378,156.607,0.860380,-1,-1,-1
209,60,938.763,0.000,50.364,120.490,0.859152,-1,-1,-1
209,64,1657.343,0.148,65.192,44.383,0.857283,-1,-1,-1
209,49,42.540,122.000,54.032,125.636,0.856006,-1,-1,-1
209,50,1025.094,316.223,47.729,138.610,0.851429,-1,-1,-1
209,43,199.641,72.996,58.349,132.043,0.847658,-1,-1,-1
209,23,1195.723,60.257,42.559,114.553,0.846874,-1,-1,-1
209,24,1380.464,22.441,38.619,134.262,0.846184,-1,-1,-1
209,63,999.459,5.358,37.777,109.743,0.842426,-1,-1,-1
209,16,818.079,0.000,38.420,93.762,0.837668,-1,-1,-1
209,66,62.998,717.501,107.560,162.044,0.832094,-1,-1,-1
209,8,683.479,36.278,47.747,135.427,0.830114,-1,-1,-1
209,21,865.644,0.000,42.948,94.157,0.827156,-1,-1,-1
209,38,377.430,481.776,80.729,160.718,0.824534,-1,-1,-1
209,56,420.168,459.565,88.056,157.351,0.815923,-1,-1,-1
209,28,977.122,569.643,76.725,191.320,0.811441,-1,-1,-1
209,68,1889.101,0.113,30.865,56.054,0.801164,-1,-1,-1
209,31,1864.909,627.217,55.091,185.687,0.795494,-1,-1,-1
209,27,1160.960,0.035,40.471,64.788,0.792420,-1,-1,-1
209,40,333.048,464.734,69.301,152.086,0.767597,-1,-1,-1
209,34,1215.055,0.000,33.792,76.068,0.753796,-1,-1,-1
209,36,1799.162,0.000,39.382,15.766,0.570935,-1,-1,-1
209,70,898.995,0.252,28.672,45.376,0.539381,-1,-1,-1
209,62,1123.349,11.889,46.202,72.518,0.568258,-1,-1,-1
210,13,1173.960,482.707,74.164,150.466,0.887866,-1,-1,-1
210,54,1236.498,299.219,70.821,160.602,0.886129,-1,-1,-1
210,15,928.141,742.660,93.011,201.231,0.879746,-1,-1,-1
210,66,64.531,720.561,113.625,172.188,0.876053,-1,-1,-1
210,20,1061.251,189.610,60.087,143.766,0.874644,-1,-1,-1
210,14,1847.769,170.403,53.763,134.747,0.873928,-1,-1,-1
210,42,1519.257,106.170,58.705,140.760,0.873135,-1,-1,-1
210,30,490.419,689.863,81.514,174.588,0.871005,-1,-1,-1
210,9,1760.850,312.647,76.576,169.585,0.869736,-1,-1,-1
210,12,517.511,882.822,101.571,182.503,0.868898,-1,-1,-1
210,33,554.928,16.906,59.116,106.112,0.866580,-1,-1,-1
210,19,1799.579,169.378,57.804,123.468,0.865335,-1,-1,-1
210,22,903.320,259.922,54.368,157.846,0.864838,-1,-1,-1
210,69,758.909,901.531,95.163,178.469,0.860134,-1,-1,-1
210,60,938.738,0.000,50.924,120.663,0.859580,-1,-1,-1
210,49,41.731,122.571,54.655,125.169,0.859098,-1,-1,-1
210,2,723.119,0.000,41.986,104.584,0.857401,-1,-1,-1
210,64,1657.970,0.050,70.348,44.492,0.855159,-1,-1,-1
210,55,688.144,406.037,75.522,183.255,0.854136,-1,-1,-1
210,50,1024.764,313.311,47.518,135.244,0.850768,-1,-1,-1
210,43,198.967,73.991,59.280,131.435,0.847238,-1,-1,-1
210,24,1380.478,22.597,38.687,134.114,0.846050,-1,-1,-1
210,63,999.586,5.972,37.668,109.147,0.841624,-1,-1,-1
210,16,817.899,0.000,38.455,91.455,0.839992,-1,-1,-1
210,23,1197.782,60.557,42.020,113.936,0.838488,-1,-1,-1
210,21,864.429,0.000,44.848,93.127,0.835175,-1,-1,-1
210,8,683.118,35.534,48.263,135.604,0.832413,-1,-1,-1
210,38,376.748,482.406,80.933,160.294,0.829270,-1,-1,-1
210,56,421.126,459.581,87.158,157.511,0.821325,-1,-1,-1
210,28,978.748,572.087,76.468,189.341,0.808768,-1,-1,-1
210,68,1889.032,0.135,30.932,55.824,0.803700,-1,-1,-1
210,27,1160.919,0.049,39.500,64.974,0.797037,-1,-1,-1
210,31,1843.136,630.035,76.864,197.854,0.766788,-1,-1,-1
210,40,332.833,464.948,70.127,151.974,0.765478,-1,-1,-1
210,34,1215.318,0.000,34.455,77.096,0.751998,-1,-1,-1
210,71,0.007,0.000,23.232,50.941,0.749664,-1,-1,-1
210,36,1799.023,0.000,40.080,15.604,0.552404,-1,-1,-1
210,70,899.222,0.258,29.309,48.107,0.478869,-1,-1,-1
210,62,1124.213,12.034,45.544,72.521,0.305713,-1,-1,-1
211,13,1173.287,483.166,75.098,156.867,0.894802,-1,-1,-1
211,54,1241.627,293.759,65.596,165.705,0.885816,-1,-1,-1
211,15,927.706,746.075,92.996,198.148,0.880261,-1,-1,-1
211,20,1062.099,189.213,59.384,144.267,0.879194,-1,-1,-1
211,14,1847.648,171.977,54.326,135.167,0.873438,-1,-1,-1
211,42,1516.812,105.905,59.101,141.136,0.873028,-1,-1,-1
211,69,758.621,897.379,94.305,182.621,0.872548,-1,-1,-1
211,30,489.660,694.393,82.258,172.248,0.871033,-1,-1,-1
211,33,556.016,19.689,61.036,103.996,0.867298,-1,-1,-1
211,22,904.579,261.973,53.683,157.235,0.865331,-1,-1,-1
211,9,1759.644,314.829,77.859,168.122,0.863765,-1,-1,-1
211,60,938.253,0.000,52.051,120.572,0.862005,-1,-1,-1
211,12,516.761,887.211,100.265,192.332,0.861984,-1,-1,-1
211,66,67.796,725.719,115.300,172.844,0.861630,-1,-1,-1
211,19,1801.360,170.222,56.924,122.824,0.861472,-1,-1,-1
211,64,1658.869,0.091,74.111,44.639,0.858826,-1,-1,-1
211,55,687.994,404.443,74.306,183.921,0.856069,-1,-1,-1
211,2,723.449,0.000,41.497,104.871,0.854520,-1,-1,-1
211,50,1024.783,310.594,47.206,133.971,0.853813,-1,-1,-1
211,49,43.236,123.305,53.308,124.545,0.852376,-1,-1,-1
211,24,1380.366,22.548,38.821,134.307,0.846384,-1,-1,-1
211,43,198.576,74.763,59.915,130.752,0.846038,-1,-1,-1
211,63,999.369,6.542,37.979,108.954,0.844390,-1,-1,-1
211,23,1198.994,58.975,39.802,115.494,0.843336,-1,-1,-1
211,16,817.400,0.000,38.681,89.601,0.836560,-1,-1,-1
211,8,682.743,34.941,48.466,135.100,0.833858,-1,-1,-1
211,38,377.857,482.635,80.193,160.009,0.828459,-1,-1,-1
211,56,421.634,459.775,86.366,157.256,0.817077,-1,-1,-1
211,68,1889.010,0.233,30.963,55.254,0.809472,-1,-1,-1
211,21,864.082,0.002,37.406,92.526,0.805867,-1,-1,-1
211,27,1152.038,0.000,47.662,65.364,0.783680,-1,-1,-1
211,40,332.901,465.420,69.278,151.470,0.768908,-1,-1,-1
211,28,978.415,574.822,74.093,186.783,0.764694,-1,-1,-1
211,34,1214.994,0.000,35.973,75.828,0.763357,-1,-1,-1
211,31,1848.526,630.791,71.474,206.050,0.756568,-1,-1,-1
211,70,902.736,0.110,28.387,47.213,0.603713,-1,-1,-1
211,36,1798.967,0.000,40.204,15.635,0.556986,-1,-1,-1
211,62,1122.283,12.710,48.359,71.596,0.411605,-1,-1,-1
212,13,1173.499,488.108,75.247,152.755,0.895741,-1,-1,-1
212,54,1241.784,297.997,64.206,161.645,0.882600,-1,-1,-1
212,9,1761.509,317.437,76.421,167.482,0.880211,-1,-1,-1
212,15,927.752,749.518,90.677,195.000,0.878730,-1,-1,-1
212,14,1847.672,173.460,55.176,135.080,0.877077,-1,-1,-1
212,69,758.701,893.775,92.771,186.225,0.872848,-1,-1,-1
212,20,1062.071,188.234,59.405,145.160,0.872796,-1,-1,-1
212,30,489.706,698.037,81.376,172.761,0.872250,-1,-1,-1
212,42,1515.366,104.836,58.618,141.770,0.871622,-1,-1,-1
212,55,688.087,402.739,72.600,183.647,0.867410,-1,-1,-1
212,12,517.037,892.446,96.650,185.937,0.864726,-1,-1,-1
212,33,558.963,20.419,59.374,103.229,0.863723,-1,-1,-1
212,64,1660.139,0.159,73.908,44.430,0.863503,-1,-1,-1
212,22,904.233,263.515,54.330,156.125,0.862039,-1,-1,-1
212,19,1804.634,170.898,53.820,122.120,0.858402,-1,-1,-1
212,50,1025.545,308.866,46.640,134.635,0.853941,-1,-1,-1
212,60,938.601,0.000,51.243,121.317,0.853627,-1,-1,-1
212,43,198.503,75.537,58.894,130.179,0.851445,-1,-1,-1
212,24,1380.424,22.626,38.624,134.173,0.847169,-1,-1,-1
212,49,42.852,123.939,53.709,123.916,0.846808,-1,-1,-1
212,2,723.789,0.000,40.025,105.399,0.845238,-1,-1,-1
212,23,1199.668,58.973,39.947,114.674,0.842505,-1,-1,-1
212,63,999.714,7.287,37.719,108.675,0.842109,-1,-1,-1
212,16,817.359,0.000,38.394,89.080,0.840414,-1,-1,-1
212,66,73.075,730.722,114.629,171.788,0.836275,-1,-1,-1
212,8,683.182,34.080,47.555,134.816,0.833556,-1,-1,-1
212,38,377.922,482.650,79.791,160.077,0.827796,-1,-1,-1
212,56,422.487,459.977,85.265,157.142,0.819297,-1,-1,-1
212,27,1158.919,0.000,39.524,66.164,0.803278,-1,-1,-1
212,21,862.948,0.000,36.879,90.377,0.799106,-1,-1,-1
212,68,1889.121,0.151,30.858,54.854,0.798538,-1,-1,-1
212,28,977.663,576.632,77.811,185.980,0.792585,-1,-1,-1
212,40,333.169,465.735,67.398,150.787,0.779019,-1,-1,-1
212,34,1214.824,0.000,36.464,75.845,0.761618,-1,-1,-1
212,31,1842.827,640.674,77.173,197.374,0.747112,-1,-1,-1
212,70,901.001,0.110,29.850,46.955,0.667231,-1,-1,-1
212,36,1799.099,0.000,39.594,15.834,0.575253,-1,-1,-1
212,62,1120.676,13.523,48.984,70.657,0.698483,-1,-1,-1
213,13,1175.658,494.321,73.049,147.980,0.888729,-1,-1,-1
213,9,1761.174,321.798,76.906,165.390,0.884056,-1,-1,-1
213,69,757.692,885.089,90.840,194.911,0.878587,-1,-1,-1
213,54,1242.233,298.363,61.615,160.793,0.876052,-1,-1,-1
213,15,928.135,756.223,89.734,188.266,0.875549,-1,-1,-1
213,14,1848.000,175.849,57.099,134.994,0.870376,-1,-1,-1
213,20,1063.741,185.795,58.608,146.191,0.870366,-1,-1,-1
213,30,488.177,705.899,79.522,173.313,0.867691,-1,-1,-1
213,42,1516.298,101.970,54.168,143.132,0.865684,-1,-1,-1
213,22,903.706,266.284,55.873,153.264,0.863834,-1,-1,-1
213,66,80.982,737.360,110.123,175.309,0.863825,-1,-1,-1
213,12,515.030,901.779,95.127,178.221,0.858464,-1,-1,-1
213,19,1808.066,173.133,51.651,120.641,0.857894,-1,-1,-1
213,55,688.690,398.218,72.577,181.228,0.856883,-1,-1,-1
213,23,1200.469,59.818,44.787,112.447,0.856133,-1,-1,-1
213,43,198.491,76.677,61.893,129.199,0.854157,-1,-1,-1
213,33,565.973,20.854,53.583,102.689,0.854152,-1,-1,-1
213,64,1664.781,0.128,72.358,44.083,0.852441,-1,-1,-1
213,60,936.960,0.000,52.323,121.607,0.851756,-1,-1,-1
213,2,723.983,0.000,39.449,104.932,0.848109,-1,-1,-1
213,24,1380.369,22.743,38.607,134.216,0.847773,-1,-1,-1
213,49,43.675,124.405,52.885,123.620,0.846073,-1,-1,-1
213,50,1026.239,305.642,45.859,137.517,0.844218,-1,-1,-1
213,16,816.800,0.000,38.764,87.806,0.843101,-1,-1,-1
213,63,999.959,8.390,37.358,107.410,0.840773,-1,-1,-1
213,38,376.372,481.516,81.489,161.187,0.832677,-1,-1,-1
213,8,683.444,30.060,46.962,136.233,0.830582,-1,-1,-1
213,56,423.663,460.013,84.374,158.999,0.830061,-1,-1,-1
213,28,971.717,580.346,86.753,181.288,0.817951,-1,-1,-1
213,21,861.841,0.000,40.291,85.605,0.815477,-1,-1,-1
213,68,1889.242,0.217,30.757,54.545,0.802765,-1,-1,-1
213,27,1159.498,0.000,38.047,66.080,0.801885,-1,-1,-1
213,40,333.062,466.931,68.744,150.650,0.782414,-1,-1,-1
213,34,1214.524,0.000,35.898,74.114,0.761845,-1,-1,-1
213,31,1850.570,650.542,69.393,201.975,0.753420,-1,-1,-1
213,72,1136.125,6.287,33.355,80.435,0.668732,-1,-1,-1
213,70,903.002,0.000,32.041,47.254,0.667906,-1,-1,-1
213,36,1799.243,0.000,38.760,15.747,0.582504,-1,-1,-1
213,62,1119.031,13.754,50.028,70.546,0.583690,-1,-1,-1
214,13,1177.352,496.559,71.731,145.792,0.886549,-1,-1,-1
214,9,1760.828,322.835,77.632,164.112,0.879298,-1,-1,-1
214,15,928.110,759.929,87.441,184.374,0.875452,-1,-1,-1
214,69,757.393,878.141,90.321,201.859,0.874886,-1,-1,-1
214,54,1242.246,296.477,60.839,160.647,0.873712,-1,-1,-1
214,20,1064.790,183.311,57.995,147.463,0.870917,-1,-1,-1
214,30,486.419,708.987,80.272,170.506,0.870582,-1,-1,-1
214,14,1848.265,176.402,58.698,134.606,0.869786,-1,-1,-1
214,12,513.805,907.773,95.165,172.227,0.868692,-1,-1,-1
214,55,688.544,394.386,71.591,181.099,0.864318,-1,-1,-1
214,42,1515.521,100.323,53.475,143.842,0.863851,-1,-1,-1
214,22,903.450,267.740,57.310,151.886,0.860670,-1,-1,-1
214,33,569.109,20.579,50.427,103.329,0.859296,-1,-1,-1
214,60,935.265,0.000,53.856,121.233,0.857674,-1,-1,-1
214,23,1201.842,59.088,43.693,111.558,0.856546,-1,-1,-1
214,19,1808.094,174.390,51.709,123.302,0.855622,-1,-1,-1
214,43,198.565,76.953,61.526,129.126,0.853251,-1,-1,-1
214,2,723.896,0.000,39.564,103.620,0.850221,-1,-1,-1
214,50,1027.229,304.575,44.933,138.577,0.848815,-1,-1,-1
214,24,1380.524,22.712,38.427,134.231,0.848173,-1,-1,-1
214,49,43.249,124.883,53.394,123.200,0.848139,-1,-1,-1
214,64,1669.116,0.060,68.030,44.205,0.847666,-1,-1,-1
214,16,816.772,0.000,38.270,87.474,0.843562,-1,-1,-1
214,63,999.878,9.249,37.235,106.516,0.842069,-1,-1,-1
214,38,376.437,481.256,81.370,161.530,0.835796,-1,-1,-1
214,8,683.639,27.268,46.364,136.235,0.834689,-1,-1,-1
214,56,424.091,460.039,83.867,158.950,0.833045,-1,-1,-1
214,21,861.345,0.000,41.096,84.129,0.831637,-1,-1,-1
214,66,82.944,739.886,109.158,172.954,0.820480,-1,-1,-1
214,28,972.435,583.054,88.141,180.200,0.819494,-1,-1,-1
214,27,1158.812,0.000,38.585,66.706,0.816750,-1,-1,-1
214,68,1889.266,0.157,30.730,54.655,0.803446,-1,-1,-1
214,40,333.059,467.468,68.026,150.180,0.789444,-1,-1,-1
214,34,1214.457,0.000,35.973,73.729,0.772038,-1,-1,-1
214,31,1843.146,654.286,76.775,204.099,0.723778,-1,-1,-1
214,70,902.529,0.000,34.664,47.335,0.711507,-1,-1,-1
214,62,1120.722,4.617,48.468,82.158,0.704314,-1,-1,-1
214,36,1799.239,0.000,38.654,15.694,0.585926,-1,-1,-1
215,13,1180.901,500.005,69.333,142.250,0.887904,-1,-1,-1
215,30,485.425,711.960,80.069,167.850,0.883088,-1,-1,-1
215,9,1761.044,324.222,77.707,163.270,0.881698,-1,-1,-1
215,15,928.703,762.529,89.971,181.708,0.877112,-1,-1,-1
215,54,1241.169,293.652,60.935,162.093,0.871733,-1,-1,-1
215,12,512.841,912.457,95.534,167.543,0.871419,-1,-1,-1
215,14,1848.692,177.536,59.829,133.658,0.870199,-1,-1,-1
215,20,1065.973,181.323,57.521,145.593,0.868605,-1,-1,-1
215,66,86.676,741.687,105.831,171.848,0.867841,-1,-1,-1
215,69,756.152,875.200,90.984,203.394,0.867622,-1,-1,-1
215,55,688.092,390.978,70.745,178.362,0.864894,-1,-1,-1
215,42,1515.331,98.469,51.965,143.355,0.863690,-1,-1,-1
215,19,1807.971,175.645,53.105,126.619,0.859054,-1,-1,-1
215,22,902.562,269.343,58.973,150.532,0.858528,-1,-1,-1
215,2,724.000,0.000,39.130,102.937,0.851548,-1,-1,-1
215,43,198.358,77.780,62.540,128.512,0.851547,-1,-1,-1
215,33,573.106,20.382,46.597,103.393,0.850701,-1,-1,-1
215,49,43.443,125.011,53.293,122.999,0.850620,-1,-1,-1
215,23,1203.086,57.288,43.239,111.219,0.850318,-1,-1,-1
215,50,1027.720,303.613,44.033,139.485,0.847691,-1,-1,-1
215,24,1380.528,22.730,38.414,134.208,0.847332,-1,-1,-1
215,60,935.071,0.268,54.007,121.339,0.846588,-1,-1,-1
215,28,972.325,585.018,90.250,182.485,0.843048,-1,-1,-1
215,63,1000.235,10.008,36.772,106.042,0.840478,-1,-1,-1
215,16,816.363,0.000,38.256,87.609,0.839146,-1,-1,-1
215,8,684.239,25.107,45.497,131.874,0.835048,-1,-1,-1
215,56,424.496,460.051,83.670,159.251,0.833052,-1,-1,-1
215,64,1674.365,0.115,65.934,43.585,0.824058,-1,-1,-1
215,38,376.764,481.092,80.990,161.727,0.823122,-1,-1,-1
215,21,860.828,0.000,40.555,83.683,0.816769,-1,-1,-1
215,68,1889.221,0.185,30.771,54.740,0.806662,-1,-1,-1
215,27,1159.188,0.000,37.461,68.021,0.793487,-1,-1,-1
215,40,332.949,467.779,68.830,149.749,0.783587,-1,-1,-1
215,31,1873.578,664.184,46.422,199.253,0.778076,-1,-1,-1
215,34,1214.428,0.000,36.394,73.177,0.775501,-1,-1,-1
215,70,902.228,0.000,35.779,47.953,0.735149,-1,-1,-1
215,62,1117.993,4.291,50.582,82.608,0.655198,-1,-1,-1
215,36,1799.224,0.000,38.924,15.681,0.577305,-1,-1,-1
215,73,1118.808,13.485,49.487,71.430,0.509594,-1,-1,-1
216,13,1184.134,500.763,67.303,141.582,0.889254,-1,-1,-1
216,9,1761.259,325.401,77.716,162.215,0.881502,-1,-1,-1
216,12,511.749,916.961,95.637,162.991,0.881018,-1,-1,-1
216,30,484.669,714.538,78.717,165.477,0.876146,-1,-1,-1
216,15,929.165,766.076,86.678,178.747,0.874906,-1,-1,-1
216,54,1240.314,290.971,61.273,162.869,0.873405,-1,-1,-1
216,66,89.552,743.167,102.884,171.246,0.872550,-1,-1,-1
216,55,687.109,388.153,72.298,172.223,0.870715,-1,-1,-1
216,14,1849.498,178.004,60.579,133.488,0.868052,-1,-1,-1
216,20,1066.370,179.183,58.243,143.682,0.865970,-1,-1,-1
216,42,1515.172,96.864,50.989,142.270,0.862907,-1,-1,-1
216,69,755.993,870.019,90.488,203.048,0.860306,-1,-1,-1
216,19,1808.137,177.054,53.652,128.723,0.857796,-1,-1,-1
216,2,724.082,0.000,38.821,102.471,0.854859,-1,-1,-1
216,22,902.461,270.807,59.426,147.404,0.854415,-1,-1,-1
216,49,43.159,125.213,53.500,122.786,0.851899,-1,-1,-1
216,28,973.219,588.272,89.984,191.005,0.849341,-1,-1,-1
216,43,198.484,78.926,62.874,127.403,0.848873,-1,-1,-1
216,24,1380.558,22.775,38.402,134.152,0.847683,-1,-1,-1
216,33,578.123,20.164,41.076,103.619,0.845739,-1,-1,-1
216,50,1028.783,301.701,43.174,141.044,0.842493,-1,-1,-1
216,23,1204.693,56.502,43.543,109.624,0.840052,-1,-1,-1
216,63,1000.124,11.043,36.863,108.323,0.836071,-1,-1,-1
216,38,376.401,481.545,81.479,161.307,0.835980,-1,-1,-1
216,16,816.278,0.000,38.500,87.580,0.834521,-1,-1,-1
216,56,425.059,460.025,83.308,159.191,0.833687,-1,-1,-1
216,60,935.394,1.410,53.678,122.876,0.831253,-1,-1,-1
216,8,684.650,22.835,45.081,129.695,0.830597,-1,-1,-1
216,21,860.438,0.000,39.478,83.336,0.824408,-1,-1,-1
216,64,1680.562,0.068,60.826,43.300,0.812157,-1,-1,-1
216,68,1889.325,0.173,30.663,54.800,0.804903,-1,-1,-1
216,27,1159.174,0.000,37.415,70.625,0.784875,-1,-1,-1
216,34,1214.231,0.000,36.616,72.428,0.782507,-1,-1,-1
216,40,333.045,468.174,69.274,149.377,0.781433,-1,-1,-1
216,31,1846.759,670.866,73.241,194.236,0.740469,-1,-1,-1
216,62,1121.536,2.288,46.867,84.857,0.706675,-1,-1,-1
216,70,901.879,0.000,38.677,48.016,0.599508,-1,-1,-1
216,36,1799.234,0.000,39.005,15.675,0.573279,-1,-1,-1
216,74,1909.213,216.592,10.787,101.301,0.451650,-1,-1,-1
216,73,1117.657,14.282,50.787,69.479,0.267432,-1,-1,-1
217,13,1185.736,503.751,66.979,138.677,0.886234,-1,-1,-1
217,12,510.058,921.721,96.797,157.905,0.882655,-1,-1,-1
217,9,1761.565,326.400,77.794,160.974,0.881076,-1,-1,-1
217,54,1238.139,287.820,63.114,162.187,0.876679,-1,-1,-1
217,30,483.662,716.950,78.681,163.870,0.871563,-1,-1,-1
217,14,1850.045,179.000,61.341,132.475,0.871463,-1,-1,-1
217,15,929.460,770.186,87.824,189.030,0.869650,-1,-1,-1
217,55,685.864,384.989,73.668,168.221,0.866150,-1,-1,-1
217,69,754.868,863.876,91.731,200.157,0.864766,-1,-1,-1
217,42,1514.736,94.460,50.358,139.302,0.864754,-1,-1,-1
217,20,1067.105,177.291,58.135,141.401,0.864033,-1,-1,-1
217,66,90.017,745.421,104.343,168.814,0.862437,-1,-1,-1
217,22,902.186,272.762,60.375,147.742,0.861840,-1,-1,-1
217,19,1808.266,178.203,53.899,128.874,0.857846,-1,-1,-1
217,33,583.500,19.690,35.660,104.536,0.854045,-1,-1,-1
217,49,42.615,124.967,54.093,122.987,0.853912,-1,-1,-1
217,2,724.107,0.000,39.057,100.010,0.850326,-1,-1,-1
217,50,1029.396,300.050,42.480,141.394,0.848848,-1,-1,-1
217,24,1380.556,22.797,38.409,134.150,0.847411,-1,-1,-1
217,43,198.500,79.767,63.703,128.376,0.846489,-1,-1,-1
217,28,973.753,591.350,88.910,198.878,0.844422,-1,-1,-1
217,38,375.907,481.594,81.995,161.310,0.839569,-1,-1,-1
217,60,934.310,2.449,54.783,125.014,0.837376,-1,-1,-1
217,63,1000.484,12.460,36.469,109.683,0.836904,-1,-1,-1
217,8,684.709,20.870,44.476,128.188,0.833962,-1,-1,-1
217,56,425.070,459.999,83.388,159.239,0.833946,-1,-1,-1
217,16,816.259,0.000,38.240,87.472,0.833762,-1,-1,-1
217,21,860.033,0.024,38.662,83.159,0.832965,-1,-1,-1
217,23,1207.222,55.620,42.420,106.718,0.826280,-1,-1,-1
217,68,1889.579,0.164,30.418,54.831,0.800964,-1,-1,-1
217,31,1875.872,676.988,44.116,185.355,0.792412,-1,-1,-1
217,64,1688.544,0.060,53.062,43.203,0.784915,-1,-1,-1
217,34,1214.316,0.000,36.573,73.185,0.774781,-1,-1,-1
217,40,332.915,468.399,68.661,149.098,0.774511,-1,-1,-1
217,27,1159.512,0.000,36.015,72.527,0.767657,-1,-1,-1
217,70,904.412,0.000,36.419,47.689,0.756648,-1,-1,-1
217,62,1135.716,1.881,32.538,85.525,0.686154,-1,-1,-1
217,36,1799.187,0.000,39.206,15.713,0.572315,-1,-1,-1
217,74,1908.042,207.854,11.909,106.767,0.490595,-1,-1,-1
217,73,1117.653,13.867,50.201,70.742,0.570587,-1,-1,-1
218,54,1235.178,281.067,65.616,157.135,0.883957,-1,-1,-1
218,13,1189.525,511.157,65.524,142.649,0.883583,-1,-1,-1
218,12,507.183,930.526,96.281,149.403,0.883469,-1,-1,-1
218,22,901.628,277.275,61.776,157.828,0.870740,-1,-1,-1
218,30,482.152,722.194,76.037,158.374,0.868347,-1,-1,-1
218,69,754.228,855.312,91.801,185.345,0.866082,-1,-1,-1
218,9,1761.699,329.330,77.966,158.281,0.864961,-1,-1,-1
218,15,930.156,778.848,87.991,204.230,0.864638,-1,-1,-1
218,55,682.459,378.535,78.686,165.403,0.862428,-1,-1,-1
218,20,1067.079,172.352,58.823,134.891,0.862206,-1,-1,-1
218,49,42.297,125.499,54.507,122.571,0.861580,-1,-1,-1
218,66,95.894,751.204,101.543,164.189,0.857530,-1,-1,-1
218,14,1851.528,181.150,68.472,132.250,0.854690,-1,-1,-1
218,19,1808.545,182.100,54.573,128.194,0.854368,-1,-1,-1
218,43,198.071,82.421,65.394,133.695,0.851372,-1,-1,-1
218,2,724.040,0.000,38.576,92.924,0.851234,-1,-1,-1
218,33,586.823,19.259,33.395,105.025,0.850117,-1,-1,-1
218,42,1512.921,89.911,50.533,135.383,0.847500,-1,-1,-1
218,24,1380.433,22.700,38.666,133.945,0.847005,-1,-1,-1
218,50,1030.164,295.457,42.761,142.667,0.842124,-1,-1,-1
218,28,975.568,600.335,87.667,201.653,0.839927,-1,-1,-1
218,63,999.511,15.017,37.543,111.081,0.837296,-1,-1,-1
218,8,684.572,17.941,45.184,129.870,0.837104,-1,-1,-1
218,71,7.290,0.065,43.655,48.132,0.835570,-1,-1,-1
218,60,932.233,5.253,56.523,125.957,0.833120,-1,-1,-1
218,21,859.010,0.000,37.773,83.156,0.832459,-1,-1,-1
218,16,815.615,0.000,39.284,87.291,0.832259,-1,-1,-1
218,56,425.307,460.009,83.124,159.220,0.830732,-1,-1,-1
218,38,375.890,480.974,81.969,161.748,0.824243,-1,-1,-1
218,68,1890.454,0.124,29.546,54.255,0.806398,-1,-1,-1
218,23,1208.330,53.375,46.814,108.474,0.802731,-1,-1,-1
218,40,332.996,469.298,68.496,147.987,0.792631,-1,-1,-1
218,31,1879.403,686.187,40.597,178.824,0.777050,-1,-1,-1
218,70,905.452,0.000,38.405,48.424,0.758352,-1,-1,-1
218,64,1704.507,0.000,45.988,43.349,0.740065,-1,-1,-1
218,27,1152.125,0.000,43.366,88.129,0.739832,-1,-1,-1
218,34,1213.724,0.000,39.069,76.030,0.706882,-1,-1,-1
218,36,1799.247,0.000,38.838,15.694,0.577763,-1,-1,-1
218,73,1116.568,14.135,51.165,70.500,0.664003,-1,-1,-1
219,54,1234.003,277.211,66.300,152.801,0.884746,-1,-1,-1
219,13,1189.898,514.985,66.358,147.431,0.882678,-1,-1,-1
219,12,505.493,934.156,98.034,145.593,0.882578,-1,-1,-1
219,69,753.781,849.776,90.617,179.040,0.873624,-1,-1,-1
219,22,901.019,279.801,62.526,160.507,0.871362,-1,-1,-1
219,15,930.545,784.434,90.340,207.800,0.867371,-1,-1,-1
219,30,481.243,724.770,79.177,155.950,0.867351,-1,-1,-1
219,14,1853.641,181.709,66.292,132.522,0.865225,-1,-1,-1
219,55,680.807,375.224,81.350,168.313,0.864701,-1,-1,-1
219,20,1066.602,170.359,59.711,134.299,0.863322,-1,-1,-1
219,49,42.049,125.645,54.533,122.373,0.863024,-1,-1,-1
219,42,1512.077,88.667,50.309,133.557,0.857489,-1,-1,-1
219,19,1808.671,182.279,55.736,128.915,0.855480,-1,-1,-1
219,9,1761.798,330.768,78.376,156.986,0.855055,-1,-1,-1
219,66,97.042,754.153,104.270,172.700,0.853772,-1,-1,-1
219,43,198.745,84.140,64.579,134.538,0.852936,-1,-1,-1
219,2,724.057,0.000,39.061,89.691,0.850865,-1,-1,-1
219,50,1030.396,293.442,42.531,141.116,0.849276,-1,-1,-1
219,24,1380.595,22.710,38.436,133.973,0.847918,-1,-1,-1
219,33,587.607,19.406,34.935,104.750,0.846206,-1,-1,-1
219,8,684.247,17.258,45.514,130.319,0.840091,-1,-1,-1
219,63,998.658,16.947,38.398,110.843,0.839892,-1,-1,-1
219,16,815.584,0.000,38.906,87.513,0.835846,-1,-1,-1
219,28,976.451,604.654,87.677,200.056,0.835519,-1,-1,-1
219,60,934.246,6.722,54.450,125.744,0.834824,-1,-1,-1
219,21,859.288,0.000,37.177,83.052,0.833286,-1,-1,-1
219,56,425.618,459.968,82.669,159.300,0.830795,-1,-1,-1
219,38,376.121,481.055,81.772,161.738,0.827737,-1,-1,-1
219,23,1210.780,53.247,42.905,104.930,0.825507,-1,-1,-1
219,68,1890.071,0.150,29.929,54.668,0.808859,-1,-1,-1
219,71,11.311,0.006,39.543,47.741,0.804593,-1,-1,-1
219,40,333.075,469.433,69.124,147.987,0.791790,-1,-1,-1
219,64,1711.716,0.155,41.697,44.855,0.759513,-1,-1,-1
219,27,1152.117,0.000,42.677,87.417,0.746611,-1,-1,-1
219,70,905.578,0.000,40.443,49.115,0.702901,-1,-1,-1
219,34,1213.812,0.000,38.361,78.991,0.684321,-1,-1,-1
219,31,1887.195,687.804,32.805,177.403,0.653913,-1,-1,-1
219,36,1799.244,0.000,38.915,15.737,0.575874,-1,-1,-1
219,73,1116.153,14.118,50.985,70.042,0.697221,-1,-1,-1
220,9,1762.829,331.931,77.414,155.734,0.884472,-1,-1,-1
220,13,1190.841,518.695,66.434,150.053,0.883907,-1,-1,-1
220,54,1233.781,274.160,66.246,149.160,0.881297,-1,-1,-1
220,30,480.058,728.863,79.654,151.613,0.874147,-1,-1,-1
220,15,931.208,789.189,90.835,207.498,0.871519,-1,-1,-1
220,22,900.421,282.551,63.435,162.215,0.868042,-1,-1,-1
220,12,503.520,938.150,101.223,141.614,0.865557,-1,-1,-1
220,49,41.927,125.577,54.617,121.906,0.863313,-1,-1,-1
220,69,752.922,846.316,91.260,179.143,0.862897,-1,-1,-1
220,20,1066.519,168.295,60.288,135.903,0.861578,-1,-1,-1
220,42,1511.253,86.321,50.326,135.583,0.860364,-1,-1,-1
220,19,1808.752,183.102,57.091,128.240,0.859998,-1,-1,-1
220,14,1854.967,182.795,63.143,130.464,0.859074,-1,-1,-1
220,43,198.928,85.388,63.660,135.693,0.857245,-1,-1,-1
220,50,1030.386,290.481,43.064,139.354,0.852974,-1,-1,-1
220,66,97.617,756.643,105.428,181.893,0.851831,-1,-1,-1
220,63,998.198,18.202,38.553,110.861,0.848255,-1,-1,-1
220,24,1380.509,22.674,38.581,134.019,0.847814,-1,-1,-1
220,28,977.197,607.192,90.702,204.185,0.841858,-1,-1,-1
220,33,588.950,19.238,38.134,104.213,0.839806,-1,-1,-1
220,8,683.478,16.429,46.507,131.310,0.837578,-1,-1,-1
220,2,724.530,0.000,39.953,87.986,0.836849,-1,-1,-1
220,16,815.388,0.000,39.142,87.168,0.835180,-1,-1,-1
220,38,376.393,480.769,81.286,161.678,0.833682,-1,-1,-1
220,21,859.336,0.000,37.223,83.139,0.831343,-1,-1,-1
220,56,425.605,460.017,82.644,159.313,0.828442,-1,-1,-1
220,23,1210.618,49.260,44.063,108.459,0.825194,-1,-1,-1
220,60,936.537,7.648,51.682,126.386,0.816521,-1,-1,-1
220,40,333.088,470.318,67.525,147.129,0.808286,-1,-1,-1
220,68,1890.964,0.168,29.036,54.268,0.807557,-1,-1,-1
220,55,680.667,372.597,82.347,170.578,0.789329,-1,-1,-1
220,64,1717.097,0.032,40.477,45.723,0.762284,-1,-1,-1
220,71,9.314,0.038,41.893,47.700,0.760660,-1,-1,-1
220,27,1152.099,0.000,41.945,88.642,0.734636,-1,-1,-1
220,31,1890.364,687.608,29.636,177.805,0.711267,-1,-1,-1
220,70,904.893,0.000,40.920,49.591,0.676265,-1,-1,-1
220,34,1213.513,0.000,38.958,77.019,0.671185,-1,-1,-1
220,36,1799.269,0.000,38.693,15.743,0.577578,-1,-1,-1
220,73,1115.678,14.638,50.929,70.467,0.772478,-1,-1,-1
221,13,1192.184,522.803,66.437,149.653,0.889007,-1,-1,-1
221,54,1234.023,271.878,66.046,147.867,0.883348,-1,-1,-1
221,9,1762.576,333.531,77.902,155.444,0.883132,-1,-1,-1
221,30,478.558,731.936,80.774,153.705,0.872662,-1,-1,-1
221,15,932.554,794.099,89.978,210.444,0.870517,-1,-1,-1
221,20,1066.548,166.774,59.743,136.869,0.869006,-1,-1,-1
221,42,1509.797,84.747,51.465,137.022,0.862320,-1,-1,-1
221,49,42.403,125.916,54.248,121.526,0.860804,-1,-1,-1
221,22,900.657,285.462,62.923,161.336,0.859964,-1,-1,-1
221,14,1855.531,183.453,64.460,130.145,0.858995,-1,-1,-1
221,19,1808.398,183.977,59.119,127.279,0.858286,-1,-1,-1
221,50,1030.331,287.207,43.177,137.167,0.856898,-1,-1,-1
221,43,199.373,86.090,63.045,135.273,0.852218,-1,-1,-1
221,66,99.578,761.094,106.402,188.905,0.852090,-1,-1,-1
221,69,751.844,841.008,90.156,182.061,0.851005,-1,-1,-1
221,24,1380.479,22.586,38.754,133.923,0.846871,-1,-1,-1
221,63,998.385,19.311,38.261,110.439,0.846387,-1,-1,-1
221,12,500.913,941.697,106.260,138.303,0.844133,-1,-1,-1
221,28,979.089,611.964,88.327,205.005,0.840876,-1,-1,-1
221,8,683.229,15.593,46.901,131.946,0.840727,-1,-1,-1
221,55,678.979,370.594,84.422,172.683,0.839051,-1,-1,-1
221,38,376.190,480.320,81.206,162.200,0.838494,-1,-1,-1
221,2,724.065,0.006,41.614,86.860,0.837725,-1,-1,-1
221,16,815.460,0.000,39.089,86.758,0.834979,-1,-1,-1
221,56,425.380,459.821,82.830,159.353,0.833872,-1,-1,-1
221,21,859.265,0.000,37.368,83.225,0.832921,-1,-1,-1
221,60,938.362,8.981,49.519,127.659,0.829594,-1,-1,-1
221,23,1210.226,50.112,46.104,109.410,0.827772,-1,-1,-1
221,33,591.126,19.798,42.250,103.804,0.827374,-1,-1,-1
221,68,1891.254,0.000,28.746,53.779,0.806828,-1,-1,-1
221,40,333.069,470.902,68.215,146.535,0.801862,-1,-1,-1
221,64,1716.907,0.019,44.720,45.751,0.789989,-1,-1,-1
221,27,1152.097,0.000,41.450,88.913,0.751894,-1,-1,-1
221,71,11.555,0.097,41.397,47.998,0.737815,-1,-1,-1
221,34,1213.626,0.000,38.881,78.706,0.699669,-1,-1,-1
221,70,906.243,0.000,41.763,50.091,0.600886,-1,-1,-1
221,36,1799.175,0.000,39.435,15.601,0.560335,-1,-1,-1
221,62,1115.688,14.194,51.409,73.009,0.442958,-1,-1,-1
221,73,1115.466,14.460,51.330,70.431,0.503248,-1,-1,-1
222,9,1762.811,336.389,77.938,160.443,0.888748,-1,-1,-1
222,13,1192.915,526.899,66.726,151.084,0.886519,-1,-1,-1
222,54,1234.125,269.700,65.593,150.042,0.886082,-1,-1,-1
222,30,478.438,735.629,80.297,164.026,0.879516,-1,-1,-1
222,15,933.425,799.146,91.498,209.347,0.875955,-1,-1,-1
222,14,1856.588,184.342,63.412,129.665,0.871098,-1,-1,-1
222,69,751.227,837.211,87.689,185.910,0.869807,-1,-1,-1
222,20,1066.283,165.543,59.455,138.250,0.869712,-1,-1,-1
222,19,1808.480,185.311,60.136,126.150,0.865153,-1,-1,-1
222,49,42.491,126.262,54.149,121.249,0.860667,-1,-1,-1
222,50,1030.324,284.307,43.510,134.648,0.859055,-1,-1,-1
222,12,500.217,945.345,107.288,134.594,0.857859,-1,-1,-1
222,42,1508.100,83.313,52.074,138.693,0.857857,-1,-1,-1
222,43,199.628,88.186,62.287,134.882,0.856531,-1,-1,-1
222,66,102.562,767.270,106.307,191.263,0.853827,-1,-1,-1
222,33,592.593,20.175,50.135,103.470,0.853800,-1,-1,-1
222,24,1380.465,22.637,38.733,133.806,0.846997,-1,-1,-1
222,22,899.801,287.605,63.326,161.872,0.846574,-1,-1,-1
222,2,724.261,0.108,43.451,86.636,0.845835,-1,-1,-1
222,63,998.568,20.262,37.920,109.606,0.845339,-1,-1,-1
222,38,376.339,479.966,81.123,162.604,0.843524,-1,-1,-1
222,8,682.820,15.061,47.309,133.254,0.838535,-1,-1,-1
222,16,815.431,0.000,39.099,85.875,0.834857,-1,-1,-1
222,56,425.531,459.898,82.512,159.171,0.834202,-1,-1,-1
222,21,859.258,0.003,37.362,83.130,0.832569,-1,-1,-1
222,23,1210.350,43.182,46.375,116.388,0.820877,-1,-1,-1
222,60,938.095,9.905,49.004,127.376,0.817538,-1,-1,-1
222,55,694.801,369.213,69.813,173.830,0.811620,-1,-1,-1
222,28,981.449,613.968,83.322,202.805,0.809717,-1,-1,-1
222,40,332.981,471.922,67.498,145.051,0.809500,-1,-1,-1
222,68,1891.618,0.000,28.382,53.604,0.802989,-1,-1,-1
222,31,1894.836,702.843,25.164,162.759,0.783771,-1,-1,-1
222,71,10.573,0.037,53.212,47.739,0.773379,-1,-1,-1
222,27,1152.108,0.000,40.283,88.642,0.749616,-1,-1,-1
222,64,1717.269,0.000,47.085,44.218,0.735277,-1,-1,-1
222,34,1214.122,0.000,38.411,78.059,0.680983,-1,-1,-1
222,72,1137.650,14.416,28.858,73.014,0.632366,-1,-1,-1
222,36,1799.272,0.000,38.912,15.595,0.559257,-1,-1,-1
222,70,906.110,0.000,44.181,54.136,0.522409,-1,-1,-1
223,13,1195.662,533.463,65.715,149.472,0.887030,-1,-1,-1
223,54,1235.586,266.645,63.308,152.813,0.885592,-1,-1,-1
223,42,1505.543,81.371,52.468,139.493,0.879707,-1,-1,-1
223,9,1763.364,340.651,77.579,169.685,0.876713,-1,-1,-1
223,30,476.162,744.254,82.345,176.851,0.873102,-1,-1,-1
223,20,1065.868,163.833,58.854,140.192,0.872655,-1,-1,-1
223,15,935.798,807.481,94.094,203.497,0.870244,-1,-1,-1
223,69,749.188,831.237,88.220,191.454,0.868999,-1,-1,-1
223,19,1810.505,187.096,59.379,124.788,0.868130,-1,-1,-1
223,14,1861.498,186.539,58.502,130.284,0.865987,-1,-1,-1
223,33,596.730,21.732,57.284,103.130,0.865974,-1,-1,-1
223,12,498.675,953.309,112.669,126.546,0.864636,-1,-1,-1
223,49,42.142,126.502,54.589,121.177,0.863749,-1,-1,-1
223,50,1029.589,278.878,43.402,132.017,0.856840,-1,-1,-1
223,43,200.251,90.339,62.042,134.663,0.853562,-1,-1,-1
223,64,1716.709,0.095,63.987,43.222,0.852158,-1,-1,-1
223,71,28.910,0.091,53.534,47.404,0.847592,-1,-1,-1
223,63,998.276,21.637,38.117,108.174,0.847323,-1,-1,-1
223,2,724.102,0.000,45.974,86.683,0.845681,-1,-1,-1
223,24,1380.633,22.648,38.399,133.796,0.845609,-1,-1,-1
223,38,376.464,480.280,81.066,162.463,0.843340,-1,-1,-1
223,28,981.974,620.436,84.091,197.401,0.842366,-1,-1,-1
223,55,689.563,365.994,76.081,177.498,0.842187,-1,-1,-1
223,8,683.287,12.730,47.026,133.491,0.838267,-1,-1,-1
223,22,899.807,291.038,62.264,159.239,0.831387,-1,-1,-1
223,23,1210.689,45.150,45.943,114.061,0.826077,-1,-1,-1
223,56,425.330,459.749,83.295,159.078,0.825840,-1,-1,-1
223,66,108.123,774.981,107.411,194.582,0.824304,-1,-1,-1
223,60,936.129,11.692,50.175,125.888,0.822329,-1,-1,-1
223,16,815.402,0.000,39.728,83.623,0.820352,-1,-1,-1
223,21,859.484,0.000,37.039,83.092,0.819724,-1,-1,-1
223,40,332.511,473.163,68.546,143.615,0.817504,-1,-1,-1
223,31,1895.552,715.781,24.448,149.937,0.773691,-1,-1,-1
223,68,1894.965,0.000,25.035,52.491,0.765784,-1,-1,-1
223,27,1152.085,0.000,39.253,90.647,0.740173,-1,-1,-1
223,72,1140.943,15.253,25.834,73.110,0.729204,-1,-1,-1
223,34,1214.301,0.000,37.901,74.555,0.680385,-1,-1,-1
223,36,1799.125,0.000,38.764,15.520,0.543012,-1,-1,-1
223,70,904.826,0.000,43.296,49.593,0.485356,-1,-1,-1
224,13,1196.523,535.443,65.996,147.942,0.887705,-1,-1,-1
224,54,1235.218,265.549,63.273,154.234,0.882470,-1,-1,-1
224,42,1504.121,80.284,53.024,140.245,0.878893,-1,-1,-1
224,12,497.865,957.892,113.970,121.855,0.876764,-1,-1,-1
224,30,475.756,748.765,82.450,178.037,0.876160,-1,-1,-1
224,33,598.965,21.847,57.867,102.967,0.874934,-1,-1,-1
224,15,937.484,810.577,93.687,200.375,0.874825,-1,-1,-1
224,20,1065.731,163.023,58.691,141.198,0.874362,-1,-1,-1
224,69,747.852,827.546,89.006,194.934,0.872303,-1,-1,-1
224,49,41.421,126.581,55.437,120.737,0.869104,-1,-1,-1
224,9,1764.053,342.804,77.496,161.232,0.866633,-1,-1,-1
224,14,1863.548,188.096,56.233,133.356,0.865293,-1,-1,-1
224,19,1811.009,187.994,59.685,123.777,0.863168,-1,-1,-1
224,64,1716.792,0.144,69.917,41.647,0.857826,-1,-1,-1
224,71,31.198,0.147,58.152,46.505,0.856238,-1,-1,-1
224,50,1029.155,277.360,43.421,133.024,0.851722,-1,-1,-1
224,63,998.000,22.023,38.124,107.824,0.851126,-1,-1,-1
224,43,200.806,91.182,61.348,133.888,0.850021,-1,-1,-1
224,55,687.435,364.303,78.296,178.956,0.848583,-1,-1,-1
224,24,1380.535,22.511,38.586,133.909,0.845445,-1,-1,-1
224,28,982.054,622.450,83.610,195.432,0.844709,-1,-1,-1
224,38,376.643,480.492,80.751,162.094,0.843340,-1,-1,-1
224,2,725.131,0.000,45.730,86.928,0.842254,-1,-1,-1
224,8,683.929,11.051,46.436,133.466,0.837186,-1,-1,-1
224,56,425.591,459.884,82.468,159.021,0.832615,-1,-1,-1
224,66,112.097,782.923,105.903,189.558,0.831023,-1,-1,-1
224,60,936.328,12.750,49.748,124.830,0.830614,-1,-1,-1
224,22,899.010,292.591,62.406,159.101,0.824371,-1,-1,-1
224,21,859.439,0.000,36.955,82.425,0.820653,-1,-1,-1
224,40,332.700,473.482,68.114,143.123,0.819801,-1,-1,-1
224,16,815.256,0.000,40.870,81.068,0.817774,-1,-1,-1
224,27,1152.024,0.000,37.769,91.027,0.770592,-1,-1,-1
224,23,1210.430,0.000,49.732,157.857,0.762782,-1,-1,-1
224,68,1896.670,0.000,23.330,51.138,0.758215,-1,-1,-1
224,72,1139.368,15.135,27.994,72.795,0.713930,-1,-1,-1
224,31,1895.233,712.379,24.767,154.175,0.688151,-1,-1,-1
224,36,1799.247,0.000,38.198,15.611,0.546033,-1,-1,-1
224,70,906.656,0.000,47.772,50.527,0.427885,-1,-1,-1
225,9,1764.650,345.586,77.794,143.013,0.893018,-1,-1,-1
225,13,1197.303,537.906,66.344,145.455,0.885756,-1,-1,-1
225,69,748.053,824.528,88.534,198.415,0.883106,-1,-1,-1
225,54,1235.141,263.622,63.139,155.540,0.880104,-1,-1,-1
225,42,1503.025,79.027,53.256,140.882,0.877249,-1,-1,-1
225,12,496.938,963.155,114.909,116.822,0.876782,-1,-1,-1
225,33,600.491,22.006,57.497,102.946,0.876383,-1,-1,-1
225,15,938.605,814.038,94.827,196.987,0.875023,-1,-1,-1
225,20,1065.539,162.103,58.021,142.248,0.873797,-1,-1,-1
225,30,475.427,752.845,82.213,177.426,0.873111,-1,-1,-1
225,49,41.143,126.589,55.429,120.957,0.869142,-1,-1,-1
225,14,1865.841,189.025,53.899,135.899,0.860334,-1,-1,-1
225,19,1811.715,188.486,59.979,122.962,0.858483,-1,-1,-1
225,71,30.386,0.086,63.498,46.428,0.855394,-1,-1,-1
225,64,1717.304,0.144,73.167,41.521,0.853526,-1,-1,-1
225,63,997.888,22.676,38.144,107.259,0.851462,-1,-1,-1
225,43,201.537,91.739,60.975,133.297,0.850942,-1,-1,-1
225,50,1028.628,275.816,43.913,134.627,0.848076,-1,-1,-1
225,24,1380.528,22.465,38.429,133.957,0.845707,-1,-1,-1
225,66,115.129,786.169,104.646,186.767,0.844465,-1,-1,-1
225,22,899.521,294.157,61.958,157.707,0.842674,-1,-1,-1
225,38,376.568,480.408,80.956,162.148,0.840627,-1,-1,-1
225,2,725.536,0.000,45.844,85.884,0.838296,-1,-1,-1
225,8,684.851,9.424,45.880,133.243,0.834999,-1,-1,-1
225,56,425.559,459.529,82.429,159.219,0.833467,-1,-1,-1
225,28,982.492,624.905,81.786,193.259,0.832962,-1,-1,-1
225,55,676.872,362.247,90.336,180.627,0.828419,-1,-1,-1
225,40,332.662,474.035,67.875,142.592,0.824397,-1,-1,-1
225,16,815.085,0.000,40.258,80.092,0.823940,-1,-1,-1
225,21,859.846,0.000,36.678,82.072,0.821231,-1,-1,-1
225,23,1210.850,0.000,49.463,156.785,0.796769,-1,-1,-1
225,60,933.030,13.070,52.835,124.614,0.793950,-1,-1,-1
225,27,1156.177,0.141,33.536,73.312,0.772134,-1,-1,-1
225,68,1898.525,0.000,21.475,50.078,0.749555,-1,-1,-1
225,72,1142.146,11.218,25.760,81.083,0.722056,-1,-1,-1
225,31,1895.294,718.244,24.706,148.782,0.634204,-1,-1,-1
225,70,911.743,0.000,41.595,48.769,0.586571,-1,-1,-1
225,36,1798.969,0.000,38.649,15.534,0.535585,-1,-1,-1
226,9,1765.512,347.651,77.400,140.797,0.890289,-1,-1,-1
226,13,1198.172,539.733,66.483,143.138,0.885041,-1,-1,-1
226,54,1235.118,261.323,63.161,156.082,0.880335,-1,-1,-1
226,69,747.311,820.712,87.977,200.068,0.876737,-1,-1,-1
226,42,1501.544,78.011,53.937,141.301,0.876150,-1,-1,-1
226,20,1065.320,160.525,57.708,143.556,0.874599,-1,-1,-1
226,33,601.825,22.233,56.824,102.729,0.872533,-1,-1,-1
226,12,496.003,966.835,116.274,113.165,0.871376,-1,-1,-1
226,30,474.301,756.587,83.145,177.827,0.870165,-1,-1,-1
226,49,41.106,126.702,55.164,120.704,0.870137,-1,-1,-1
226,15,938.952,816.437,94.716,194.593,0.869884,-1,-1,-1
226,71,30.261,0.057,67.374,46.780,0.864235,-1,-1,-1
226,64,1718.053,0.137,72.633,41.603,0.862792,-1,-1,-1
226,19,1813.457,189.612,58.928,121.412,0.859218,-1,-1,-1
226,14,1866.644,190.697,53.108,136.828,0.858098,-1,-1,-1
226,63,997.288,22.888,38.589,107.337,0.857015,-1,-1,-1
226,66,116.600,790.446,100.546,182.969,0.853131,-1,-1,-1
226,50,1027.457,274.488,44.962,135.139,0.853023,-1,-1,-1
226,43,201.446,92.212,61.505,133.024,0.847732,-1,-1,-1
226,2,726.053,0.000,45.376,85.089,0.847587,-1,-1,-1
226,22,900.385,295.589,61.069,156.175,0.845836,-1,-1,-1
226,24,1380.424,22.314,38.478,133.998,0.844816,-1,-1,-1
226,55,695.571,359.303,71.681,181.944,0.840796,-1,-1,-1
226,38,376.727,479.902,80.763,162.535,0.839788,-1,-1,-1
226,8,686.033,7.719,44.666,132.840,0.834997,-1,-1,-1
226,56,425.596,459.457,82.003,158.041,0.832157,-1,-1,-1
226,21,860.157,0.000,36.201,80.603,0.827368,-1,-1,-1
226,40,332.626,473.986,67.294,143.062,0.827082,-1,-1,-1
226,16,814.388,0.000,41.075,77.719,0.813965,-1,-1,-1
226,60,929.898,13.970,56.397,123.675,0.813258,-1,-1,-1
226,28,984.069,627.401,79.560,190.575,0.806424,-1,-1,-1
226,23,1211.429,0.056,48.397,156.591,0.790673,-1,-1,-1
226,27,1152.008,0.113,37.047,92.584,0.778378,-1,-1,-1
226,72,1142.238,15.653,25.773,76.189,0.734097,-1,-1,-1
226,68,1900.188,0.000,19.812,48.720,0.730156,-1,-1,-1
226,31,1895.674,729.449,24.326,137.674,0.618540,-1,-1,-1
226,70,911.522,0.000,40.749,48.334,0.567087,-1,-1,-1
226,36,1798.933,0.000,38.549,15.494,0.533147,-1,-1,-1
227,9,1765.821,350.016,77.076,165.771,0.892933,-1,-1,-1
227,13,1199.187,542.304,66.384,140.446,0.887450,-1,-1,-1
227,54,1235.903,258.927,62.255,156.056,0.879174,-1,-1,-1
227,42,1500.513,76.833,53.702,140.732,0.877775,-1,-1,-1
227,69,747.219,816.394,87.285,202.886,0.877515,-1,-1,-1
227,20,1065.401,159.153,56.948,143.857,0.873153,-1,-1,-1
227,30,475.127,760.888,81.753,177.234,0.871932,-1,-1,-1
227,49,41.249,126.573,55.086,120.569,0.869958,-1,-1,-1
227,33,603.562,22.006,55.871,102.858,0.869129,-1,-1,-1
227,15,940.040,819.043,95.828,192.262,0.866111,-1,-1,-1
227,12,494.022,967.436,118.938,112.564,0.864729,-1,-1,-1
227,71,30.548,0.084,69.866,46.410,0.864179,-1,-1,-1
227,19,1814.425,190.485,59.031,120.949,0.863369,-1,-1,-1
227,64,1718.431,0.148,72.371,41.947,0.860015,-1,-1,-1
227,22,901.830,297.402,59.578,154.166,0.856162,-1,-1,-1
227,50,1026.521,273.388,45.690,136.555,0.853305,-1,-1,-1
227,14,1866.441,190.096,53.283,139.843,0.852666,-1,-1,-1
227,63,997.267,23.818,38.533,107.787,0.851609,-1,-1,-1
227,66,117.515,793.791,105.418,179.006,0.850039,-1,-1,-1
227,55,697.551,356.304,70.955,181.121,0.847841,-1,-1,-1
227,2,726.501,0.000,46.007,84.455,0.845032,-1,-1,-1
227,24,1380.521,22.232,38.235,133.993,0.844382,-1,-1,-1
227,60,928.901,14.377,57.771,123.289,0.843775,-1,-1,-1
227,43,203.237,92.378,58.789,132.706,0.836944,-1,-1,-1
227,38,376.813,479.707,80.264,162.728,0.836278,-1,-1,-1
227,8,686.882,5.869,44.153,129.806,0.835156,-1,-1,-1
227,40,332.638,474.386,67.865,142.525,0.828375,-1,-1,-1
227,56,425.856,459.441,81.571,159.187,0.827573,-1,-1,-1
227,21,860.008,0.000,36.464,79.484,0.819923,-1,-1,-1
227,16,815.389,0.000,39.212,75.506,0.803228,-1,-1,-1
227,27,1154.341,0.111,34.059,72.089,0.796602,-1,-1,-1
227,23,1212.655,0.000,46.551,154.750,0.786287,-1,-1,-1
227,28,983.066,630.504,82.528,188.795,0.773165,-1,-1,-1
227,72,1142.251,15.178,25.941,78.497,0.738180,-1,-1,-1
227,70,912.582,0.000,43.751,49.415,0.680453,-1,-1,-1
227,31,1895.934,753.893,24.066,112.987,0.584394,-1,-1,-1
227,68,1903.412,0.000,16.588,49.069,0.572418,-1,-1,-1
227,36,1798.937,0.000,38.373,15.461,0.535776,-1,-1,-1
228,13,1194.261,547.623,73.835,136.958,0.893484,-1,-1,-1
228,54,1237.680,253.039,61.124,154.947,0.882339,-1,-1,-1
228,15,939.914,825.899,99.507,185.915,0.874842,-1,-1,-1
228,69,747.720,808.009,84.688,200.475,0.873835,-1,-1,-1
228,9,1767.908,353.734,78.162,169.129,0.873468,-1,-1,-1
228,42,1499.732,73.715,52.509,140.035,0.873406,-1,-1,-1
228,49,40.018,126.840,56.389,120.807,0.873068,-1,-1,-1
228,30,473.938,767.117,81.867,173.695,0.872042,-1,-1,-1
228,33,605.999,20.955,53.495,103.528,0.870448,-1,-1,-1
228,20,1065.047,154.737,55.554,142.350,0.866031,-1,-1,-1
228,71,33.286,0.080,68.629,45.947,0.864300,-1,-1,-1
228,12,496.624,982.971,117.847,97.029,0.863816,-1,-1,-1
228,19,1817.925,193.034,57.816,127.831,0.863375,-1,-1,-1
228,14,1866.984,158.652,53.016,173.751,0.854608,-1,-1,-1
228,22,902.263,300.225,58.751,151.143,0.850771,-1,-1,-1
228,50,1025.302,270.635,45.076,138.258,0.850020,-1,-1,-1
228,55,680.511,350.306,89.994,180.226,0.847112,-1,-1,-1
228,63,996.821,26.169,38.729,112.735,0.846999,-1,-1,-1
228,60,935.075,15.126,52.619,122.543,0.846361,-1,-1,-1
228,24,1380.302,22.138,38.507,134.077,0.843059,-1,-1,-1
228,2,727.745,0.000,46.209,82.273,0.842906,-1,-1,-1
228,66,120.975,798.155,102.139,176.028,0.840087,-1,-1,-1
228,64,1721.449,0.118,71.939,42.048,0.838948,-1,-1,-1
228,16,815.375,0.000,38.417,72.626,0.838613,-1,-1,-1
228,8,688.254,1.735,42.769,126.957,0.835202,-1,-1,-1
228,56,426.094,459.421,81.287,159.233,0.832724,-1,-1,-1
228,43,202.359,93.234,60.621,131.964,0.831164,-1,-1,-1
228,21,860.590,0.000,37.916,75.556,0.829326,-1,-1,-1
228,38,377.219,480.073,79.882,162.178,0.829175,-1,-1,-1
228,40,332.783,475.249,66.978,141.266,0.827780,-1,-1,-1
228,28,994.772,637.223,71.860,183.698,0.799579,-1,-1,-1
228,27,1153.701,0.047,33.148,70.895,0.786376,-1,-1,-1
228,23,1214.399,0.097,48.395,147.446,0.778855,-1,-1,-1
228,72,1141.530,15.466,27.405,78.220,0.734753,-1,-1,-1
228,70,916.607,0.000,40.521,51.561,0.687536,-1,-1,-1
228,36,1799.026,0.000,38.421,15.318,0.534984,-1,-1,-1
228,31,1896.504,777.587,23.496,131.988,0.229807,-1,-1,-1
229,13,1193.473,551.348,76.059,143.811,0.887240,-1,-1,-1
229,9,1768.859,355.388,77.932,167.535,0.885556,-1,-1,-1
229,54,1237.067,250.330,61.433,151.216,0.883575,-1,-1,-1
229,15,940.381,829.891,99.715,183.751,0.881319,-1,-1,-1
229,55,679.062,347.543,91.658,176.963,0.875468,-1,-1,-1
229,49,39.523,126.828,56.909,120.506,0.874333,-1,-1,-1
229,69,747.803,803.735,83.461,197.712,0.873550,-1,-1,-1
229,30,472.464,769.592,83.595,172.149,0.867046,-1,-1,-1
229,33,609.009,21.488,50.313,102.817,0.865651,-1,-1,-1
229,20,1064.898,152.723,55.056,141.025,0.864452,-1,-1,-1
229,42,1499.688,71.897,51.525,136.753,0.864130,-1,-1,-1
229,19,1820.502,194.358,55.734,128.644,0.859140,-1,-1,-1
229,12,498.650,988.353,116.412,91.647,0.856530,-1,-1,-1
229,22,902.920,302.096,58.106,149.067,0.853185,-1,-1,-1
229,50,1024.648,269.141,45.542,139.072,0.849607,-1,-1,-1
229,14,1867.140,154.660,52.860,178.807,0.848682,-1,-1,-1
229,63,996.584,27.009,39.143,113.198,0.848554,-1,-1,-1
229,71,37.574,0.107,64.406,45.060,0.847090,-1,-1,-1
229,60,934.998,16.114,52.814,122.455,0.846982,-1,-1,-1
229,66,120.929,799.708,108.797,173.755,0.844777,-1,-1,-1
229,24,1380.267,22.139,38.575,134.082,0.843087,-1,-1,-1
229,2,728.156,0.000,46.068,80.601,0.842462,-1,-1,-1
229,64,1726.644,0.051,70.413,41.103,0.841118,-1,-1,-1
229,8,688.266,0.571,42.761,125.857,0.840518,-1,-1,-1
229,16,815.216,0.000,38.792,71.651,0.840424,-1,-1,-1
229,43,201.781,93.411,61.229,132.594,0.838123,-1,-1,-1
229,56,426.021,459.460,81.733,159.109,0.832541,-1,-1,-1
229,40,332.757,475.268,67.092,141.421,0.831982,-1,-1,-1
229,21,860.970,0.000,37.521,73.806,0.826113,-1,-1,-1
229,38,378.177,480.199,79.021,162.173,0.824808,-1,-1,-1
229,23,1215.387,0.000,49.013,144.443,0.788851,-1,-1,-1
229,28,994.868,640.937,73.816,194.473,0.784311,-1,-1,-1
229,27,1153.569,0.049,33.023,70.159,0.780666,-1,-1,-1
229,72,1141.378,15.686,28.067,78.237,0.742297,-1,-1,-1
229,70,916.752,0.000,40.245,53.909,0.729110,-1,-1,-1
229,36,1799.266,0.000,37.913,15.324,0.532596,-1,-1,-1
230,13,1192.201,555.965,78.593,149.036,0.891544,-1,-1,-1
230,9,1769.860,356.652,77.721,165.302,0.888420,-1,-1,-1
230,15,940.032,833.857,98.885,194.866,0.881112,-1,-1,-1
230,54,1236.378,246.871,62.281,148.126,0.880719,-1,-1,-1
230,49,39.290,126.812,57.107,120.614,0.874962,-1,-1,-1
230,69,747.552,799.012,83.222,195.414,0.869465,-1,-1,-1
230,20,1064.797,150.646,55.559,138.374,0.865213,-1,-1,-1
230,30,472.112,772.986,83.839,168.422,0.864686,-1,-1,-1
230,42,1499.651,70.256,50.608,134.583,0.854484,-1,-1,-1
230,55,680.602,344.775,89.701,172.005,0.854113,-1,-1,-1
230,19,1822.236,195.174,54.725,131.155,0.853093,-1,-1,-1
230,33,612.582,21.114,46.811,103.098,0.852750,-1,-1,-1
230,50,1024.181,267.546,45.644,138.737,0.852133,-1,-1,-1
230,63,996.592,28.849,39.221,113.085,0.850154,-1,-1,-1
230,71,42.900,0.000,58.682,44.150,0.849635,-1,-1,-1
230,43,200.964,94.135,62.291,131.799,0.849561,-1,-1,-1
230,22,903.244,304.285,57.826,150.740,0.846880,-1,-1,-1
230,8,688.285,0.000,42.847,125.698,0.846601,-1,-1,-1
230,24,1380.288,21.968,38.485,134.239,0.844391,-1,-1,-1
230,2,728.649,0.000,45.882,77.913,0.843921,-1,-1,-1
230,12,498.701,992.705,117.118,87.295,0.843838,-1,-1,-1
230,60,935.116,17.328,52.690,123.929,0.839393,-1,-1,-1
230,66,126.920,803.092,108.333,171.184,0.839180,-1,-1,-1
230,40,332.771,475.742,66.949,140.711,0.834183,-1,-1,-1
230,56,426.563,459.441,81.224,159.066,0.833688,-1,-1,-1
230,16,814.907,0.000,40.231,71.017,0.833397,-1,-1,-1
230,64,1730.972,0.000,72.387,40.961,0.828685,-1,-1,-1
230,21,860.733,0.000,38.862,72.064,0.822534,-1,-1,-1
230,38,378.162,480.340,79.186,162.052,0.822439,-1,-1,-1
230,14,1867.731,194.090,52.073,140.116,0.805502,-1,-1,-1
230,23,1215.666,0.000,48.535,143.667,0.792074,-1,-1,-1
230,27,1153.316,0.000,33.164,70.307,0.788830,-1,-1,-1
230,28,994.540,645.172,79.232,202.754,0.782772,-1,-1,-1
230,70,916.086,0.000,40.704,56.209,0.747327,-1,-1,-1
230,72,1141.164,16.262,27.952,77.420,0.737886,-1,-1,-1
230,36,1799.140,0.000,38.122,15.293,0.527800,-1,-1,-1
231,13,1190.602,504.420,81.555,208.953,0.892557,-1,-1,-1
231,9,1769.954,357.616,78.929,164.355,0.886462,-1,-1,-1
231,54,1236.652,243.317,61.289,145.864,0.880108,-1,-1,-1
231,15,940.030,838.389,98.007,203.066,0.875680,-1,-1,-1
231,49,38.878,126.917,57.872,120.375,0.874022,-1,-1,-1
231,20,1064.384,148.568,55.996,134.723,0.869951,-1,-1,-1
231,55,681.922,341.765,88.710,166.995,0.868488,-1,-1,-1
231,69,746.654,794.807,82.652,184.527,0.866720,-1,-1,-1
231,66,129.265,806.470,108.043,167.054,0.863525,-1,-1,-1
231,30,471.071,775.850,84.619,165.692,0.863150,-1,-1,-1
231,71,48.505,0.000,52.921,42.972,0.857177,-1,-1,-1
231,19,1822.432,196.100,55.012,131.091,0.854559,-1,-1,-1
231,42,1496.406,68.919,52.857,132.148,0.852553,-1,-1,-1
231,50,1023.577,265.180,45.817,139.076,0.852106,-1,-1,-1
231,63,996.605,30.048,38.853,113.551,0.850902,-1,-1,-1
231,8,688.180,0.000,42.901,125.502,0.848315,-1,-1,-1
231,22,904.272,306.814,56.652,155.023,0.847035,-1,-1,-1
231,12,498.621,996.581,116.865,83.408,0.845106,-1,-1,-1
231,24,1380.256,21.868,38.570,134.116,0.845067,-1,-1,-1
231,43,201.162,94.841,61.563,130.820,0.843395,-1,-1,-1
231,60,936.763,18.112,50.775,127.578,0.843386,-1,-1,-1
231,33,616.780,20.180,42.433,103.980,0.842523,-1,-1,-1
231,2,728.964,0.000,45.767,75.017,0.841708,-1,-1,-1
231,56,426.574,459.528,81.208,158.821,0.840968,-1,-1,-1
231,14,1868.083,143.643,51.880,190.581,0.837801,-1,-1,-1
231,40,332.728,475.588,67.146,140.902,0.832244,-1,-1,-1
231,16,812.725,0.000,43.798,70.983,0.832062,-1,-1,-1
231,38,379.568,480.238,77.923,161.968,0.821353,-1,-1,-1
231,21,861.451,0.000,37.483,70.653,0.811173,-1,-1,-1
231,23,1215.275,0.184,48.906,141.183,0.802297,-1,-1,-1
231,28,989.722,649.627,83.022,206.555,0.790776,-1,-1,-1
231,64,1736.497,0.053,68.126,40.094,0.789426,-1,-1,-1
231,27,1152.053,0.000,34.228,93.316,0.781089,-1,-1,-1
231,72,1141.079,17.075,28.096,74.850,0.748258,-1,-1,-1
231,70,916.822,0.000,40.107,58.920,0.738408,-1,-1,-1
231,36,1798.996,0.000,38.426,15.316,0.527115,-1,-1,-1
232,9,1770.279,358.784,79.651,163.859,0.893203,-1,-1,-1
232,13,1188.310,503.863,84.235,213.891,0.886349,-1,-1,-1
232,15,939.457,843.778,99.183,208.882,0.885555,-1,-1,-1
232,54,1236.325,240.384,61.263,144.520,0.880161,-1,-1,-1
232,49,38.861,126.935,57.799,120.452,0.877397,-1,-1,-1
232,69,746.109,789.776,81.997,178.828,0.875769,-1,-1,-1
232,66,130.724,810.530,112.282,172.306,0.869464,-1,-1,-1
232,30,470.218,778.651,84.690,163.579,0.868553,-1,-1,-1
232,20,1064.538,146.002,56.006,132.826,0.867193,-1,-1,-1
232,55,683.029,340.247,87.344,161.506,0.863403,-1,-1,-1
232,22,904.293,309.264,57.376,161.434,0.856152,-1,-1,-1
232,50,1022.871,262.498,46.482,137.936,0.854368,-1,-1,-1
232,42,1496.637,67.231,52.482,131.854,0.852338,-1,-1,-1
232,8,688.157,0.000,43.445,125.719,0.848060,-1,-1,-1
232,19,1823.264,197.934,54.939,130.614,0.847957,-1,-1,-1
232,63,996.830,31.309,38.778,113.568,0.846714,-1,-1,-1
232,12,498.074,1000.626,118.960,79.374,0.845934,-1,-1,-1
232,24,1380.309,21.950,38.443,134.031,0.845170,-1,-1,-1
232,2,730.034,0.000,44.904,72.396,0.841756,-1,-1,-1
232,43,201.396,96.244,60.639,133.142,0.839049,-1,-1,-1
232,56,426.887,459.239,80.751,159.125,0.835643,-1,-1,-1
232,14,1869.191,144.530,50.809,189.685,0.833034,-1,-1,-1
232,33,621.155,19.752,38.084,104.423,0.831663,-1,-1,-1
232,40,332.989,475.890,66.788,140.552,0.830050,-1,-1,-1
232,71,55.066,0.014,46.455,42.927,0.827024,-1,-1,-1
232,16,811.726,0.000,42.212,70.409,0.824492,-1,-1,-1
232,60,936.163,20.434,51.828,128.915,0.823433,-1,-1,-1
232,38,379.088,479.615,78.583,162.427,0.815763,-1,-1,-1
232,23,1215.379,0.167,49.123,140.832,0.798538,-1,-1,-1
232,28,993.633,653.521,81.703,203.536,0.796228,-1,-1,-1
232,64,1743.800,0.000,63.262,39.976,0.795240,-1,-1,-1
232,27,1152.056,0.000,34.685,92.990,0.784078,-1,-1,-1
232,21,862.432,0.000,35.997,69.017,0.782865,-1,-1,-1
232,72,1140.894,17.347,28.189,74.434,0.735853,-1,-1,-1
232,70,914.640,0.000,42.491,69.059,0.680763,-1,-1,-1
232,36,1799.402,0.000,38.121,15.327,0.533410,-1,-1,-1
233,9,1770.299,360.394,80.394,162.030,0.896618,-1,-1,-1
233,54,1235.993,238.104,61.847,145.557,0.881758,-1,-1,-1
233,13,1187.565,547.150,85.407,175.137,0.880262,-1,-1,-1
233,49,38.788,126.950,58.492,120.218,0.878797,-1,-1,-1
233,69,745.844,784.617,81.141,174.188,0.875609,-1,-1,-1
233,20,1064.299,143.702,56.312,133.395,0.869210,-1,-1,-1
233,30,469.747,781.525,85.097,161.018,0.867829,-1,-1,-1
233,15,939.474,848.632,98.714,211.586,0.866561,-1,-1,-1
233,66,133.679,815.538,116.372,179.480,0.860911,-1,-1,-1
233,50,1022.703,260.028,46.840,133.637,0.858179,-1,-1,-1
233,42,1496.606,66.061,52.170,130.880,0.857180,-1,-1,-1
233,22,905.527,311.536,56.545,164.082,0.856807,-1,-1,-1
233,19,1823.667,199.052,54.408,130.322,0.852620,-1,-1,-1
233,63,996.935,32.639,38.633,112.995,0.846811,-1,-1,-1
233,24,1380.320,21.921,38.323,134.049,0.846000,-1,-1,-1
233,55,685.658,338.286,83.682,160.673,0.845391,-1,-1,-1
233,8,688.081,0.000,43.437,125.215,0.844075,-1,-1,-1
233,60,936.490,21.902,51.968,128.239,0.840507,-1,-1,-1
233,56,426.889,459.512,80.616,158.985,0.831448,-1,-1,-1
233,43,201.850,97.373,60.686,135.070,0.830415,-1,-1,-1
233,14,1869.726,196.783,50.274,137.163,0.829708,-1,-1,-1
233,40,333.216,476.238,67.001,139.980,0.828697,-1,-1,-1
233,2,730.656,0.000,44.045,69.639,0.828389,-1,-1,-1
233,12,498.072,1004.541,122.000,75.459,0.825151,-1,-1,-1
233,38,378.110,479.744,79.270,162.413,0.823823,-1,-1,-1
233,33,626.027,19.207,33.411,106.534,0.818864,-1,-1,-1
233,28,988.652,657.638,91.478,206.094,0.815912,-1,-1,-1
233,23,1215.507,0.156,50.051,140.843,0.796212,-1,-1,-1
233,16,811.187,0.000,45.410,70.825,0.795035,-1,-1,-1
233,21,862.819,0.000,36.045,68.788,0.790478,-1,-1,-1
233,27,1152.047,0.000,35.063,92.899,0.789832,-1,-1,-1
233,71,60.383,0.017,41.372,43.561,0.761274,-1,-1,-1
233,64,1750.394,0.047,56.446,39.947,0.759437,-1,-1,-1
233,72,1141.215,17.227,27.975,74.558,0.736696,-1,-1,-1
233,70,912.962,0.000,44.449,67.748,0.712844,-1,-1,-1
233,36,1798.593,0.000,39.376,15.268,0.517584,-1,-1,-1
234,9,1770.798,363.760,82.074,157.863,0.889482,-1,-1,-1
234,13,1188.156,572.835,85.597,155.311,0.883473,-1,-1,-1
234,54,1235.993,234.848,61.294,148.628,0.881680,-1,-1,-1
234,49,38.712,126.762,58.766,119.733,0.878058,-1,-1,-1
234,15,937.964,860.442,100.049,211.627,0.877390,-1,-1,-1
234,20,1065.060,140.769,55.835,135.004,0.868810,-1,-1,-1
234,30,468.421,788.206,84.947,155.182,0.865228,-1,-1,-1
234,69,744.281,777.084,84.219,175.523,0.860995,-1,-1,-1
234,55,688.749,334.169,77.251,163.542,0.859335,-1,-1,-1
234,50,1023.255,253.589,45.447,131.205,0.858681,-1,-1,-1
234,42,1494.664,63.930,52.454,132.225,0.855304,-1,-1,-1
234,60,935.828,24.258,53.216,128.172,0.852763,-1,-1,-1
234,22,908.337,316.601,54.999,165.560,0.850311,-1,-1,-1
234,8,687.624,0.000,44.036,124.781,0.849669,-1,-1,-1
234,63,997.294,34.083,38.560,111.185,0.847823,-1,-1,-1
234,19,1824.477,201.415,54.323,129.509,0.845372,-1,-1,-1
234,24,1380.292,21.838,38.241,133.896,0.845141,-1,-1,-1
234,66,140.504,824.739,113.069,166.350,0.839630,-1,-1,-1
234,33,633.377,14.602,30.217,112.332,0.836957,-1,-1,-1
234,14,1872.943,127.601,47.008,206.839,0.835329,-1,-1,-1
234,2,735.719,0.000,36.880,67.318,0.830636,-1,-1,-1
234,38,377.247,479.918,80.122,162.022,0.825537,-1,-1,-1
234,40,333.136,476.195,66.951,140.316,0.823591,-1,-1,-1
234,56,426.851,459.443,80.868,159.088,0.822287,-1,-1,-1
234,23,1228.901,28.782,42.195,110.641,0.811545,-1,-1,-1
234,16,809.116,0.000,46.291,70.859,0.809085,-1,-1,-1
234,43,201.899,99.747,60.428,136.725,0.808284,-1,-1,-1
234,21,862.493,0.000,35.565,66.627,0.802154,-1,-1,-1
234,28,996.286,666.209,85.788,208.012,0.791583,-1,-1,-1
234,12,495.536,1011.148,122.428,68.852,0.785277,-1,-1,-1
234,27,1152.000,0.000,34.641,92.836,0.784159,-1,-1,-1
234,72,1140.586,16.761,29.474,74.946,0.769092,-1,-1,-1
234,70,911.091,0.019,47.610,64.950,0.665813,-1,-1,-1
234,34,1215.690,0.104,38.812,77.223,0.626293,-1,-1,-1
234,64,1765.328,0.000,72.025,40.293,0.618496,-1,-1,-1
234,71,65.200,0.023,39.150,43.672,0.570308,-1,-1,-1
235,9,1770.573,365.727,82.615,157.813,0.891998,-1,-1,-1
235,13,1192.781,579.003,81.387,149.032,0.886132,-1,-1,-1
235,54,1236.016,233.794,60.476,149.189,0.880304,-1,-1,-1
235,49,38.654,126.758,58.944,119.793,0.878314,-1,-1,-1
235,15,937.267,863.627,100.517,211.183,0.872860,-1,-1,-1
235,20,1064.603,139.268,56.418,136.795,0.869403,-1,-1,-1
235,66,142.991,829.685,117.946,184.845,0.864861,-1,-1,-1
235,30,468.452,792.687,85.603,163.535,0.861498,-1,-1,-1
235,69,743.767,773.786,85.221,179.333,0.861210,-1,-1,-1
235,50,1023.466,251.181,45.325,128.528,0.858572,-1,-1,-1
235,22,909.844,319.174,57.001,164.824,0.855123,-1,-1,-1
235,42,1491.527,62.822,54.343,132.895,0.854532,-1,-1,-1
235,8,687.342,0.000,44.165,124.587,0.851982,-1,-1,-1
235,63,996.895,34.648,38.940,110.424,0.851162,-1,-1,-1
235,24,1380.378,21.856,38.158,133.841,0.846595,-1,-1,-1
235,60,936.176,25.511,53.059,127.104,0.845071,-1,-1,-1
235,33,637.168,20.738,30.531,107.137,0.844373,-1,-1,-1
235,19,1825.034,202.094,53.790,128.615,0.843597,-1,-1,-1
235,14,1873.077,197.760,46.851,136.732,0.840634,-1,-1,-1
235,55,688.559,332.293,75.734,165.439,0.840587,-1,-1,-1
235,16,808.917,0.000,48.082,70.277,0.840568,-1,-1,-1
235,38,376.499,481.052,80.754,160.730,0.830227,-1,-1,-1
235,23,1231.368,31.654,40.323,107.807,0.829483,-1,-1,-1
235,43,200.922,101.307,61.993,136.685,0.822587,-1,-1,-1
235,2,735.683,0.000,34.793,66.875,0.822263,-1,-1,-1
235,56,427.206,459.477,80.476,158.951,0.822045,-1,-1,-1
235,40,333.100,476.019,67.059,140.165,0.817699,-1,-1,-1
235,21,861.990,0.000,35.553,66.500,0.815738,-1,-1,-1
235,28,1000.953,669.585,83.355,206.448,0.812898,-1,-1,-1
235,71,78.437,0.058,34.350,43.072,0.798222,-1,-1,-1
235,27,1152.000,0.000,34.285,92.787,0.774601,-1,-1,-1
235,72,1140.211,16.620,29.434,75.115,0.759591,-1,-1,-1
235,12,492.597,1014.509,122.150,65.486,0.754660,-1,-1,-1
235,34,1215.635,0.081,37.547,77.263,0.679191,-1,-1,-1
235,64,1769.603,0.000,52.099,40.615,0.652906,-1,-1,-1
235,70,910.441,0.000,48.746,72.373,0.552823,-1,-1,-1
235,36,1803.470,0.000,40.151,14.932,0.274164,-1,-1,-1
236,9,1771.709,367.867,82.238,161.749,0.893765,-1,-1,-1
236,13,1194.774,581.050,79.462,146.766,0.886297,-1,-1,-1
236,15,936.746,867.788,99.843,209.524,0.884544,-1,-1,-1
236,49,38.414,126.737,59.207,119.662,0.876391,-1,-1,-1
236,54,1236.167,232.239,59.271,151.062,0.874487,-1,-1,-1
236,20,1064.764,138.229,56.833,137.635,0.874306,-1,-1,-1
236,30,468.367,796.221,84.702,171.987,0.868839,-1,-1,-1
236,66,147.451,834.042,114.633,187.743,0.867668,-1,-1,-1
236,42,1488.939,62.528,54.939,133.214,0.867408,-1,-1,-1
236,22,909.738,321.145,59.254,163.411,0.862816,-1,-1,-1
236,69,743.571,770.169,84.869,182.192,0.862465,-1,-1,-1
236,55,687.535,329.248,75.550,168.556,0.857334,-1,-1,-1
236,33,638.968,21.306,36.504,105.926,0.855805,-1,-1,-1
236,50,1024.068,249.245,44.435,129.837,0.854073,-1,-1,-1
236,8,687.380,0.000,43.845,123.383,0.853599,-1,-1,-1
236,63,996.948,35.018,38.648,110.031,0.851969,-1,-1,-1
236,60,936.936,25.766,53.481,127.273,0.849527,-1,-1,-1
236,19,1826.254,203.172,53.930,127.570,0.848383,-1,-1,-1
236,24,1380.352,21.814,38.300,133.810,0.847601,-1,-1,-1
236,23,1231.787,31.784,39.997,107.780,0.845895,-1,-1,-1
236,16,808.772,0.000,46.471,70.071,0.840170,-1,-1,-1
236,14,1874.818,204.538,45.039,129.392,0.837510,-1,-1,-1
236,43,200.713,102.980,63.141,136.208,0.829428,-1,-1,-1
236,21,862.699,0.000,34.827,66.091,0.828034,-1,-1,-1
236,38,377.049,479.181,79.877,162.562,0.827643,-1,-1,-1
236,56,427.321,459.562,80.227,158.709,0.823491,-1,-1,-1
236,40,333.357,476.030,66.775,139.908,0.818652,-1,-1,-1
236,71,80.142,0.095,44.052,42.319,0.814254,-1,-1,-1
236,2,735.403,0.000,32.958,67.284,0.810153,-1,-1,-1
236,28,996.763,672.999,82.999,201.390,0.786815,-1,-1,-1
236,27,1152.000,0.000,34.402,92.479,0.779360,-1,-1,-1
236,72,1139.115,16.241,30.082,75.491,0.763193,-1,-1,-1
236,12,489.437,1019.522,122.885,60.477,0.732933,-1,-1,-1
236,34,1215.633,0.143,36.266,77.866,0.728976,-1,-1,-1
236,75,1875.795,121.607,44.134,142.906,0.696499,-1,-1,-1
236,64,1770.267,0.000,49.179,41.007,0.688802,-1,-1,-1
236,70,910.015,0.000,51.984,74.235,0.681439,-1,-1,-1
236,36,1804.665,0.000,38.788,14.905,0.325239,-1,-1,-1
237,9,1771.486,370.167,82.908,168.309,0.887652,-1,-1,-1
237,15,936.889,872.971,99.164,204.397,0.886532,-1,-1,-1
237,13,1198.427,583.348,76.583,144.472,0.881949,-1,-1,-1
237,49,38.407,126.770,59.331,119.577,0.876165,-1,-1,-1
237,20,1065.704,137.454,56.499,138.676,0.875694,-1,-1,-1
237,54,1236.244,230.502,58.819,152.541,0.874174,-1,-1,-1
237,42,1487.527,61.471,54.791,133.711,0.869355,-1,-1,-1
237,69,743.126,766.533,85.165,185.923,0.867214,-1,-1,-1
237,30,467.934,800.898,83.780,178.724,0.865349,-1,-1,-1
237,33,640.036,21.873,43.514,104.889,0.860764,-1,-1,-1
237,22,910.484,322.538,59.194,163.087,0.860526,-1,-1,-1
237,50,1024.193,248.057,44.654,130.469,0.854145,-1,-1,-1
237,63,996.813,35.261,38.683,109.391,0.854078,-1,-1,-1
237,66,150.017,837.730,112.690,187.665,0.853927,-1,-1,-1
237,8,687.140,0.000,43.500,122.449,0.851609,-1,-1,-1
237,19,1826.630,203.527,57.492,127.315,0.849973,-1,-1,-1
237,24,1380.277,21.514,38.602,133.954,0.847596,-1,-1,-1
237,16,809.195,0.000,42.932,69.207,0.844761,-1,-1,-1
237,23,1232.134,31.253,40.200,107.002,0.844698,-1,-1,-1
237,60,938.743,26.413,51.787,126.669,0.844297,-1,-1,-1
237,55,686.291,328.145,76.103,169.163,0.841652,-1,-1,-1
237,71,79.564,0.070,51.882,41.148,0.840092,-1,-1,-1
237,43,200.560,104.312,61.475,137.408,0.833910,-1,-1,-1
237,21,863.595,0.000,33.666,66.014,0.828449,-1,-1,-1
237,14,1874.224,149.903,45.689,183.919,0.827426,-1,-1,-1
237,38,377.043,480.922,79.406,160.599,0.825438,-1,-1,-1
237,40,333.386,475.748,66.725,140.140,0.820415,-1,-1,-1
237,56,427.360,459.580,80.011,158.113,0.820344,-1,-1,-1
237,2,735.228,0.000,31.198,67.162,0.802099,-1,-1,-1
237,28,994.035,673.945,86.237,200.714,0.783875,-1,-1,-1
237,27,1152.000,0.000,34.158,92.291,0.775714,-1,-1,-1
237,72,1138.963,16.203,30.483,75.405,0.759702,-1,-1,-1
237,70,910.057,0.000,51.818,74.555,0.754737,-1,-1,-1
237,34,1215.670,0.146,35.909,77.624,0.735909,-1,-1,-1
237,64,1770.010,0.000,50.203,40.996,0.731668,-1,-1,-1
237,12,490.121,1024.838,119.454,55.089,0.680853,-1,-1,-1
237,75,1876.562,119.475,43.438,88.692,0.462420,-1,-1,-1
237,36,1805.692,0.000,37.848,14.410,0.270729,-1,-1,-1
238,9,1771.603,372.405,82.892,171.439,0.891163,-1,-1,-1
238,15,936.902,877.055,98.844,200.122,0.878391,-1,-1,-1
238,20,1065.795,136.306,56.368,139.877,0.877558,-1,-1,-1
238,49,38.351,126.500,59.733,119.958,0.874231,-1,-1,-1
238,30,466.829,805.041,84.682,182.837,0.873977,-1,-1,-1
238,69,743.014,764.521,83.768,187.896,0.873383,-1,-1,-1
238,13,1198.688,584.869,77.505,143.275,0.870566,-1,-1,-1
238,42,1486.987,60.665,53.609,133.287,0.869434,-1,-1,-1
238,54,1236.108,228.581,58.349,151.350,0.869199,-1,-1,-1
238,66,153.383,841.454,110.620,184.111,0.866923,-1,-1,-1
238,33,639.934,21.324,50.465,105.083,0.864869,-1,-1,-1
238,22,910.000,324.657,59.705,160.438,0.863914,-1,-1,-1
238,63,996.736,36.000,38.776,108.812,0.856050,-1,-1,-1
238,55,694.360,326.539,67.747,170.572,0.855824,-1,-1,-1
238,8,686.714,0.000,43.375,119.933,0.850178,-1,-1,-1
238,50,1024.630,246.737,44.277,131.406,0.847953,-1,-1,-1
238,19,1827.733,204.180,53.955,126.075,0.847057,-1,-1,-1
238,24,1380.364,21.462,38.485,134.009,0.846597,-1,-1,-1
238,23,1232.640,29.383,41.567,108.453,0.845658,-1,-1,-1
238,43,199.693,105.877,61.676,141.685,0.841276,-1,-1,-1
238,60,937.531,27.048,53.007,126.366,0.833975,-1,-1,-1
238,71,80.165,0.164,58.862,40.441,0.833284,-1,-1,-1
238,38,377.128,479.058,79.516,162.294,0.831359,-1,-1,-1
238,14,1872.891,127.240,47.109,211.634,0.828872,-1,-1,-1
238,16,810.156,0.000,39.279,68.031,0.825877,-1,-1,-1
238,21,863.125,0.000,33.997,65.784,0.825089,-1,-1,-1
238,40,333.670,475.548,66.576,140.038,0.818458,-1,-1,-1
238,56,427.387,459.442,80.002,158.395,0.812539,-1,-1,-1
238,2,735.162,0.039,30.417,66.798,0.790969,-1,-1,-1
238,27,1152.000,0.000,34.555,92.231,0.782171,-1,-1,-1
238,64,1770.042,0.000,66.671,40.100,0.780731,-1,-1,-1
238,72,1138.666,15.947,30.309,75.766,0.769442,-1,-1,-1
238,28,994.072,676.795,88.769,198.104,0.764710,-1,-1,-1
238,70,910.323,0.007,52.698,72.799,0.754636,-1,-1,-1
238,34,1215.609,0.105,36.243,77.602,0.727541,-1,-1,-1
238,12,491.917,1030.040,113.139,49.896,0.702446,-1,-1,-1
239,9,1768.610,377.139,86.133,173.876,0.883953,-1,-1,-1
239,15,937.424,884.050,96.995,192.776,0.883921,-1,-1,-1
239,13,1202.878,590.103,75.143,163.728,0.879334,-1,-1,-1
239,20,1066.986,133.452,55.994,142.162,0.877407,-1,-1,-1
239,54,1234.280,223.156,60.205,153.816,0.876729,-1,-1,-1
239,49,38.215,126.415,60.310,119.758,0.875347,-1,-1,-1
239,66,156.584,847.822,110.558,178.018,0.874048,-1,-1,-1
239,30,465.053,813.814,85.218,182.376,0.873787,-1,-1,-1
239,69,741.398,757.182,82.939,192.322,0.867511,-1,-1,-1
239,22,910.980,327.566,56.977,157.366,0.867430,-1,-1,-1
239,33,641.384,22.259,55.948,103.723,0.866903,-1,-1,-1
239,42,1487.340,57.882,50.402,134.548,0.861169,-1,-1,-1
239,55,694.591,323.449,66.965,172.886,0.858112,-1,-1,-1
239,63,996.222,37.437,39.421,113.853,0.855299,-1,-1,-1
239,8,686.591,0.000,42.882,112.031,0.853467,-1,-1,-1
239,23,1235.083,26.660,43.240,108.637,0.852863,-1,-1,-1
239,64,1769.286,0.000,65.543,40.010,0.850653,-1,-1,-1
239,24,1380.161,21.086,38.895,134.235,0.848173,-1,-1,-1
239,50,1027.375,244.778,41.772,132.952,0.845466,-1,-1,-1
239,71,79.829,0.102,66.338,39.871,0.844606,-1,-1,-1
239,43,198.683,108.715,62.671,140.362,0.843153,-1,-1,-1
239,38,377.043,480.904,79.502,160.215,0.838321,-1,-1,-1
239,60,934.444,27.399,55.293,126.289,0.836567,-1,-1,-1
239,56,427.472,459.427,80.416,157.946,0.831822,-1,-1,-1
239,28,991.142,682.329,89.631,191.846,0.830442,-1,-1,-1
239,40,333.794,475.254,65.681,139.979,0.824714,-1,-1,-1
239,14,1860.290,119.808,59.633,216.043,0.812817,-1,-1,-1
239,21,863.171,0.000,33.537,65.364,0.812135,-1,-1,-1
239,16,814.358,0.032,34.226,65.112,0.808640,-1,-1,-1
239,19,1827.856,211.330,52.582,119.169,0.808250,-1,-1,-1
239,2,735.638,0.090,29.516,65.229,0.800419,-1,-1,-1
239,72,1137.559,15.478,31.392,76.874,0.778765,-1,-1,-1
239,27,1156.596,0.000,30.276,79.381,0.772701,-1,-1,-1
239,34,1215.854,0.000,36.907,76.683,0.731842,-1,-1,-1
239,12,494.405,1040.520,106.518,39.354,0.654966,-1,-1,-1
239,70,911.668,0.000,54.681,73.277,0.529067,-1,-1,-1
239,76,1109.415,30.733,38.499,41.854,0.364507,-1,-1,-1
240,9,1761.644,379.102,93.483,173.614,0.888654,-1,-1,-1
240,13,1201.429,593.362,78.396,166.447,0.886114,-1,-1,-1
240,15,937.828,888.184,97.037,190.452,0.881997,-1,-1,-1
240,20,1067.873,131.981,55.656,141.166,0.874688,-1,-1,-1
240,30,464.344,817.964,84.643,182.822,0.874634,-1,-1,-1
240,49,38.208,126.326,60.878,119.615,0.874183,-1,-1,-1
240,54,1233.348,220.715,60.689,152.468,0.873243,-1,-1,-1
240,69,740.521,753.162,82.260,196.321,0.868825,-1,-1,-1
240,22,911.296,328.385,55.193,156.600,0.866997,-1,-1,-1
240,66,157.728,849.225,111.055,176.585,0.866967,-1,-1,-1
240,42,1486.767,56.094,49.136,133.952,0.865353,-1,-1,-1
240,33,642.438,23.214,56.623,103.034,0.864144,-1,-1,-1
240,55,694.407,322.059,66.538,173.809,0.862159,-1,-1,-1
240,63,995.431,38.495,40.074,115.241,0.856842,-1,-1,-1
240,71,81.250,0.136,66.296,39.547,0.851146,-1,-1,-1
240,8,686.708,0.000,42.142,107.800,0.849800,-1,-1,-1
240,24,1380.159,20.854,39.046,134.366,0.849065,-1,-1,-1
240,64,1769.605,0.041,68.732,39.751,0.848580,-1,-1,-1
240,23,1236.916,25.054,43.185,106.191,0.844462,-1,-1,-1
240,43,198.096,109.258,63.687,140.568,0.843220,-1,-1,-1
240,50,1028.196,243.065,40.811,135.078,0.839529,-1,-1,-1
240,38,377.165,480.623,79.684,160.331,0.836348,-1,-1,-1
240,60,934.732,27.886,55.293,125.668,0.832178,-1,-1,-1
240,56,427.176,459.244,80.622,157.970,0.831448,-1,-1,-1
240,14,1851.817,116.912,68.148,223.327,0.830034,-1,-1,-1
240,40,333.759,474.909,65.883,140.351,0.828822,-1,-1,-1
240,21,863.363,0.000,33.416,65.176,0.813442,-1,-1,-1
240,16,814.273,0.025,34.776,62.999,0.804529,-1,-1,-1
240,2,735.806,0.107,29.494,63.517,0.800146,-1,-1,-1
240,72,1136.871,15.293,31.973,77.097,0.780499,-1,-1,-1
240,27,1156.281,0.000,31.387,79.340,0.779872,-1,-1,-1
240,28,993.333,685.285,88.319,188.816,0.773443,-1,-1,-1
240,19,1828.147,211.635,55.336,119.490,0.741573,-1,-1,-1
240,34,1216.079,0.073,36.653,76.216,0.717406,-1,-1,-1
240,70,913.070,0.000,52.337,67.735,0.638008,-1,-1,-1
240,12,503.059,1045.980,88.130,34.013,0.503286,-1,-1,-1
240,76,1108.862,30.342,39.441,41.532,0.380081,-1,-1,-1
241,9,1767.043,381.515,87.977,173.823,0.883085,-1,-1,-1
241,13,1202.326,597.046,81.747,160.551,0.881905,-1,-1,-1
241,15,939.680,891.949,94.694,187.381,0.881622,-1,-1,-1
241,54,1232.353,217.888,61.792,149.779,0.879242,-1,-1,-1
241,30,463.093,821.253,83.922,182.497,0.878062,-1,-1,-1
241,49,38.274,126.220,60.732,119.375,0.874546,-1,-1,-1
241,20,1068.766,129.869,55.163,140.529,0.872261,-1,-1,-1
241,69,740.042,749.554,82.291,193.288,0.871727,-1,-1,-1
241,22,911.528,330.331,55.930,154.649,0.866954,-1,-1,-1
241,33,644.043,23.142,56.050,102.512,0.865059,-1,-1,-1
241,55,695.038,319.979,64.925,173.719,0.860113,-1,-1,-1
241,42,1486.566,54.413,47.861,133.448,0.858423,-1,-1,-1
241,64,1771.179,0.038,68.720,39.786,0.851215,-1,-1,-1
241,63,995.957,39.906,39.595,115.022,0.851202,-1,-1,-1
241,66,158.692,852.046,111.876,172.779,0.850661,-1,-1,-1
241,71,83.504,0.123,64.781,39.363,0.850538,-1,-1,-1
241,8,686.393,0.000,42.197,104.859,0.849773,-1,-1,-1
241,24,1380.215,20.744,38.987,134.300,0.849678,-1,-1,-1
241,43,197.713,110.247,62.704,139.077,0.847789,-1,-1,-1
241,50,1027.908,241.331,41.289,135.863,0.842855,-1,-1,-1
241,23,1239.593,23.028,42.484,105.451,0.839124,-1,-1,-1
241,38,377.262,480.847,79.588,159.832,0.836829,-1,-1,-1
241,14,1851.883,116.200,68.106,227.245,0.836296,-1,-1,-1
241,60,933.403,28.959,56.498,124.017,0.830798,-1,-1,-1
241,28,991.584,688.184,89.908,186.119,0.830051,-1,-1,-1
241,56,427.272,459.231,80.625,157.134,0.829406,-1,-1,-1
241,40,334.104,474.865,65.464,140.226,0.828992,-1,-1,-1
241,21,862.567,0.000,34.242,64.993,0.810182,-1,-1,-1
241,19,1828.894,213.549,57.878,116.494,0.795135,-1,-1,-1
241,2,734.669,0.000,31.731,62.099,0.790021,-1,-1,-1
241,27,1152.045,0.000,36.177,92.421,0.785989,-1,-1,-1
241,72,1136.532,15.133,31.935,77.047,0.782153,-1,-1,-1
241,16,812.968,0.001,35.997,60.417,0.773856,-1,-1,-1
241,34,1215.972,0.121,37.890,76.019,0.669998,-1,-1,-1
241,70,915.676,0.000,50.434,67.143,0.636185,-1,-1,-1
241,12,503.844,1051.199,84.567,28.801,0.421543,-1,-1,-1
241,76,1108.980,30.046,39.103,41.549,0.319807,-1,-1,-1
242,15,940.433,896.610,94.226,182.954,0.885843,-1,-1,-1
242,30,461.453,825.043,84.351,179.341,0.884881,-1,-1,-1
242,13,1201.923,601.141,80.391,172.083,0.883183,-1,-1,-1
242,9,1766.364,383.729,89.407,175.945,0.877948,-1,-1,-1
242,54,1231.750,214.080,61.914,146.706,0.876130,-1,-1,-1
242,49,38.348,125.737,60.868,119.777,0.872746,-1,-1,-1
242,20,1069.669,128.072,54.720,138.660,0.868751,-1,-1,-1
242,22,911.220,331.233,57.958,153.233,0.867204,-1,-1,-1
242,69,738.925,744.561,82.308,192.466,0.866777,-1,-1,-1
242,33,645.719,22.679,55.172,102.838,0.860458,-1,-1,-1
242,66,160.435,856.863,112.344,174.152,0.859525,-1,-1,-1
242,42,1486.463,52.397,47.272,131.498,0.857605,-1,-1,-1
242,55,695.282,316.802,64.272,174.419,0.854785,-1,-1,-1
242,63,996.444,41.327,39.015,114.880,0.852875,-1,-1,-1
242,24,1380.646,20.477,38.544,134.409,0.849782,-1,-1,-1
242,8,686.237,0.000,42.512,103.130,0.848981,-1,-1,-1
242,71,87.797,0.045,60.203,39.379,0.848170,-1,-1,-1
242,64,1772.487,0.000,67.984,39.859,0.845110,-1,-1,-1
242,50,1029.026,239.051,40.127,136.459,0.844809,-1,-1,-1
242,43,197.366,110.856,62.869,139.177,0.844642,-1,-1,-1
242,38,377.646,480.723,79.135,159.672,0.841051,-1,-1,-1
242,14,1854.741,110.921,65.233,235.385,0.836705,-1,-1,-1
242,56,427.162,459.261,80.961,156.590,0.834034,-1,-1,-1
242,40,334.330,474.695,65.176,140.061,0.828270,-1,-1,-1
242,23,1242.612,21.794,43.209,104.094,0.826068,-1,-1,-1
242,60,934.537,29.714,55.542,124.113,0.822747,-1,-1,-1
242,28,992.451,691.031,90.535,194.790,0.797340,-1,-1,-1
242,21,862.605,0.000,34.486,64.738,0.795347,-1,-1,-1
242,19,1829.917,206.181,56.333,123.555,0.792165,-1,-1,-1
242,27,1152.075,0.000,37.064,92.155,0.784975,-1,-1,-1
242,72,1136.498,15.654,31.881,76.344,0.782746,-1,-1,-1
242,2,732.818,0.000,33.790,60.399,0.767101,-1,-1,-1
242,16,812.307,0.000,37.271,58.295,0.760421,-1,-1,-1
242,34,1215.842,0.000,37.206,75.159,0.695448,-1,-1,-1
242,70,919.363,0.067,47.185,71.295,0.612898,-1,-1,-1
242,77,1450.812,1047.781,81.591,32.187,0.423609,-1,-1,-1
242,76,1108.644,29.792,39.477,41.571,0.355428,-1,-1,-1
243,15,941.854,900.360,94.662,179.494,0.888068,-1,-1,-1
243,13,1203.421,604.940,78.974,169.318,0.883137,-1,-1,-1
243,54,1231.415,210.609,62.386,143.127,0.878293,-1,-1,-1
243,30,460.239,828.240,84.382,176.610,0.878205,-1,-1,-1
243,9,1768.623,385.452,86.954,172.999,0.876751,-1,-1,-1
243,49,38.128,125.758,61.315,119.701,0.874888,-1,-1,-1
243,69,738.963,739.896,81.618,190.757,0.867912,-1,-1,-1
243,22,911.240,333.618,58.977,153.637,0.867601,-1,-1,-1
243,20,1069.985,126.157,54.574,137.529,0.867022,-1,-1,-1
243,66,161.592,860.604,113.933,186.463,0.857957,-1,-1,-1
243,33,647.978,21.825,52.960,103.364,0.857246,-1,-1,-1
243,55,695.301,314.076,70.192,173.126,0.856729,-1,-1,-1
243,42,1486.415,49.625,46.547,131.088,0.855331,-1,-1,-1
243,63,996.123,42.291,39.242,114.750,0.852763,-1,-1,-1
243,64,1774.962,0.000,67.126,39.256,0.848592,-1,-1,-1
243,24,1380.504,20.005,38.915,134.777,0.848440,-1,-1,-1
243,28,992.389,695.722,91.742,203.428,0.846598,-1,-1,-1
243,8,686.197,0.000,42.362,102.887,0.846538,-1,-1,-1
243,43,196.484,111.243,63.888,138.641,0.845022,-1,-1,-1
243,50,1029.238,236.753,40.227,137.323,0.843269,-1,-1,-1
243,14,1852.085,146.400,67.914,201.469,0.839857,-1,-1,-1
243,56,427.189,459.115,81.197,155.582,0.839597,-1,-1,-1
243,38,378.238,478.682,79.128,161.456,0.838616,-1,-1,-1
243,71,93.184,0.064,55.062,38.952,0.830224,-1,-1,-1
243,40,334.325,474.449,65.338,140.279,0.829049,-1,-1,-1
243,60,934.113,30.859,55.939,125.597,0.821105,-1,-1,-1
243,23,1244.304,19.728,41.964,104.393,0.807878,-1,-1,-1
243,19,1829.593,208.886,56.817,120.957,0.794429,-1,-1,-1
243,27,1152.076,0.000,37.509,92.191,0.787512,-1,-1,-1
243,72,1136.008,15.294,32.127,76.987,0.780530,-1,-1,-1
243,21,861.277,0.000,36.000,64.713,0.766086,-1,-1,-1
243,16,812.654,0.000,35.496,56.006,0.754141,-1,-1,-1
243,2,732.122,0.000,34.898,58.027,0.744707,-1,-1,-1
243,34,1216.116,0.010,37.836,75.931,0.688963,-1,-1,-1
243,70,923.022,0.000,44.243,83.044,0.556723,-1,-1,-1
243,77,1438.334,1042.915,92.485,37.019,0.373449,-1,-1,-1
243,76,1108.694,28.261,39.383,42.194,0.248853,-1,-1,-1
244,15,942.934,911.358,96.412,168.180,0.888051,-1,-1,-1
244,13,1209.759,612.942,72.458,159.930,0.885467,-1,-1,-1
244,54,1232.116,205.166,62.054,143.610,0.884335,-1,-1,-1
244,9,1768.852,387.943,89.514,172.924,0.875685,-1,-1,-1
244,22,910.730,338.919,61.586,163.981,0.873888,-1,-1,-1
244,49,38.491,125.350,61.353,119.809,0.873619,-1,-1,-1
244,30,457.574,834.174,85.407,170.685,0.873357,-1,-1,-1
244,69,738.417,730.745,80.782,179.029,0.868214,-1,-1,-1
244,20,1070.676,121.264,54.645,131.834,0.865451,-1,-1,-1
244,55,695.361,308.587,65.126,166.997,0.856303,-1,-1,-1
244,63,994.916,44.500,39.376,113.403,0.854641,-1,-1,-1
244,14,1829.569,148.250,90.030,189.275,0.852661,-1,-1,-1
244,33,656.708,21.052,44.222,103.866,0.851865,-1,-1,-1
244,50,1029.985,231.856,41.099,134.017,0.850589,-1,-1,-1
244,42,1486.679,45.057,44.821,127.345,0.850223,-1,-1,-1
244,43,195.387,112.233,65.309,136.393,0.849897,-1,-1,-1
244,24,1380.745,19.521,38.788,134.933,0.849108,-1,-1,-1
244,38,378.153,480.687,79.724,159.099,0.841154,-1,-1,-1
244,28,992.839,701.758,91.600,217.151,0.839563,-1,-1,-1
244,8,685.488,0.000,42.736,99.740,0.835726,-1,-1,-1
244,56,427.848,459.024,80.729,155.662,0.832764,-1,-1,-1
244,23,1244.093,17.347,43.478,106.740,0.829344,-1,-1,-1
244,40,334.626,473.938,65.379,140.770,0.825879,-1,-1,-1
244,64,1782.536,0.110,63.600,39.129,0.824452,-1,-1,-1
244,60,934.698,32.984,55.119,129.331,0.822256,-1,-1,-1
244,66,167.623,870.853,115.461,202.857,0.815460,-1,-1,-1
244,71,105.700,0.065,43.023,38.158,0.806274,-1,-1,-1
244,27,1152.095,0.000,37.985,91.147,0.795039,-1,-1,-1
244,72,1136.064,15.210,31.398,76.579,0.784029,-1,-1,-1
244,16,812.556,0.000,35.472,52.665,0.756650,-1,-1,-1
244,21,861.587,0.000,34.645,62.100,0.753896,-1,-1,-1
244,2,731.417,0.000,35.800,50.604,0.744754,-1,-1,-1
244,34,1216.304,0.000,36.749,75.591,0.727927,-1,-1,-1
244,70,926.004,0.000,45.736,77.507,0.654362,-1,-1,-1
244,77,1429.613,1033.040,82.277,46.870,0.588711,-1,-1,-1
244,76,1109.014,27.601,38.345,41.574,0.344979,-1,-1,-1
245,15,943.390,916.444,97.128,163.513,0.886060,-1,-1,-1
245,13,1211.891,616.035,72.170,157.395,0.884696,-1,-1,-1
245,54,1232.761,203.344,61.527,143.401,0.882749,-1,-1,-1
245,9,1769.810,389.213,88.424,171.808,0.882302,-1,-1,-1
245,22,910.764,341.523,61.979,167.995,0.877873,-1,-1,-1
245,49,38.576,125.100,61.409,119.887,0.872608,-1,-1,-1
245,30,456.385,836.962,85.861,167.880,0.870767,-1,-1,-1
245,69,737.487,725.768,80.810,171.433,0.870707,-1,-1,-1
245,20,1070.712,119.498,54.352,129.741,0.870570,-1,-1,-1
245,55,694.078,305.630,66.427,163.554,0.862372,-1,-1,-1
245,50,1030.485,229.193,40.964,131.370,0.855863,-1,-1,-1
245,42,1486.831,42.349,44.153,128.608,0.852832,-1,-1,-1
245,63,995.062,44.883,39.168,113.159,0.852175,-1,-1,-1
245,24,1380.688,19.466,38.913,134.984,0.849092,-1,-1,-1
245,43,194.800,112.812,65.488,135.149,0.848715,-1,-1,-1
245,14,1829.673,148.098,90.229,192.937,0.847305,-1,-1,-1
245,33,661.582,20.842,39.322,104.231,0.844355,-1,-1,-1
245,56,427.812,458.804,81.303,155.624,0.843264,-1,-1,-1
245,38,378.265,480.760,79.777,158.702,0.841996,-1,-1,-1
245,23,1244.141,0.096,47.108,124.489,0.838383,-1,-1,-1
245,28,993.166,706.704,91.633,214.983,0.836196,-1,-1,-1
245,8,685.763,0.000,42.169,100.324,0.834158,-1,-1,-1
245,40,334.564,473.583,65.980,140.990,0.824308,-1,-1,-1
245,60,936.158,34.475,53.234,129.442,0.813752,-1,-1,-1
245,66,167.065,877.405,116.138,183.282,0.796664,-1,-1,-1
245,78,1877.936,206.364,42.064,144.662,0.796136,-1,-1,-1
245,27,1152.070,0.000,38.454,90.984,0.793042,-1,-1,-1
245,72,1136.104,15.838,30.743,75.695,0.780432,-1,-1,-1
245,64,1787.498,0.075,61.915,37.098,0.765803,-1,-1,-1
245,21,861.266,0.000,35.220,61.324,0.754433,-1,-1,-1
245,71,112.764,0.002,36.220,38.042,0.751384,-1,-1,-1
245,34,1216.244,0.000,36.773,75.378,0.750126,-1,-1,-1
245,16,812.167,0.000,36.133,52.101,0.750074,-1,-1,-1
245,2,732.281,0.008,34.724,49.858,0.744563,-1,-1,-1
245,70,925.340,0.000,42.962,76.925,0.710174,-1,-1,-1
245,77,1417.086,1027.517,95.564,52.418,0.562054,-1,-1,-1
245,76,1109.007,27.398,38.863,41.399,0.229037,-1,-1,-1
246,13,1212.597,618.260,71.072,155.282,0.889133,-1,-1,-1
246,15,944.686,922.444,97.971,157.418,0.887380,-1,-1,-1
246,22,910.858,343.893,62.018,168.292,0.886292,-1,-1,-1
246,9,1769.766,389.886,87.696,240.551,0.885537,-1,-1,-1
246,54,1233.787,201.633,60.636,144.009,0.881662,-1,-1,-1
246,30,454.817,840.163,86.372,164.984,0.877645,-1,-1,-1
246,49,38.646,124.664,61.212,119.870,0.871553,-1,-1,-1
246,20,1070.697,117.032,54.328,131.453,0.869085,-1,-1,-1
246,69,737.082,722.197,80.321,167.167,0.868495,-1,-1,-1
246,55,693.391,301.507,66.598,161.565,0.857840,-1,-1,-1
246,42,1486.446,39.906,43.607,129.696,0.855392,-1,-1,-1
246,50,1030.797,226.038,41.044,129.461,0.854752,-1,-1,-1
246,43,194.701,112.875,65.713,134.303,0.852572,-1,-1,-1
246,63,994.961,45.362,38.997,112.301,0.850124,-1,-1,-1
246,24,1380.932,18.769,39.111,135.263,0.848992,-1,-1,-1
246,56,428.040,458.383,81.423,157.009,0.847486,-1,-1,-1
246,14,1829.872,147.947,90.006,193.915,0.843855,-1,-1,-1
246,66,171.075,883.454,113.897,185.363,0.842766,-1,-1,-1
246,28,993.555,712.844,90.930,213.464,0.842371,-1,-1,-1
246,33,667.119,18.723,33.934,106.025,0.839483,-1,-1,-1
246,23,1243.603,0.122,47.159,124.190,0.839030,-1,-1,-1
246,38,378.508,479.876,79.523,159.099,0.836476,-1,-1,-1
246,8,685.363,0.000,42.676,99.588,0.831747,-1,-1,-1
246,40,335.182,473.020,65.188,140.369,0.828117,-1,-1,-1
246,78,1878.461,213.012,41.531,140.571,0.824837,-1,-1,-1
246,60,936.760,36.421,52.502,129.404,0.818137,-1,-1,-1
246,27,1152.057,0.000,39.147,90.787,0.780949,-1,-1,-1
246,72,1135.902,15.600,31.092,76.186,0.777031,-1,-1,-1
246,34,1216.379,0.000,36.934,75.212,0.764029,-1,-1,-1
246,64,1792.624,0.128,57.547,35.571,0.748372,-1,-1,-1
246,2,732.974,0.039,33.927,47.299,0.747629,-1,-1,-1
246,16,812.944,0.002,35.231,51.763,0.747280,-1,-1,-1
246,21,860.559,0.000,34.994,59.897,0.746294,-1,-1,-1
246,70,925.511,0.005,43.871,80.393,0.726345,-1,-1,-1
246,71,117.526,0.070,33.867,37.319,0.663111,-1,-1,-1
246,77,1406.065,1021.584,91.049,58.355,0.633849,-1,-1,-1
247,13,1215.826,620.535,69.908,153.157,0.888710,-1,-1,-1
247,9,1769.723,391.274,85.850,239.083,0.888607,-1,-1,-1
247,22,910.696,346.611,62.668,167.827,0.884160,-1,-1,-1
247,15,946.556,928.285,97.922,151.323,0.879108,-1,-1,-1
247,54,1234.141,200.135,60.247,145.791,0.878715,-1,-1,-1
247,69,736.281,718.674,80.024,172.871,0.875662,-1,-1,-1
247,30,453.825,843.568,86.406,161.685,0.873597,-1,-1,-1
247,20,1070.373,115.511,53.609,132.638,0.869139,-1,-1,-1
247,49,38.554,124.228,61.792,120.389,0.868765,-1,-1,-1
247,55,691.616,298.031,68.903,159.840,0.862563,-1,-1,-1
247,50,1031.004,223.059,41.219,128.388,0.859257,-1,-1,-1
247,42,1484.595,38.746,44.790,131.263,0.855973,-1,-1,-1
247,63,994.590,45.832,39.082,112.037,0.848413,-1,-1,-1
247,24,1380.723,18.550,39.577,135.512,0.847724,-1,-1,-1
247,43,194.226,113.435,66.913,137.352,0.844140,-1,-1,-1
247,56,428.323,458.278,81.338,157.239,0.841030,-1,-1,-1
247,38,382.552,476.627,75.533,162.357,0.834592,-1,-1,-1
247,23,1243.648,0.135,48.060,124.071,0.834024,-1,-1,-1
247,40,335.286,472.654,64.893,141.175,0.831875,-1,-1,-1
247,66,175.504,888.708,110.187,184.087,0.831553,-1,-1,-1
247,14,1829.642,143.146,90.351,201.426,0.828081,-1,-1,-1
247,60,938.063,38.131,51.190,129.196,0.827555,-1,-1,-1
247,8,685.000,0.000,42.776,99.621,0.821606,-1,-1,-1
247,33,669.816,17.681,31.907,107.220,0.810674,-1,-1,-1
247,78,1877.978,208.977,42.022,145.955,0.803997,-1,-1,-1
247,27,1152.044,0.000,40.011,90.534,0.792733,-1,-1,-1
247,28,994.268,716.991,90.565,213.062,0.787340,-1,-1,-1
247,72,1136.355,15.683,29.381,75.270,0.773566,-1,-1,-1
247,34,1216.377,0.000,35.934,74.474,0.769877,-1,-1,-1
247,21,859.693,0.000,35.153,58.094,0.759721,-1,-1,-1
247,16,812.788,0.000,35.794,51.832,0.750013,-1,-1,-1
247,2,734.321,0.038,32.598,46.276,0.749729,-1,-1,-1
247,64,1799.204,0.074,50.977,36.346,0.741037,-1,-1,-1
247,70,926.797,0.027,44.029,82.007,0.737116,-1,-1,-1
247,77,1400.460,1015.621,94.910,64.342,0.709982,-1,-1,-1
247,71,117.779,0.066,37.360,37.296,0.616725,-1,-1,-1
248,13,1216.831,622.689,71.695,151.412,0.888106,-1,-1,-1
248,15,946.996,932.673,99.206,146.703,0.887468,-1,-1,-1
248,9,1769.790,392.757,85.810,228.194,0.880859,-1,-1,-1
248,69,735.776,714.789,79.768,173.778,0.879471,-1,-1,-1
248,22,910.318,349.433,62.900,167.526,0.876653,-1,-1,-1
248,30,452.507,847.140,87.273,158.258,0.875507,-1,-1,-1
248,54,1234.820,199.159,59.373,146.842,0.873598,-1,-1,-1
248,55,689.906,296.133,71.143,159.818,0.872576,-1,-1,-1
248,49,38.568,124.647,61.477,119.702,0.869657,-1,-1,-1
248,20,1069.800,114.653,53.833,133.125,0.866153,-1,-1,-1
248,42,1482.867,37.825,45.538,132.001,0.859617,-1,-1,-1
248,50,1030.521,220.737,41.407,128.187,0.858563,-1,-1,-1
248,66,178.033,894.929,110.899,183.326,0.855624,-1,-1,-1
248,43,194.007,114.793,67.878,135.539,0.854834,-1,-1,-1
248,24,1380.570,18.508,39.737,135.507,0.848553,-1,-1,-1
248,63,994.358,46.607,39.277,111.385,0.847888,-1,-1,-1
248,28,994.801,718.370,89.716,216.445,0.844361,-1,-1,-1
248,23,1242.843,0.123,49.415,123.624,0.839423,-1,-1,-1
248,56,428.404,458.623,81.143,154.946,0.837863,-1,-1,-1
248,40,335.383,472.945,64.955,140.508,0.831256,-1,-1,-1
248,38,378.822,479.238,79.366,159.741,0.830810,-1,-1,-1
248,60,934.171,39.066,54.691,129.481,0.824857,-1,-1,-1
248,8,684.931,0.000,42.969,98.796,0.818357,-1,-1,-1
248,78,1878.645,212.122,41.355,143.367,0.805124,-1,-1,-1
248,27,1152.125,0.000,39.799,90.464,0.803802,-1,-1,-1
248,33,671.007,18.647,31.731,106.153,0.794428,-1,-1,-1
248,19,1830.241,219.036,66.398,124.167,0.790054,-1,-1,-1
248,34,1216.375,0.000,36.259,75.576,0.773613,-1,-1,-1
248,21,859.736,0.000,35.762,55.593,0.773267,-1,-1,-1
248,72,1136.056,16.035,28.770,75.537,0.760427,-1,-1,-1
248,71,122.067,0.046,41.015,37.456,0.753210,-1,-1,-1
248,70,926.776,0.022,46.241,84.545,0.753052,-1,-1,-1
248,16,814.168,0.014,34.186,51.793,0.743199,-1,-1,-1
248,2,733.594,0.056,34.499,44.908,0.737825,-1,-1,-1
248,64,1799.919,0.029,52.819,34.778,0.721200,-1,-1,-1
248,77,1395.601,1009.270,95.144,70.730,0.662093,-1,-1,-1
248,14,1829.186,135.941,90.814,136.412,0.633990,-1,-1,-1
249,13,1214.441,627.420,75.406,146.140,0.884725,-1,-1,-1
249,9,1770.749,395.633,88.018,164.206,0.882678,-1,-1,-1
249,69,734.250,707.001,81.466,181.690,0.880455,-1,-1,-1
249,15,951.882,941.782,98.683,137.714,0.879765,-1,-1,-1
249,22,910.392,352.972,62.938,167.069,0.876298,-1,-1,-1
249,30,451.193,855.108,87.830,175.408,0.876117,-1,-1,-1
249,49,38.477,124.235,61.568,119.606,0.868979,-1,-1,-1
249,54,1236.437,195.813,57.973,148.000,0.867343,-1,-1,-1
249,20,1068.685,112.382,53.750,134.627,0.866057,-1,-1,-1
249,43,192.866,116.687,70.265,136.145,0.865389,-1,-1,-1
249,42,1479.478,35.813,47.061,132.889,0.864540,-1,-1,-1
249,50,1029.950,217.020,41.181,130.505,0.857157,-1,-1,-1
249,23,1243.440,12.801,52.191,109.277,0.852964,-1,-1,-1
249,63,992.876,45.712,40.594,112.341,0.850366,-1,-1,-1
249,24,1380.661,18.032,39.597,135.319,0.849764,-1,-1,-1
249,28,995.656,726.768,88.681,209.645,0.836230,-1,-1,-1
249,56,429.062,457.769,80.612,157.240,0.834813,-1,-1,-1
249,60,937.621,40.192,50.741,128.867,0.830804,-1,-1,-1
249,40,335.957,471.951,64.522,141.034,0.830578,-1,-1,-1
249,38,381.653,475.715,76.697,162.741,0.826800,-1,-1,-1
249,19,1830.847,211.853,89.153,142.956,0.817768,-1,-1,-1
249,55,688.902,290.331,74.800,164.535,0.805464,-1,-1,-1
249,8,685.272,0.000,42.944,85.479,0.805055,-1,-1,-1
249,71,126.895,0.033,53.821,35.998,0.791836,-1,-1,-1
249,27,1152.164,0.000,39.650,90.122,0.791396,-1,-1,-1
249,66,181.268,904.820,102.949,175.180,0.788162,-1,-1,-1
249,70,927.711,0.025,46.700,89.849,0.779282,-1,-1,-1
249,34,1216.491,0.000,36.032,74.704,0.775045,-1,-1,-1
249,21,859.214,0.000,36.876,52.475,0.769988,-1,-1,-1
249,72,1135.959,14.098,27.701,76.829,0.754468,-1,-1,-1
249,2,732.466,0.110,35.078,45.531,0.730687,-1,-1,-1
249,16,814.305,0.002,34.277,51.152,0.716279,-1,-1,-1
249,33,674.377,20.467,38.403,103.244,0.682424,-1,-1,-1
249,14,1829.910,97.463,90.068,165.473,0.667855,-1,-1,-1
249,64,1799.380,0.000,65.631,33.797,0.597742,-1,-1,-1
250,9,1771.317,397.692,87.277,162.919,0.885850,-1,-1,-1
250,69,734.318,704.625,81.987,183.629,0.884366,-1,-1,-1
250,13,1212.292,631.481,79.915,144.015,0.876881,-1,-1,-1
250,22,910.808,355.199,62.153,165.460,0.873829,-1,-1,-1
250,15,953.018,945.895,99.290,133.595,0.872725,-1,-1,-1
250,30,450.855,860.198,88.128,182.924,0.872612,-1,-1,-1
250,54,1237.711,192.535,56.900,149.555,0.870404,-1,-1,-1
250,49,39.017,124.565,61.888,119.370,0.868900,-1,-1,-1
250,42,1477.770,34.655,48.861,133.880,0.867177,-1,-1,-1
250,20,1068.454,111.835,54.218,135.796,0.866719,-1,-1,-1
250,55,687.286,287.957,79.849,166.559,0.862628,-1,-1,-1
250,43,193.839,118.687,69.743,137.159,0.861674,-1,-1,-1
250,50,1029.709,216.107,41.527,131.717,0.853182,-1,-1,-1
250,63,993.093,47.509,40.801,113.286,0.851293,-1,-1,-1
250,23,1243.955,2.553,55.592,119.246,0.846548,-1,-1,-1
250,24,1381.167,18.055,39.632,135.346,0.842984,-1,-1,-1
250,56,429.730,458.354,80.476,156.538,0.836083,-1,-1,-1
250,28,996.408,729.779,88.208,207.291,0.835229,-1,-1,-1
250,40,336.462,471.946,64.390,141.123,0.831346,-1,-1,-1
250,38,381.848,475.217,77.094,163.283,0.830602,-1,-1,-1
250,33,677.011,0.000,51.984,123.600,0.825126,-1,-1,-1
250,60,934.766,40.655,53.410,129.033,0.818069,-1,-1,-1
250,27,1152.123,0.000,39.947,90.787,0.817254,-1,-1,-1
250,19,1832.184,213.486,87.816,141.721,0.807904,-1,-1,-1
250,71,126.412,0.063,61.053,35.466,0.798767,-1,-1,-1
250,34,1216.915,0.000,35.533,73.444,0.789102,-1,-1,-1
250,66,181.915,908.553,108.186,171.303,0.771905,-1,-1,-1
250,21,859.692,0.000,36.892,52.433,0.769430,-1,-1,-1
250,72,1135.526,14.195,27.668,76.831,0.756596,-1,-1,-1
250,2,732.974,0.150,35.245,45.308,0.733756,-1,-1,-1
250,70,928.376,0.007,47.583,93.429,0.733038,-1,-1,-1
250,16,813.877,0.006,34.826,51.009,0.727847,-1,-1,-1
250,14,1829.444,95.851,90.556,172.032,0.674776,-1,-1,-1
250,79,0.098,237.438,16.016,103.867,0.635253,-1,-1,-1
250,64,1824.002,0.042,44.208,35.249,0.622748,-1,-1,-1
251,9,1771.973,400.272,86.123,167.557,0.887836,-1,-1,-1
251,13,1210.559,634.749,82.814,150.989,0.887677,-1,-1,-1
251,69,733.493,702.281,82.461,184.743,0.884979,-1,-1,-1
251,30,450.184,865.052,88.266,188.420,0.875307,-1,-1,-1
251,15,954.597,948.671,99.826,130.789,0.873969,-1,-1,-1
251,54,1238.160,191.058,57.297,148.527,0.873498,-1,-1,-1
251,22,911.476,356.533,60.804,164.093,0.868867,-1,-1,-1
251,49,38.970,124.106,61.693,119.354,0.868204,-1,-1,-1
251,20,1069.542,110.337,52.539,136.565,0.866499,-1,-1,-1
251,42,1476.209,33.267,50.178,134.941,0.864966,-1,-1,-1
251,43,192.702,120.190,70.560,138.192,0.863461,-1,-1,-1
251,66,182.501,911.798,118.302,167.626,0.861940,-1,-1,-1
251,55,686.151,286.439,78.415,167.935,0.861481,-1,-1,-1
251,63,992.898,48.563,41.172,115.645,0.855424,-1,-1,-1
251,50,1028.715,214.767,43.060,132.944,0.854522,-1,-1,-1
251,28,994.329,730.263,91.649,206.723,0.844239,-1,-1,-1
251,56,430.904,458.008,79.234,155.843,0.842813,-1,-1,-1
251,23,1244.619,0.618,55.427,119.290,0.842236,-1,-1,-1
251,24,1381.919,17.908,39.375,135.183,0.841134,-1,-1,-1
251,38,380.301,477.366,78.843,160.509,0.836537,-1,-1,-1
251,33,679.610,0.000,53.637,123.567,0.831122,-1,-1,-1
251,40,336.704,471.561,63.847,140.986,0.830559,-1,-1,-1
251,60,928.640,0.000,59.620,169.214,0.828997,-1,-1,-1
251,71,128.455,0.064,63.480,35.725,0.817394,-1,-1,-1
251,27,1152.126,0.000,40.153,89.742,0.806504,-1,-1,-1
251,78,1870.663,127.714,49.337,227.365,0.800312,-1,-1,-1
251,19,1833.141,216.747,69.893,128.003,0.796854,-1,-1,-1
251,34,1217.098,0.000,34.973,74.296,0.790638,-1,-1,-1
251,21,859.908,0.000,37.662,50.919,0.755616,-1,-1,-1
251,14,1830.049,95.157,89.951,169.557,0.744742,-1,-1,-1
251,72,1135.648,13.044,27.209,77.610,0.744212,-1,-1,-1
251,16,813.554,0.017,35.759,50.906,0.712721,-1,-1,-1
251,79,0.076,240.432,18.251,103.640,0.712034,-1,-1,-1
251,2,731.332,0.184,36.474,45.312,0.706769,-1,-1,-1
251,64,1824.957,0.000,47.290,36.362,0.665353,-1,-1,-1
251,80,1798.968,0.000,45.830,10.995,0.341847,-1,-1,-1
251,76,1112.131,25.510,34.891,38.304,0.285586,-1,-1,-1
252,9,1771.979,401.717,85.891,172.853,0.893764,-1,-1,-1
252,13,1209.578,638.173,85.180,158.052,0.890883,-1,-1,-1
252,15,955.893,952.773,100.906,127.086,0.881027,-1,-1,-1
252,69,733.380,698.869,82.482,186.834,0.880288,-1,-1,-1
252,54,1238.513,187.933,56.746,146.143,0.878768,-1,-1,-1
252,22,910.654,358.198,60.149,161.599,0.872845,-1,-1,-1
252,30,449.312,869.770,88.048,191.548,0.871858,-1,-1,-1
252,49,38.576,123.047,62.012,120.337,0.867106,-1,-1,-1
252,42,1475.043,31.484,52.233,134.834,0.865388,-1,-1,-1
252,20,1069.349,108.570,52.110,137.934,0.863893,-1,-1,-1
252,43,193.188,121.217,69.097,139.111,0.862815,-1,-1,-1
252,23,1245.004,0.924,53.299,115.582,0.862267,-1,-1,-1
252,63,992.407,49.492,41.897,117.043,0.856585,-1,-1,-1
252,33,680.799,0.000,58.331,123.155,0.854773,-1,-1,-1
252,66,182.893,914.022,119.318,165.592,0.852081,-1,-1,-1
252,50,1027.770,213.252,43.832,133.553,0.851051,-1,-1,-1
252,28,993.995,732.578,92.429,204.210,0.844271,-1,-1,-1
252,24,1381.567,17.325,39.596,135.318,0.841411,-1,-1,-1
252,56,430.477,457.537,79.547,154.552,0.840085,-1,-1,-1
252,38,380.780,477.440,78.119,159.836,0.837373,-1,-1,-1
252,40,336.593,470.540,64.590,141.517,0.828908,-1,-1,-1
252,71,127.887,0.052,68.233,34.593,0.825254,-1,-1,-1
252,60,932.893,41.609,55.135,127.192,0.821921,-1,-1,-1
252,27,1153.545,0.000,38.548,76.523,0.814197,-1,-1,-1
252,77,1354.894,978.539,122.381,101.461,0.799107,-1,-1,-1
252,55,701.879,284.729,63.599,169.233,0.798970,-1,-1,-1
252,19,1835.051,213.759,84.930,140.664,0.796937,-1,-1,-1
252,34,1217.116,0.000,34.837,73.845,0.791830,-1,-1,-1
252,14,1830.113,94.479,89.874,162.536,0.779061,-1,-1,-1
252,72,1135.548,14.373,28.145,75.452,0.740290,-1,-1,-1
252,21,859.752,0.019,37.750,49.275,0.725318,-1,-1,-1
252,64,1824.809,0.000,54.185,35.742,0.722361,-1,-1,-1
252,79,0.084,242.241,19.372,104.672,0.704834,-1,-1,-1
252,70,929.615,0.005,46.243,88.592,0.700835,-1,-1,-1
252,2,730.957,0.139,36.546,43.249,0.692880,-1,-1,-1
252,16,814.490,0.006,35.302,50.098,0.683464,-1,-1,-1
252,80,1799.421,0.000,46.685,10.520,0.317277,-1,-1,-1
252,76,1112.725,24.678,34.858,38.073,0.314596,-1,-1,-1
253,9,1772.062,404.182,85.851,176.984,0.888377,-1,-1,-1
253,69,733.408,695.497,82.205,188.927,0.887574,-1,-1,-1
253,15,956.488,955.997,102.146,123.868,0.884192,-1,-1,-1
253,13,1208.796,641.984,86.684,162.778,0.882045,-1,-1,-1
253,54,1239.422,184.771,56.107,144.261,0.876742,-1,-1,-1
253,49,38.796,122.787,61.980,120.033,0.868500,-1,-1,-1
253,42,1473.867,29.594,52.180,134.929,0.867885,-1,-1,-1
253,22,910.352,359.547,60.117,159.758,0.866708,-1,-1,-1
253,20,1069.562,107.000,51.081,138.424,0.863090,-1,-1,-1
253,23,1246.165,0.692,53.200,111.794,0.861721,-1,-1,-1
253,43,193.708,122.254,67.718,139.471,0.858476,-1,-1,-1
253,30,448.396,873.807,88.930,192.012,0.855281,-1,-1,-1
253,50,1026.848,212.090,43.657,133.663,0.854603,-1,-1,-1
253,55,703.504,283.436,60.318,169.714,0.850248,-1,-1,-1
253,63,993.063,51.686,41.020,116.261,0.849799,-1,-1,-1
253,24,1381.583,17.052,39.556,135.314,0.842153,-1,-1,-1
253,56,430.493,457.029,79.527,154.737,0.840679,-1,-1,-1
253,33,683.630,0.000,58.819,122.719,0.835483,-1,-1,-1
253,38,379.848,476.991,79.104,159.925,0.831051,-1,-1,-1
253,40,336.731,470.014,64.223,141.475,0.826467,-1,-1,-1
253,71,129.041,0.072,69.898,34.669,0.825255,-1,-1,-1
253,60,934.352,41.088,53.470,127.595,0.822866,-1,-1,-1
253,66,184.456,915.876,118.961,163.929,0.820730,-1,-1,-1
253,27,1153.408,0.000,38.661,76.287,0.817609,-1,-1,-1
253,28,994.393,736.032,91.824,200.318,0.816782,-1,-1,-1
253,34,1217.103,0.000,35.009,73.102,0.801692,-1,-1,-1
253,77,1344.641,973.907,129.673,106.093,0.789333,-1,-1,-1
253,19,1836.909,212.046,83.091,142.221,0.779927,-1,-1,-1
253,14,1829.751,93.364,90.249,167.355,0.742431,-1,-1,-1
253,79,0.012,237.829,19.697,110.496,0.740334,-1,-1,-1
253,72,1135.181,13.668,28.380,75.491,0.737920,-1,-1,-1
253,64,1825.020,0.000,49.392,34.783,0.737769,-1,-1,-1
253,21,860.246,0.000,37.183,48.890,0.734181,-1,-1,-1
253,2,732.649,0.049,34.809,43.412,0.710871,-1,-1,-1
253,70,930.630,0.000,46.526,79.862,0.700619,-1,-1,-1
253,16,814.922,0.040,35.707,48.440,0.692315,-1,-1,-1
253,80,1799.689,0.000,43.387,10.234,0.309640,-1,-1,-1
254,13,1207.966,650.162,88.408,163.607,0.892836,-1,-1,-1
254,69,735.256,686.519,79.921,191.519,0.883696,-1,-1,-1
254,9,1772.874,408.667,86.045,148.567,0.879861,-1,-1,-1
254,54,1239.636,177.688,56.485,140.557,0.874401,-1,-1,-1
254,49,38.776,121.228,62.169,120.711,0.868995,-1,-1,-1
254,22,911.447,362.395,60.819,156.157,0.867354,-1,-1,-1
254,15,957.878,961.896,103.131,117.717,0.866704,-1,-1,-1
254,50,1025.496,207.657,44.847,133.576,0.859135,-1,-1,-1
254,43,194.984,123.993,65.902,140.583,0.857620,-1,-1,-1
254,20,1068.886,101.868,50.703,137.964,0.857371,-1,-1,-1
254,30,447.556,881.403,88.755,189.492,0.856892,-1,-1,-1
254,55,704.187,279.408,60.620,171.341,0.856891,-1,-1,-1
254,42,1472.630,25.124,50.068,133.495,0.856403,-1,-1,-1
254,63,994.107,53.921,40.383,116.044,0.849798,-1,-1,-1
254,23,1250.844,0.303,48.264,106.601,0.849006,-1,-1,-1
254,19,1840.930,219.709,79.068,132.998,0.843901,-1,-1,-1
254,24,1382.055,16.269,39.340,134.974,0.843125,-1,-1,-1
254,56,431.186,455.993,78.903,154.357,0.838731,-1,-1,-1
254,27,1152.582,0.018,38.884,75.577,0.836417,-1,-1,-1
254,60,934.549,40.957,53.628,126.554,0.830792,-1,-1,-1
254,71,134.417,0.084,66.174,33.316,0.830743,-1,-1,-1
254,38,379.760,475.795,79.284,160.266,0.828629,-1,-1,-1
254,40,336.613,468.436,64.697,142.100,0.824983,-1,-1,-1
254,33,686.269,0.074,57.782,122.009,0.819788,-1,-1,-1
254,34,1217.247,0.000,34.927,72.403,0.812711,-1,-1,-1
254,64,1824.535,0.000,63.740,31.193,0.790442,-1,-1,-1
254,28,998.090,743.180,89.923,191.688,0.786625,-1,-1,-1
254,66,191.235,923.401,118.546,156.273,0.783390,-1,-1,-1
254,79,0.055,237.902,20.786,114.021,0.755838,-1,-1,-1
254,72,1134.221,14.052,29.448,74.184,0.752700,-1,-1,-1
254,21,858.879,0.000,38.702,47.946,0.716013,-1,-1,-1
254,14,1825.157,91.653,94.776,164.901,0.707331,-1,-1,-1
254,2,735.556,0.096,31.226,40.262,0.699235,-1,-1,-1
254,16,815.808,0.022,34.750,44.733,0.686753,-1,-1,-1
254,70,931.651,0.000,46.772,75.597,0.570292,-1,-1,-1
254,80,1799.895,0.000,38.666,9.278,0.270329,-1,-1,-1
255,13,1209.268,633.971,90.208,228.362,0.896721,-1,-1,-1
255,9,1774.147,410.605,85.311,152.382,0.888819,-1,-1,-1
255,69,735.679,682.178,79.314,189.831,0.883170,-1,-1,-1
255,54,1239.703,174.243,56.523,141.943,0.878831,-1,-1,-1
255,49,39.019,121.023,62.070,120.037,0.871648,-1,-1,-1
255,22,911.671,363.432,62.341,154.906,0.868510,-1,-1,-1
255,15,957.749,965.873,100.760,114.127,0.863071,-1,-1,-1
255,20,1069.029,99.725,50.135,136.222,0.861638,-1,-1,-1
255,43,195.776,124.519,65.659,139.902,0.859937,-1,-1,-1
255,42,1472.060,22.677,49.588,130.653,0.858252,-1,-1,-1
255,50,1025.071,204.920,45.423,133.921,0.854024,-1,-1,-1
255,23,1254.675,0.241,44.315,104.890,0.853471,-1,-1,-1
255,63,994.750,54.162,40.455,115.909,0.850717,-1,-1,-1
255,24,1383.108,15.289,38.475,135.411,0.847540,-1,-1,-1
255,19,1844.621,218.831,75.379,134.301,0.845852,-1,-1,-1
255,55,704.620,276.294,61.274,173.212,0.843650,-1,-1,-1
255,30,446.842,884.564,89.112,186.532,0.841858,-1,-1,-1
255,27,1152.225,0.001,39.193,75.472,0.833392,-1,-1,-1
255,38,380.264,475.218,78.754,160.433,0.831443,-1,-1,-1
255,60,934.466,40.308,53.709,126.805,0.830799,-1,-1,-1
255,34,1217.631,0.000,34.772,71.459,0.825813,-1,-1,-1
255,66,194.066,927.470,117.351,152.419,0.824283,-1,-1,-1
255,40,337.455,467.536,63.414,143.318,0.823912,-1,-1,-1
255,56,431.740,455.112,78.834,155.384,0.823441,-1,-1,-1
255,33,687.567,0.000,57.264,121.623,0.817118,-1,-1,-1
255,71,136.419,0.053,64.295,31.931,0.812449,-1,-1,-1
255,14,1822.780,90.234,97.220,165.270,0.799863,-1,-1,-1
255,64,1823.857,0.066,68.575,30.120,0.796101,-1,-1,-1
255,28,1007.601,747.203,79.874,193.999,0.782317,-1,-1,-1
255,79,0.055,236.918,22.544,116.015,0.757920,-1,-1,-1
255,21,859.606,0.077,38.121,46.438,0.727663,-1,-1,-1
255,72,1134.478,12.383,27.581,75.018,0.725306,-1,-1,-1
255,16,815.804,0.036,36.327,42.408,0.696003,-1,-1,-1
255,2,736.251,0.049,31.863,38.265,0.671251,-1,-1,-1
255,80,1800.698,0.000,39.816,8.599,0.250240,-1,-1,-1
256,13,1210.503,657.041,86.528,161.145,0.892147,-1,-1,-1
256,9,1775.108,412.996,84.851,144.034,0.884845,-1,-1,-1
256,69,735.966,677.638,78.883,187.129,0.880514,-1,-1,-1
256,54,1240.234,171.585,56.874,146.477,0.879046,-1,-1,-1
256,49,39.214,120.930,62.382,120.085,0.871463,-1,-1,-1
256,22,913.068,365.483,62.358,156.216,0.866904,-1,-1,-1
256,20,1068.998,97.475,50.256,134.838,0.863121,-1,-1,-1
256,15,958.190,971.279,103.231,108.721,0.860368,-1,-1,-1
256,43,196.415,124.884,65.728,139.477,0.857597,-1,-1,-1
256,42,1471.553,20.743,49.062,129.389,0.857570,-1,-1,-1
256,50,1025.329,202.215,45.106,132.848,0.852782,-1,-1,-1
256,23,1258.065,0.240,42.910,103.217,0.849996,-1,-1,-1
256,55,705.699,274.144,61.266,172.174,0.849288,-1,-1,-1
256,19,1847.771,219.328,72.229,135.906,0.848903,-1,-1,-1
256,63,995.648,54.364,40.353,115.602,0.848672,-1,-1,-1
256,24,1383.281,15.110,38.436,135.219,0.848045,-1,-1,-1
256,30,446.828,888.396,88.871,183.161,0.842379,-1,-1,-1
256,34,1218.111,0.000,34.648,71.018,0.838156,-1,-1,-1
256,60,933.216,42.285,55.317,126.781,0.835941,-1,-1,-1
256,38,381.085,473.939,78.257,161.332,0.832396,-1,-1,-1
256,33,688.370,0.024,56.832,121.313,0.830033,-1,-1,-1
256,27,1152.183,0.000,39.317,75.607,0.828942,-1,-1,-1
256,56,432.105,454.829,78.688,154.890,0.825977,-1,-1,-1
256,40,337.875,467.267,63.050,143.151,0.824091,-1,-1,-1
256,77,1325.126,956.423,122.141,123.365,0.813230,-1,-1,-1
256,14,1818.650,88.393,101.333,165.598,0.803957,-1,-1,-1
256,64,1824.994,0.076,68.879,29.859,0.794412,-1,-1,-1
256,79,0.034,238.387,24.539,114.490,0.788329,-1,-1,-1
256,71,145.128,0.042,56.050,29.851,0.784153,-1,-1,-1
256,28,1004.788,752.226,87.346,205.194,0.775463,-1,-1,-1
256,72,1134.416,13.121,27.681,74.151,0.727817,-1,-1,-1
256,21,860.580,0.014,37.281,46.134,0.725594,-1,-1,-1
256,2,733.699,0.000,34.500,34.892,0.706689,-1,-1,-1
256,16,818.528,0.079,34.456,39.887,0.682806,-1,-1,-1
256,81,1486.787,1028.394,117.386,51.596,0.613818,-1,-1,-1
256,66,196.574,932.388,117.448,147.612,0.600643,-1,-1,-1
257,13,1212.311,660.590,85.441,157.603,0.891177,-1,-1,-1
257,54,1240.419,169.773,57.560,147.440,0.880644,-1,-1,-1
257,69,736.282,672.910,78.152,181.465,0.877190,-1,-1,-1
257,30,445.958,891.678,89.257,180.790,0.871249,-1,-1,-1
257,9,1775.714,415.129,85.088,143.087,0.871216,-1,-1,-1
257,49,39.421,120.254,61.798,119.981,0.870742,-1,-1,-1
257,20,1068.357,95.062,51.246,131.345,0.864145,-1,-1,-1
257,22,915.321,367.817,62.327,162.534,0.863462,-1,-1,-1
257,42,1470.963,18.234,48.400,126.642,0.862129,-1,-1,-1
257,50,1024.688,199.575,46.749,129.625,0.856830,-1,-1,-1
257,55,705.916,271.036,62.303,170.540,0.856645,-1,-1,-1
257,15,958.683,976.959,108.316,103.041,0.856587,-1,-1,-1
257,19,1850.700,219.299,69.300,141.264,0.855748,-1,-1,-1
257,63,995.628,54.537,40.498,115.474,0.852452,-1,-1,-1
257,24,1383.836,14.682,38.038,135.060,0.851548,-1,-1,-1
257,43,198.335,124.863,64.362,138.774,0.851340,-1,-1,-1
257,23,1261.678,0.111,42.304,103.291,0.844016,-1,-1,-1
257,60,935.975,43.554,53.071,129.131,0.843058,-1,-1,-1
257,38,380.547,473.558,78.713,161.616,0.842924,-1,-1,-1
257,33,688.175,0.002,57.845,121.293,0.835080,-1,-1,-1
257,56,432.518,454.352,76.880,156.139,0.834979,-1,-1,-1
257,27,1151.301,0.000,40.704,74.418,0.830920,-1,-1,-1
257,40,338.064,466.929,65.118,142.899,0.819478,-1,-1,-1
257,34,1217.966,0.000,36.627,70.323,0.814576,-1,-1,-1
257,64,1825.821,0.000,67.017,29.004,0.811505,-1,-1,-1
257,28,998.273,755.908,96.755,212.964,0.808557,-1,-1,-1
257,14,1812.989,86.150,106.935,167.104,0.799652,-1,-1,-1
257,79,0.005,243.940,26.629,108.526,0.798190,-1,-1,-1
257,71,151.729,0.111,49.387,29.071,0.771080,-1,-1,-1
257,70,935.203,0.006,46.041,76.427,0.745268,-1,-1,-1
257,72,1133.479,11.274,31.560,75.871,0.735672,-1,-1,-1
257,21,860.598,0.000,37.211,45.814,0.707996,-1,-1,-1
257,16,818.910,0.084,34.062,37.552,0.691208,-1,-1,-1
257,2,732.847,0.020,35.914,32.438,0.687019,-1,-1,-1
257,81,1485.869,1023.163,112.601,56.803,0.661482,-1,-1,-1
257,66,200.492,938.249,116.670,141.751,0.641308,-1,-1,-1
258,13,1215.851,663.166,82.371,155.146,0.890385,-1,-1,-1
258,54,1240.687,167.974,57.440,146.977,0.880171,-1,-1,-1
258,49,39.531,119.590,61.691,120.195,0.872918,-1,-1,-1
258,30,445.471,895.229,89.384,177.003,0.872714,-1,-1,-1
258,69,736.332,667.935,78.461,175.057,0.872068,-1,-1,-1
258,42,1470.343,16.615,48.552,126.851,0.866243,-1,-1,-1
258,9,1776.715,416.678,84.782,172.060,0.866239,-1,-1,-1
258,22,915.815,370.609,62.837,166.675,0.864864,-1,-1,-1
258,20,1068.323,92.358,51.709,132.036,0.862274,-1,-1,-1
258,50,1025.382,196.492,45.967,127.900,0.859571,-1,-1,-1
258,55,706.627,267.613,62.630,170.794,0.855569,-1,-1,-1
258,63,995.836,54.419,40.770,115.243,0.854003,-1,-1,-1
258,24,1383.831,14.116,38.167,134.887,0.852886,-1,-1,-1
258,43,198.469,124.862,64.428,138.424,0.849461,-1,-1,-1
258,60,936.745,44.750,52.705,131.193,0.847935,-1,-1,-1
258,19,1852.341,219.476,67.659,144.270,0.846734,-1,-1,-1
258,15,957.934,981.743,112.412,98.257,0.844150,-1,-1,-1
258,38,380.844,473.136,78.808,161.463,0.842202,-1,-1,-1
258,33,689.147,0.033,56.917,120.283,0.842188,-1,-1,-1
258,23,1264.778,0.035,38.250,102.807,0.834161,-1,-1,-1
258,27,1150.491,0.000,41.217,73.654,0.832964,-1,-1,-1
258,56,432.733,453.766,76.600,155.988,0.830997,-1,-1,-1
258,40,338.140,466.249,66.090,142.841,0.822482,-1,-1,-1
258,34,1218.409,0.000,36.094,69.795,0.813731,-1,-1,-1
258,79,0.008,247.935,28.447,103.740,0.800091,-1,-1,-1
258,28,1000.304,761.881,96.075,218.733,0.795879,-1,-1,-1
258,64,1826.758,0.122,65.958,28.311,0.785963,-1,-1,-1
258,14,1808.703,84.257,110.198,168.724,0.761649,-1,-1,-1
258,72,1133.864,10.783,30.761,75.821,0.722930,-1,-1,-1
258,81,1484.073,1017.725,110.425,62.177,0.713503,-1,-1,-1
258,70,934.648,0.000,47.085,78.333,0.698600,-1,-1,-1
258,21,860.932,0.000,36.550,45.397,0.696827,-1,-1,-1
258,16,818.769,0.089,34.180,34.645,0.692665,-1,-1,-1
258,71,134.795,0.000,66.592,28.474,0.678083,-1,-1,-1
258,2,733.335,0.016,35.459,29.546,0.652096,-1,-1,-1
258,66,203.593,942.869,116.713,136.997,0.523269,-1,-1,-1
259,13,1222.896,667.248,77.774,151.713,0.884356,-1,-1,-1
259,9,1778.444,420.211,83.604,170.470,0.880684,-1,-1,-1
259,22,915.940,375.621,64.389,172.339,0.880071,-1,-1,-1
259,54,1241.038,165.378,56.189,146.732,0.875434,-1,-1,-1
259,30,443.958,900.840,91.212,171.276,0.873900,-1,-1,-1
259,49,39.480,118.801,62.029,120.525,0.873169,-1,-1,-1
259,42,1468.942,13.693,49.271,128.692,0.871570,-1,-1,-1
259,19,1851.243,223.004,68.757,147.056,0.868930,-1,-1,-1
259,20,1067.199,87.724,52.535,131.724,0.867259,-1,-1,-1
259,69,736.620,659.314,77.236,168.841,0.867180,-1,-1,-1
259,60,935.331,48.423,55.250,132.149,0.863862,-1,-1,-1
259,50,1027.729,191.016,43.226,124.930,0.858746,-1,-1,-1
259,24,1383.986,13.926,38.262,135.068,0.854763,-1,-1,-1
259,63,995.826,55.223,40.839,114.527,0.853805,-1,-1,-1
259,43,197.957,125.558,65.392,138.083,0.852268,-1,-1,-1
259,55,705.292,261.547,66.613,162.915,0.849255,-1,-1,-1
259,38,380.993,472.387,78.697,161.702,0.844249,-1,-1,-1
259,28,999.614,772.190,99.869,225.066,0.835385,-1,-1,-1
259,23,1265.752,0.106,38.249,102.059,0.833109,-1,-1,-1
259,14,1800.456,120.010,79.205,132.698,0.832805,-1,-1,-1
259,56,432.096,453.570,77.849,155.795,0.831663,-1,-1,-1
259,27,1150.962,0.000,40.390,73.240,0.830415,-1,-1,-1
259,34,1218.416,0.000,35.560,69.613,0.826760,-1,-1,-1
259,78,1850.165,80.764,67.841,165.169,0.825897,-1,-1,-1
259,40,338.294,465.416,66.147,143.235,0.824298,-1,-1,-1
259,15,955.492,993.820,113.167,86.180,0.812610,-1,-1,-1
259,33,689.012,0.015,57.007,119.774,0.806877,-1,-1,-1
259,79,0.015,242.036,30.336,109.430,0.775468,-1,-1,-1
259,66,208.735,953.587,113.789,126.364,0.774904,-1,-1,-1
259,64,1831.484,0.075,67.608,27.850,0.742353,-1,-1,-1
259,70,933.832,0.000,48.913,75.080,0.730398,-1,-1,-1
259,72,1131.782,10.276,30.745,75.464,0.692745,-1,-1,-1
259,2,736.525,0.000,32.696,25.168,0.691990,-1,-1,-1
259,16,819.993,0.034,33.734,32.205,0.679968,-1,-1,-1
259,21,863.087,0.024,34.619,44.191,0.674774,-1,-1,-1
259,71,172.759,0.106,33.673,28.065,0.585328,-1,-1,-1
260,9,1778.433,421.336,84.761,169.437,0.890825,-1,-1,-1
260,13,1223.605,669.938,78.282,209.630,0.882081,-1,-1,-1
260,22,917.972,378.590,62.943,171.570,0.879666,-1,-1,-1
260,30,443.194,904.875,90.509,167.422,0.875135,-1,-1,-1
260,20,1066.844,86.621,52.805,131.660,0.873268,-1,-1,-1
260,49,39.492,118.829,61.738,120.291,0.872962,-1,-1,-1
260,54,1241.011,164.237,55.878,146.855,0.871395,-1,-1,-1
260,19,1851.166,223.998,68.834,147.301,0.868730,-1,-1,-1
260,42,1467.567,13.341,49.967,128.969,0.867104,-1,-1,-1
260,60,936.241,49.645,54.677,132.494,0.865187,-1,-1,-1
260,69,736.866,656.663,76.839,167.649,0.863021,-1,-1,-1
260,55,706.575,260.115,65.745,159.896,0.860655,-1,-1,-1
260,50,1029.308,189.227,40.539,126.066,0.857399,-1,-1,-1
260,63,996.135,56.058,40.523,113.800,0.854216,-1,-1,-1
260,24,1383.995,13.922,38.235,135.076,0.854099,-1,-1,-1
260,43,197.727,125.720,65.847,137.606,0.849309,-1,-1,-1
260,38,381.738,471.914,78.209,162.396,0.841646,-1,-1,-1
260,23,1266.685,0.054,36.769,102.584,0.841108,-1,-1,-1
260,56,432.040,453.395,78.364,155.962,0.838591,-1,-1,-1
260,28,999.712,776.519,98.083,221.925,0.835344,-1,-1,-1
260,27,1150.439,0.000,40.614,73.241,0.830280,-1,-1,-1
260,34,1218.626,0.000,35.461,69.700,0.826284,-1,-1,-1
260,40,338.422,465.188,65.833,143.498,0.825694,-1,-1,-1
260,15,955.383,1000.258,112.081,79.742,0.814012,-1,-1,-1
260,33,714.959,11.318,31.145,108.639,0.797548,-1,-1,-1
260,78,1847.299,79.135,67.235,168.067,0.795723,-1,-1,-1
260,66,210.181,958.744,116.920,121.109,0.786498,-1,-1,-1
260,14,1797.960,115.142,85.270,135.856,0.780145,-1,-1,-1
260,79,0.017,244.413,30.763,107.129,0.758061,-1,-1,-1
260,70,931.241,0.000,52.258,77.611,0.739384,-1,-1,-1
260,8,688.885,0.000,44.129,72.264,0.718128,-1,-1,-1
260,16,820.839,0.023,31.385,31.687,0.713974,-1,-1,-1
260,72,1131.324,11.086,28.281,74.988,0.712382,-1,-1,-1
260,2,737.088,0.000,31.601,24.373,0.701692,-1,-1,-1
260,64,1833.618,0.057,68.801,27.585,0.691320,-1,-1,-1
260,21,863.588,0.025,34.129,43.879,0.669581,-1,-1,-1
260,71,171.580,0.044,36.764,28.547,0.577025,-1,-1,-1
261,9,1778.356,422.642,85.863,167.980,0.889056,-1,-1,-1
261,13,1224.945,671.715,77.272,146.885,0.887984,-1,-1,-1
261,22,919.667,381.560,61.687,171.540,0.876341,-1,-1,-1
261,30,442.205,908.057,91.120,162.507,0.876305,-1,-1,-1
261,49,39.551,118.454,61.901,120.510,0.873713,-1,-1,-1
261,54,1241.262,162.672,55.686,146.806,0.873411,-1,-1,-1
261,20,1066.888,85.484,53.220,132.376,0.872163,-1,-1,-1
261,42,1464.593,12.627,51.595,129.259,0.867700,-1,-1,-1
261,55,692.422,258.033,80.616,155.905,0.866726,-1,-1,-1
261,19,1851.344,225.517,68.656,146.729,0.865428,-1,-1,-1
261,60,936.643,51.200,55.118,132.222,0.865088,-1,-1,-1
261,69,737.028,653.590,76.974,171.387,0.861748,-1,-1,-1
261,24,1384.154,13.699,38.094,135.135,0.854788,-1,-1,-1
261,50,1030.783,187.941,38.991,126.987,0.851719,-1,-1,-1
261,63,996.923,57.043,40.054,112.769,0.848763,-1,-1,-1
261,43,197.777,126.051,66.022,136.735,0.844634,-1,-1,-1
261,23,1267.543,0.000,37.234,101.270,0.844191,-1,-1,-1
261,28,1000.896,780.626,95.628,220.282,0.840473,-1,-1,-1
261,38,382.374,471.862,77.642,162.162,0.838885,-1,-1,-1
261,27,1150.153,0.000,40.682,73.219,0.831616,-1,-1,-1
261,56,431.499,453.621,78.432,155.689,0.829351,-1,-1,-1
261,40,338.505,464.866,66.061,143.613,0.827601,-1,-1,-1
261,34,1218.597,0.000,35.661,69.713,0.824390,-1,-1,-1
261,14,1797.481,116.074,77.676,133.461,0.806214,-1,-1,-1
261,66,212.239,962.119,118.911,117.669,0.783513,-1,-1,-1
261,33,718.257,14.936,29.999,105.520,0.779732,-1,-1,-1
261,15,955.027,1006.022,113.276,73.978,0.763538,-1,-1,-1
261,78,1843.190,77.170,66.754,169.469,0.756406,-1,-1,-1
261,71,176.446,0.000,40.845,27.739,0.737361,-1,-1,-1
261,79,0.022,238.146,30.508,113.560,0.717958,-1,-1,-1
261,72,1129.634,11.090,30.109,74.474,0.704545,-1,-1,-1
261,8,689.631,0.000,40.896,74.544,0.699401,-1,-1,-1
261,16,822.492,0.052,30.938,31.197,0.696905,-1,-1,-1
261,64,1838.445,0.039,65.228,26.938,0.683759,-1,-1,-1
261,21,863.730,0.041,33.974,42.928,0.678214,-1,-1,-1
261,2,738.878,0.000,30.558,24.036,0.672911,-1,-1,-1
261,70,934.696,0.000,49.910,78.008,0.437552,-1,-1,-1
262,9,1778.114,424.492,86.960,166.203,0.892638,-1,-1,-1
262,13,1225.247,673.986,78.607,154.893,0.881051,-1,-1,-1
262,22,920.272,383.594,61.611,170.867,0.880030,-1,-1,-1
262,30,442.232,912.235,90.999,167.698,0.874992,-1,-1,-1
262,20,1066.421,84.056,53.625,133.424,0.874206,-1,-1,-1
262,49,39.659,118.006,61.794,120.657,0.873533,-1,-1,-1
262,54,1240.898,160.640,55.724,146.624,0.872726,-1,-1,-1
262,69,737.175,650.213,76.955,173.652,0.870663,-1,-1,-1
262,42,1463.105,11.199,51.870,130.301,0.867114,-1,-1,-1
262,60,937.123,50.592,55.437,132.334,0.864314,-1,-1,-1
262,19,1851.256,226.606,68.744,144.105,0.859825,-1,-1,-1
262,24,1384.060,13.384,38.443,135.375,0.854442,-1,-1,-1
262,50,1032.167,186.294,37.646,128.238,0.854011,-1,-1,-1
262,28,1000.957,785.595,94.209,215.622,0.852465,-1,-1,-1
262,63,997.447,57.804,39.611,114.052,0.846521,-1,-1,-1
262,14,1797.375,114.072,75.779,134.339,0.839725,-1,-1,-1
262,38,383.986,471.696,76.182,161.723,0.838842,-1,-1,-1
262,43,197.232,126.543,67.237,136.154,0.838746,-1,-1,-1
262,23,1268.421,0.000,38.511,100.368,0.836203,-1,-1,-1
262,27,1150.506,0.000,40.022,72.845,0.836074,-1,-1,-1
262,55,699.312,255.932,73.657,153.954,0.831073,-1,-1,-1
262,56,430.681,453.254,79.723,154.376,0.829358,-1,-1,-1
262,34,1218.786,0.041,35.432,69.294,0.827713,-1,-1,-1
262,40,338.476,464.173,65.902,143.758,0.827045,-1,-1,-1
262,33,719.824,15.387,32.836,105.344,0.805787,-1,-1,-1
262,79,0.042,245.163,32.130,110.193,0.787706,-1,-1,-1
262,15,955.554,1010.403,111.041,69.597,0.785599,-1,-1,-1
262,71,174.478,0.000,51.181,26.218,0.756523,-1,-1,-1
262,78,1841.631,75.565,61.178,170.124,0.751518,-1,-1,-1
262,66,214.733,965.226,113.105,114.361,0.747680,-1,-1,-1
262,72,1128.125,10.403,31.733,74.838,0.744939,-1,-1,-1
262,8,688.550,0.000,39.896,71.933,0.744465,-1,-1,-1
262,16,823.420,0.039,30.707,30.651,0.700671,-1,-1,-1
262,64,1841.800,0.060,61.922,25.042,0.689535,-1,-1,-1
262,21,864.278,0.059,34.032,41.828,0.681358,-1,-1,-1
262,2,741.002,0.000,29.352,23.746,0.610820,-1,-1,-1
262,70,932.957,0.000,49.955,79.576,0.502333,-1,-1,-1
263,9,1778.067,426.018,87.945,164.643,0.893496,-1,-1,-1
263,22,920.940,385.223,60.811,169.499,0.881141,-1,-1,-1
263,69,737.198,647.629,76.540,176.181,0.876573,-1,-1,-1
263,13,1225.557,679.658,79.263,160.411,0.874695,-1,-1,-1
263,20,1066.296,83.014,53.911,134.323,0.873227,-1,-1,-1
263,49,39.510,117.663,62.077,120.608,0.870914,-1,-1,-1
263,54,1240.114,158.318,56.043,145.052,0.866795,-1,-1,-1
263,30,441.797,916.593,90.982,161.415,0.866334,-1,-1,-1
263,60,937.142,51.063,56.626,132.169,0.865906,-1,-1,-1
263,55,696.815,253.625,74.976,156.972,0.858003,-1,-1,-1
263,42,1461.023,10.182,52.561,130.817,0.857587,-1,-1,-1
263,19,1851.969,227.097,68.031,142.169,0.857368,-1,-1,-1
263,24,1383.907,13.125,38.644,134.757,0.855708,-1,-1,-1
263,23,1269.752,0.000,39.157,99.329,0.848679,-1,-1,-1
263,33,724.847,14.492,33.306,105.203,0.848320,-1,-1,-1
263,50,1032.842,185.212,37.117,129.284,0.847420,-1,-1,-1
263,63,997.120,58.895,40.108,116.549,0.846632,-1,-1,-1
263,38,383.606,471.246,76.712,161.976,0.843976,-1,-1,-1
263,43,196.570,127.072,67.778,135.678,0.840906,-1,-1,-1
263,14,1796.693,112.576,99.781,132.644,0.835202,-1,-1,-1
263,27,1149.861,0.000,40.698,72.572,0.833857,-1,-1,-1
263,56,430.485,453.241,80.385,154.925,0.833524,-1,-1,-1
263,28,1000.818,787.363,94.321,213.281,0.831495,-1,-1,-1
263,34,1218.965,0.073,35.314,68.692,0.830068,-1,-1,-1
263,40,338.286,463.618,65.710,144.265,0.825283,-1,-1,-1
263,66,214.895,968.455,119.435,111.457,0.776788,-1,-1,-1
263,15,955.198,1014.991,107.569,64.924,0.765407,-1,-1,-1
263,72,1121.094,10.152,39.672,75.179,0.765062,-1,-1,-1
263,71,175.552,0.025,58.492,24.542,0.762565,-1,-1,-1
263,79,0.089,251.646,33.311,109.834,0.760572,-1,-1,-1
263,8,690.025,0.000,37.722,69.841,0.757890,-1,-1,-1
263,78,1842.518,74.086,55.137,117.633,0.720176,-1,-1,-1
263,16,824.053,0.042,29.986,30.532,0.705247,-1,-1,-1
263,64,1847.444,0.062,58.956,24.461,0.684610,-1,-1,-1
263,21,864.707,0.069,33.659,40.628,0.672834,-1,-1,-1
263,2,742.504,0.000,27.399,23.270,0.600478,-1,-1,-1
264,9,1777.419,429.843,91.001,165.331,0.893346,-1,-1,-1
264,13,1227.577,687.839,77.768,165.254,0.884479,-1,-1,-1
264,30,440.220,926.462,91.407,152.623,0.881581,-1,-1,-1
264,69,737.356,642.537,75.027,180.036,0.879362,-1,-1,-1
264,22,922.338,389.104,59.861,165.532,0.878541,-1,-1,-1
264,54,1238.017,152.686,58.309,143.368,0.876502,-1,-1,-1
264,20,1066.464,81.554,53.830,135.379,0.875803,-1,-1,-1
264,55,699.661,250.668,68.637,158.302,0.871268,-1,-1,-1
264,49,40.064,117.467,61.466,120.751,0.870162,-1,-1,-1
264,60,937.476,52.616,57.787,130.635,0.865334,-1,-1,-1
264,33,728.545,15.924,47.552,103.358,0.859534,-1,-1,-1
264,23,1272.750,0.322,39.342,92.493,0.859501,-1,-1,-1
264,42,1460.006,8.138,49.469,132.234,0.855810,-1,-1,-1
264,24,1384.003,12.762,38.620,135.141,0.855474,-1,-1,-1
264,43,194.211,129.216,69.393,139.492,0.851786,-1,-1,-1
264,19,1853.915,228.462,66.085,133.468,0.846928,-1,-1,-1
264,63,998.360,61.752,39.726,116.689,0.844934,-1,-1,-1
264,50,1033.376,183.410,37.080,130.529,0.843448,-1,-1,-1
264,38,384.825,471.481,75.113,161.705,0.839267,-1,-1,-1
264,27,1149.900,0.000,40.755,72.272,0.835999,-1,-1,-1
264,56,430.960,452.911,80.594,154.965,0.832093,-1,-1,-1
264,34,1219.005,0.081,35.021,68.620,0.831867,-1,-1,-1
264,40,338.432,462.834,62.669,145.056,0.828003,-1,-1,-1
264,28,1000.398,795.078,96.358,206.107,0.798301,-1,-1,-1
264,71,178.627,0.027,65.069,22.791,0.790684,-1,-1,-1
264,72,1125.801,10.017,33.400,74.920,0.783420,-1,-1,-1
264,8,691.678,0.047,35.759,63.000,0.758905,-1,-1,-1
264,79,0.000,236.377,33.617,134.466,0.754234,-1,-1,-1
264,78,1836.778,71.052,57.033,169.257,0.743078,-1,-1,-1
264,15,955.333,1024.878,107.916,55.040,0.733289,-1,-1,-1
264,14,1796.053,108.305,67.380,130.462,0.683635,-1,-1,-1
264,21,863.978,0.142,34.759,36.876,0.678928,-1,-1,-1
264,82,1891.872,74.315,28.128,132.874,0.674050,-1,-1,-1
264,16,824.065,0.015,29.781,30.586,0.651542,-1,-1,-1
264,70,932.534,0.000,53.885,82.990,0.636879,-1,-1,-1
264,2,742.792,0.000,27.511,21.333,0.630537,-1,-1,-1
264,64,1856.886,0.087,51.676,23.718,0.630066,-1,-1,-1
264,66,218.989,975.753,102.701,103.730,0.592550,-1,-1,-1
265,9,1777.479,424.458,90.843,184.256,0.889768,-1,-1,-1
265,54,1237.141,143.891,59.718,147.002,0.882577,-1,-1,-1
265,13,1228.447,691.818,77.409,166.943,0.882179,-1,-1,-1
265,22,922.786,391.105,59.595,163.841,0.880675,-1,-1,-1
265,69,737.502,639.706,74.420,182.016,0.878331,-1,-1,-1
265,55,701.041,249.392,66.174,159.734,0.876677,-1,-1,-1
265,20,1066.407,80.612,53.950,135.995,0.875923,-1,-1,-1
265,49,40.547,117.428,60.993,120.784,0.871661,-1,-1,-1
265,30,439.668,932.138,91.268,145.792,0.869043,-1,-1,-1
265,33,728.519,16.317,55.094,102.602,0.867712,-1,-1,-1
265,60,937.846,53.442,57.702,129.792,0.865740,-1,-1,-1
265,24,1383.854,12.819,38.788,135.096,0.856503,-1,-1,-1
265,42,1460.022,6.890,48.024,132.648,0.856485,-1,-1,-1
265,23,1274.280,0.046,37.847,90.788,0.854724,-1,-1,-1
265,50,1033.864,181.853,37.715,131.575,0.850657,-1,-1,-1
265,63,998.416,63.105,39.369,117.681,0.844971,-1,-1,-1
265,56,430.811,453.432,80.704,154.827,0.844476,-1,-1,-1
265,19,1856.228,229.327,63.772,132.077,0.840581,-1,-1,-1
265,43,193.710,130.985,69.146,141.089,0.838759,-1,-1,-1
265,27,1148.828,0.000,41.673,72.632,0.837893,-1,-1,-1
265,38,385.203,471.283,75.078,162.109,0.836447,-1,-1,-1
265,34,1219.036,0.076,34.914,68.581,0.831227,-1,-1,-1
265,28,998.667,798.008,97.720,202.951,0.829039,-1,-1,-1
265,40,338.464,462.465,62.545,145.655,0.827524,-1,-1,-1
265,71,180.069,0.038,66.405,23.757,0.796313,-1,-1,-1
265,72,1125.431,9.900,34.056,75.499,0.774247,-1,-1,-1
265,8,690.746,0.031,36.032,60.022,0.769376,-1,-1,-1
265,82,1892.088,85.785,27.912,117.375,0.746039,-1,-1,-1
265,79,0.000,242.298,33.168,130.058,0.724008,-1,-1,-1
265,14,1795.040,70.941,93.807,166.396,0.714441,-1,-1,-1
265,15,959.088,1028.962,101.503,50.995,0.702911,-1,-1,-1
265,21,863.519,0.000,35.446,34.773,0.675595,-1,-1,-1
265,16,823.545,0.024,31.094,30.962,0.637203,-1,-1,-1
265,2,742.704,0.000,27.980,21.009,0.608078,-1,-1,-1
265,64,1862.038,0.037,47.472,24.283,0.582260,-1,-1,-1
265,70,930.403,0.000,56.626,83.863,0.549628,-1,-1,-1
265,66,220.786,979.898,94.202,99.824,0.408332,-1,-1,-1
266,13,1229.220,694.915,77.664,171.859,0.891829,-1,-1,-1
266,54,1237.181,147.292,59.461,137.910,0.884189,-1,-1,-1
266,22,922.799,393.192,60.350,162.397,0.878633,-1,-1,-1
266,30,438.437,937.910,91.707,141.055,0.877893,-1,-1,-1
266,9,1776.008,434.932,92.782,177.073,0.877099,-1,-1,-1
266,55,702.092,248.354,64.744,160.822,0.876693,-1,-1,-1
266,20,1066.583,79.767,53.828,136.340,0.875076,-1,-1,-1
266,69,737.021,637.466,74.408,183.488,0.871335,-1,-1,-1
266,33,729.011,17.087,57.776,101.972,0.867789,-1,-1,-1
266,49,40.485,117.640,61.114,120.935,0.866264,-1,-1,-1
266,60,936.500,54.650,59.241,129.575,0.865404,-1,-1,-1
266,23,1274.163,0.030,38.608,89.315,0.859590,-1,-1,-1
266,42,1459.042,5.108,47.715,132.801,0.859028,-1,-1,-1
266,24,1383.951,13.296,38.610,134.919,0.856537,-1,-1,-1
266,50,1033.910,180.772,38.143,130.932,0.849628,-1,-1,-1
266,56,430.596,453.902,81.218,154.518,0.847373,-1,-1,-1
266,19,1858.595,230.667,61.405,131.332,0.847265,-1,-1,-1
266,63,998.713,65.474,39.063,117.018,0.847231,-1,-1,-1
266,77,1275.806,894.549,114.075,185.451,0.845114,-1,-1,-1
266,43,193.173,133.157,69.995,143.614,0.840623,-1,-1,-1
266,38,385.665,471.225,74.895,162.210,0.840087,-1,-1,-1
266,27,1150.461,0.000,39.823,72.883,0.834522,-1,-1,-1
266,28,998.333,801.848,97.523,199.409,0.830409,-1,-1,-1
266,34,1219.087,0.047,34.875,69.289,0.826461,-1,-1,-1
266,40,338.732,462.406,62.273,145.844,0.826450,-1,-1,-1
266,14,1793.509,70.527,93.387,164.007,0.803673,-1,-1,-1
266,71,181.948,0.019,64.747,23.961,0.792087,-1,-1,-1
266,72,1125.639,10.215,33.628,75.534,0.777579,-1,-1,-1
266,82,1891.464,84.932,28.536,115.805,0.776321,-1,-1,-1
266,8,690.175,0.078,36.537,58.422,0.771158,-1,-1,-1
266,70,930.568,0.000,56.420,86.499,0.734294,-1,-1,-1
266,79,0.000,244.715,32.242,130.216,0.699252,-1,-1,-1
266,21,862.905,0.000,35.695,33.024,0.680917,-1,-1,-1
266,66,221.423,983.718,83.325,96.158,0.669827,-1,-1,-1
266,15,959.791,1034.038,103.849,45.853,0.612023,-1,-1,-1
266,16,822.175,0.039,34.405,31.236,0.578987,-1,-1,-1
266,64,1867.225,0.000,47.320,24.241,0.566085,-1,-1,-1
266,2,743.881,0.000,26.944,20.518,0.564228,-1,-1,-1
267,13,1230.679,701.148,76.332,170.076,0.886377,-1,-1,-1
267,54,1237.427,142.695,59.293,140.785,0.881355,-1,-1,-1
267,55,702.088,247.572,63.988,162.189,0.875569,-1,-1,-1
267,30,437.002,942.983,91.124,136.221,0.874472,-1,-1,-1
267,20,1066.980,79.021,53.060,135.670,0.873689,-1,-1,-1
267,22,922.926,395.310,60.148,160.752,0.872438,-1,-1,-1
267,69,736.688,634.676,75.298,184.358,0.871909,-1,-1,-1
267,49,40.683,118.402,60.854,120.870,0.867666,-1,-1,-1
267,33,729.323,17.137,59.724,102.925,0.865408,-1,-1,-1
267,9,1778.153,438.250,90.065,182.658,0.865382,-1,-1,-1
267,60,936.038,55.324,59.776,129.092,0.864205,-1,-1,-1
267,23,1273.114,0.039,39.864,87.192,0.860251,-1,-1,-1
267,42,1458.051,4.340,46.946,131.415,0.858726,-1,-1,-1
267,19,1861.336,231.882,58.583,131.820,0.856341,-1,-1,-1
267,24,1383.796,13.906,38.565,135.128,0.855393,-1,-1,-1
267,50,1033.983,179.320,38.415,132.123,0.849626,-1,-1,-1
267,63,997.678,66.832,39.802,117.477,0.849479,-1,-1,-1
267,38,386.530,471.696,73.546,162.536,0.846011,-1,-1,-1
267,56,430.005,454.988,81.291,154.937,0.841192,-1,-1,-1
267,43,192.120,135.559,71.433,143.532,0.837722,-1,-1,-1
267,27,1149.111,0.000,41.159,73.256,0.836410,-1,-1,-1
267,40,338.364,462.587,62.093,146.269,0.832060,-1,-1,-1
267,34,1218.951,0.063,35.066,69.677,0.821888,-1,-1,-1
267,77,1264.851,891.443,120.565,188.557,0.819105,-1,-1,-1
267,28,998.245,806.072,97.428,195.958,0.806178,-1,-1,-1
267,8,689.162,0.000,37.770,58.005,0.797313,-1,-1,-1
267,78,1832.776,70.257,56.594,160.873,0.796659,-1,-1,-1
267,72,1124.646,10.391,34.420,76.377,0.784245,-1,-1,-1
267,71,185.250,0.038,61.575,24.318,0.782132,-1,-1,-1
267,14,1788.138,101.415,70.219,131.127,0.781384,-1,-1,-1
267,82,1891.201,78.283,28.799,125.584,0.759876,-1,-1,-1
267,70,931.302,0.069,55.107,87.753,0.756072,-1,-1,-1
267,66,223.314,988.610,83.719,91.237,0.734687,-1,-1,-1
267,79,0.000,238.625,31.756,139.737,0.693425,-1,-1,-1
267,21,863.016,0.000,35.643,33.331,0.674724,-1,-1,-1
267,15,966.749,1039.325,92.585,40.546,0.647612,-1,-1,-1
267,16,821.628,0.043,35.848,31.305,0.580090,-1,-1,-1
267,64,1869.688,0.000,49.068,24.587,0.527947,-1,-1,-1
267,2,744.656,0.000,26.272,20.148,0.503507,-1,-1,-1
268,13,1231.762,705.161,76.448,167.631,0.882250,-1,-1,-1
268,54,1238.180,144.344,58.410,136.397,0.881389,-1,-1,-1
268,30,435.247,948.847,92.002,130.568,0.880407,-1,-1,-1
268,69,735.894,631.173,76.501,183.432,0.876846,-1,-1,-1
268,55,702.270,247.166,63.021,163.009,0.875679,-1,-1,-1
268,20,1067.605,77.368,52.228,135.704,0.872074,-1,-1,-1
268,22,923.078,398.521,59.806,158.757,0.869743,-1,-1,-1
268,60,935.145,55.708,60.192,129.524,0.867153,-1,-1,-1
268,33,729.828,17.633,58.056,102.822,0.866309,-1,-1,-1
268,9,1775.970,442.186,92.708,184.195,0.865560,-1,-1,-1
268,49,40.416,119.452,61.385,119.797,0.865052,-1,-1,-1
268,42,1456.860,2.836,46.677,131.639,0.859131,-1,-1,-1
268,23,1271.650,0.031,41.581,86.713,0.856569,-1,-1,-1
268,43,191.620,138.091,72.454,142.380,0.853128,-1,-1,-1
268,14,1777.410,100.393,77.702,132.564,0.850888,-1,-1,-1
268,24,1383.304,14.805,38.954,135.066,0.850690,-1,-1,-1
268,63,997.838,68.577,39.452,116.614,0.850640,-1,-1,-1
268,19,1864.032,233.442,55.674,131.334,0.850257,-1,-1,-1
268,50,1034.045,178.450,38.788,131.371,0.845167,-1,-1,-1
268,38,386.835,472.630,72.604,162.422,0.843053,-1,-1,-1
268,56,429.448,455.576,81.423,155.188,0.841034,-1,-1,-1
268,40,337.873,462.834,62.242,146.835,0.836805,-1,-1,-1
268,27,1151.031,0.000,39.078,73.951,0.836620,-1,-1,-1
268,77,1259.703,889.834,120.620,190.166,0.835621,-1,-1,-1
268,28,997.557,810.710,98.404,191.610,0.829257,-1,-1,-1
268,34,1218.438,0.065,35.151,70.307,0.821034,-1,-1,-1
268,82,1890.077,64.884,29.923,139.310,0.784875,-1,-1,-1
268,71,188.476,0.036,58.786,24.953,0.781110,-1,-1,-1
268,72,1124.949,10.814,31.821,75.839,0.779910,-1,-1,-1
268,8,690.875,0.000,36.336,58.307,0.760302,-1,-1,-1
268,79,0.047,255.708,31.893,124.531,0.722405,-1,-1,-1
268,78,1832.072,70.327,53.649,158.193,0.708613,-1,-1,-1
268,21,864.206,0.016,34.306,32.612,0.678328,-1,-1,-1
268,66,227.645,996.961,81.311,82.867,0.632297,-1,-1,-1
268,15,970.090,1045.265,87.310,34.616,0.608295,-1,-1,-1
268,64,1870.295,0.000,42.327,26.013,0.602936,-1,-1,-1
268,16,822.760,0.051,35.409,31.452,0.594080,-1,-1,-1
268,2,744.654,0.000,25.069,18.807,0.448950,-1,-1,-1
268,70,932.485,0.000,53.864,72.031,0.246550,-1,-1,-1
269,13,1231.705,711.602,77.663,162.785,0.884705,-1,-1,-1
269,54,1240.756,142.329,55.794,148.768,0.880234,-1,-1,-1
269,69,727.081,622.865,85.602,180.943,0.877041,-1,-1,-1
269,55,702.629,245.033,61.999,164.878,0.874914,-1,-1,-1
269,30,431.051,957.696,91.546,122.007,0.872758,-1,-1,-1
269,20,1067.679,74.308,51.552,131.989,0.870139,-1,-1,-1
269,33,733.600,18.975,54.126,102.419,0.868833,-1,-1,-1
269,22,922.836,404.301,61.244,162.936,0.864470,-1,-1,-1
269,49,40.230,120.493,61.037,119.395,0.864039,-1,-1,-1
269,9,1777.417,448.165,89.991,187.909,0.863710,-1,-1,-1
269,42,1455.124,1.138,46.826,127.205,0.863482,-1,-1,-1
269,23,1269.937,0.000,46.261,88.017,0.862342,-1,-1,-1
269,60,934.891,59.660,59.761,133.469,0.856885,-1,-1,-1
269,56,429.500,456.619,80.674,154.974,0.853094,-1,-1,-1
269,19,1867.763,236.604,52.112,129.646,0.852946,-1,-1,-1
269,14,1758.970,100.504,87.291,130.959,0.851166,-1,-1,-1
269,43,190.124,142.158,70.790,143.629,0.850185,-1,-1,-1
269,50,1033.949,173.859,39.910,128.974,0.850123,-1,-1,-1
269,24,1383.248,15.603,38.594,135.093,0.848729,-1,-1,-1
269,63,997.372,70.778,39.903,115.610,0.846592,-1,-1,-1
269,77,1253.870,883.562,118.699,196.438,0.842014,-1,-1,-1
269,27,1150.798,0.000,38.206,74.815,0.841083,-1,-1,-1
269,38,383.257,474.909,75.583,161.106,0.837748,-1,-1,-1
269,40,336.873,462.727,63.045,146.850,0.835616,-1,-1,-1
269,28,996.800,819.390,99.823,207.942,0.833871,-1,-1,-1
269,34,1217.961,0.069,35.058,70.871,0.830760,-1,-1,-1
269,82,1882.242,62.275,37.758,197.824,0.788853,-1,-1,-1
269,79,0.040,260.080,30.822,122.351,0.777108,-1,-1,-1
269,72,1123.898,10.471,32.416,77.416,0.775168,-1,-1,-1
269,8,692.019,0.000,35.916,59.128,0.751371,-1,-1,-1
269,71,199.143,0.063,47.653,26.048,0.741610,-1,-1,-1
269,64,1869.612,0.000,45.812,27.972,0.722836,-1,-1,-1
269,78,1818.499,69.827,60.349,156.961,0.695629,-1,-1,-1
269,21,867.583,0.051,31.438,31.552,0.693617,-1,-1,-1
269,66,233.412,1013.351,129.482,66.645,0.657616,-1,-1,-1
269,16,823.130,0.058,34.374,31.069,0.614714,-1,-1,-1
269,2,735.020,0.000,34.087,14.796,0.528882,-1,-1,-1
270,13,1231.547,715.074,78.831,164.003,0.885248,-1,-1,-1
270,22,922.472,407.607,62.494,167.731,0.877969,-1,-1,-1
270,69,721.917,619.038,91.819,173.714,0.875283,-1,-1,-1
270,54,1240.510,141.665,55.619,147.836,0.875071,-1,-1,-1
270,55,703.191,243.723,61.157,165.769,0.871065,-1,-1,-1
270,20,1067.168,72.405,51.520,129.525,0.869283,-1,-1,-1
270,9,1778.030,451.538,89.178,182.714,0.868669,-1,-1,-1
270,30,429.575,961.696,90.861,117.910,0.868473,-1,-1,-1
270,42,1454.535,0.319,46.758,126.802,0.867363,-1,-1,-1
270,33,736.986,18.719,50.452,103.449,0.865527,-1,-1,-1
270,23,1269.438,0.000,47.880,88.614,0.865084,-1,-1,-1
270,49,40.303,120.778,61.228,119.545,0.864099,-1,-1,-1
270,60,933.897,61.594,60.896,135.193,0.861450,-1,-1,-1
270,77,1250.598,880.302,116.940,199.698,0.859179,-1,-1,-1
270,43,188.790,144.474,72.223,142.305,0.854545,-1,-1,-1
270,56,429.685,457.062,80.526,155.531,0.852826,-1,-1,-1
270,24,1383.317,16.134,38.458,134.808,0.848585,-1,-1,-1
270,50,1034.240,172.019,39.482,127.256,0.848533,-1,-1,-1
270,63,997.071,71.890,40.220,115.002,0.846507,-1,-1,-1
270,38,382.842,475.667,76.137,160.322,0.838886,-1,-1,-1
270,19,1867.674,238.439,52.296,128.396,0.837502,-1,-1,-1
270,27,1150.529,0.000,38.365,75.171,0.837446,-1,-1,-1
270,14,1751.679,100.633,89.801,131.219,0.836251,-1,-1,-1
270,40,336.390,462.388,64.437,147.309,0.834503,-1,-1,-1
270,34,1217.923,0.075,34.795,71.374,0.834152,-1,-1,-1
270,28,996.190,821.477,101.150,220.346,0.824113,-1,-1,-1
270,82,1876.628,63.473,43.308,136.235,0.814562,-1,-1,-1
270,79,0.037,262.812,29.951,120.002,0.786527,-1,-1,-1
270,64,1869.512,0.000,49.792,27.647,0.773863,-1,-1,-1
270,72,1123.315,10.451,32.289,77.599,0.767015,-1,-1,-1
270,78,1826.202,69.428,49.904,157.989,0.739385,-1,-1,-1
270,71,203.807,0.000,43.083,26.445,0.730390,-1,-1,-1
270,8,691.810,0.000,36.071,59.233,0.724817,-1,-1,-1
270,21,868.446,0.052,31.027,31.772,0.687133,-1,-1,-1
270,66,245.304,1022.654,110.403,57.281,0.677396,-1,-1,-1
270,16,823.312,0.062,35.045,30.062,0.614338,-1,-1,-1
270,2,741.039,0.000,28.050,13.043,0.500755,-1,-1,-1
271,69,733.038,615.883,80.658,168.493,0.887589,-1,-1,-1
271,13,1228.664,720.278,82.227,163.984,0.885098,-1,-1,-1
271,54,1240.602,140.972,55.361,140.482,0.877996,-1,-1,-1
271,22,922.079,410.994,64.178,172.969,0.873768,-1,-1,-1
271,20,1066.687,71.191,51.550,128.238,0.873196,-1,-1,-1
271,55,703.316,241.854,60.727,164.769,0.867864,-1,-1,-1
271,23,1269.166,0.000,47.723,89.223,0.866144,-1,-1,-1
271,77,1250.119,875.839,112.498,202.973,0.865971,-1,-1,-1
271,9,1776.059,454.102,90.620,181.988,0.865897,-1,-1,-1
271,60,934.069,65.133,60.313,135.633,0.864111,-1,-1,-1
271,49,40.469,121.464,60.810,119.634,0.863254,-1,-1,-1
271,43,187.598,145.964,71.792,142.147,0.861548,-1,-1,-1
271,42,1453.784,0.047,46.547,124.655,0.859644,-1,-1,-1
271,50,1034.383,169.888,39.744,123.568,0.851281,-1,-1,-1
271,24,1382.912,16.445,38.847,134.847,0.850008,-1,-1,-1
271,30,427.677,965.239,91.767,114.701,0.848047,-1,-1,-1
271,14,1748.766,100.276,89.979,132.701,0.847984,-1,-1,-1
271,33,740.822,18.581,46.892,102.894,0.847411,-1,-1,-1
271,19,1867.659,239.880,52.247,127.094,0.844520,-1,-1,-1
271,63,997.399,72.805,40.003,114.096,0.842645,-1,-1,-1
271,56,429.601,457.754,80.356,154.785,0.841622,-1,-1,-1
271,34,1218.047,0.100,33.955,72.120,0.840903,-1,-1,-1
271,28,996.321,829.768,100.750,226.506,0.836443,-1,-1,-1
271,40,336.613,462.288,63.125,148.923,0.834751,-1,-1,-1
271,38,384.403,476.123,74.577,160.259,0.833336,-1,-1,-1
271,27,1151.736,0.000,37.230,75.577,0.825458,-1,-1,-1
271,82,1873.003,63.925,46.908,135.662,0.823993,-1,-1,-1
271,64,1869.511,0.000,50.464,28.308,0.772892,-1,-1,-1
271,79,0.047,251.985,28.116,130.979,0.748467,-1,-1,-1
271,72,1120.151,10.310,33.845,77.283,0.738369,-1,-1,-1
271,78,1828.342,67.969,45.475,158.871,0.738170,-1,-1,-1
271,8,692.224,0.000,35.773,59.339,0.703035,-1,-1,-1
271,21,869.714,0.060,29.818,32.007,0.687537,-1,-1,-1
271,71,212.954,0.029,34.442,26.752,0.686761,-1,-1,-1
271,66,244.635,1030.101,114.120,49.779,0.648210,-1,-1,-1
271,16,824.016,0.071,33.172,28.510,0.623634,-1,-1,-1
271,2,740.022,0.000,28.053,12.944,0.481666,-1,-1,-1
272,69,733.013,613.170,80.100,162.004,0.886626,-1,-1,-1
272,22,921.504,414.864,66.111,177.201,0.883882,-1,-1,-1
272,13,1227.337,723.224,84.338,165.174,0.882933,-1,-1,-1
272,54,1241.240,140.444,54.720,141.323,0.877359,-1,-1,-1
272,20,1066.101,70.006,52.034,128.080,0.872042,-1,-1,-1
272,9,1773.363,456.905,93.509,179.784,0.870974,-1,-1,-1
272,55,702.920,240.371,60.439,163.375,0.865852,-1,-1,-1
272,23,1268.908,0.000,48.437,89.445,0.864355,-1,-1,-1
272,49,40.322,121.606,60.755,119.813,0.862823,-1,-1,-1
272,42,1452.748,0.116,46.714,123.500,0.857709,-1,-1,-1
272,60,930.832,66.675,62.172,135.731,0.855356,-1,-1,-1
272,43,185.831,147.610,73.439,140.933,0.852498,-1,-1,-1
272,19,1867.518,241.183,52.398,127.072,0.852316,-1,-1,-1
272,77,1251.672,871.676,109.748,207.479,0.850241,-1,-1,-1
272,24,1382.430,16.772,39.202,134.901,0.846697,-1,-1,-1
272,50,1034.901,168.334,39.031,123.117,0.846477,-1,-1,-1
272,63,996.610,74.259,40.904,114.015,0.845362,-1,-1,-1
272,33,745.716,18.184,42.050,104.070,0.845101,-1,-1,-1
272,34,1217.822,0.095,34.116,72.559,0.841303,-1,-1,-1
272,27,1150.336,0.000,38.583,75.828,0.839799,-1,-1,-1
272,56,430.096,458.203,79.235,155.145,0.839771,-1,-1,-1
272,14,1745.471,100.021,88.768,131.827,0.839084,-1,-1,-1
272,30,426.492,969.971,91.570,109.806,0.832094,-1,-1,-1
272,40,335.957,462.776,64.859,148.830,0.832038,-1,-1,-1
272,28,996.521,835.196,101.895,225.896,0.830758,-1,-1,-1
272,38,380.715,476.840,77.971,159.827,0.828378,-1,-1,-1
272,82,1869.625,63.776,50.375,203.862,0.822420,-1,-1,-1
272,64,1869.747,0.013,49.983,29.062,0.795201,-1,-1,-1
272,79,0.033,255.071,26.839,127.802,0.742099,-1,-1,-1
272,72,1119.070,10.757,33.985,76.747,0.733630,-1,-1,-1
272,78,1826.203,67.245,46.040,160.029,0.731462,-1,-1,-1
272,8,692.391,0.000,35.472,59.659,0.725567,-1,-1,-1
272,21,870.111,0.052,29.804,32.321,0.673553,-1,-1,-1
272,66,250.005,1037.467,102.079,42.463,0.644073,-1,-1,-1
272,16,824.035,0.036,32.495,27.101,0.601285,-1,-1,-1
272,71,203.095,0.000,47.581,27.151,0.482502,-1,-1,-1
272,2,734.954,0.000,31.788,11.312,0.412259,-1,-1,-1
272,83,1799.497,0.000,33.813,10.168,0.383080,-1,-1,-1
273,13,1226.343,727.565,86.619,180.028,0.888931,-1,-1,-1
273,22,921.828,418.656,65.736,174.656,0.886710,-1,-1,-1
273,54,1242.541,139.473,53.819,141.664,0.880025,-1,-1,-1
273,9,1774.261,459.107,91.622,179.420,0.878976,-1,-1,-1
273,20,1065.211,69.364,52.024,128.248,0.869362,-1,-1,-1
273,55,702.813,238.055,60.500,162.030,0.868119,-1,-1,-1
273,69,732.707,610.020,79.943,164.604,0.865820,-1,-1,-1
273,23,1268.688,0.000,48.912,89.718,0.865776,-1,-1,-1
273,49,40.279,122.355,60.908,119.590,0.863701,-1,-1,-1
273,14,1744.158,100.659,86.514,129.956,0.863610,-1,-1,-1
273,43,184.105,148.779,74.700,140.611,0.858049,-1,-1,-1
273,42,1451.393,0.000,46.603,124.550,0.857012,-1,-1,-1
273,19,1867.046,242.513,52.903,129.560,0.855631,-1,-1,-1
273,77,1253.214,866.762,105.439,206.711,0.853673,-1,-1,-1
273,56,429.861,459.020,79.697,154.944,0.849973,-1,-1,-1
273,82,1865.137,63.245,54.826,135.977,0.849671,-1,-1,-1
273,50,1034.508,167.426,38.856,123.934,0.848966,-1,-1,-1
273,24,1382.214,17.380,39.198,135.087,0.848025,-1,-1,-1
273,28,997.259,841.927,99.874,225.109,0.844557,-1,-1,-1
273,63,997.014,75.771,40.316,111.876,0.844225,-1,-1,-1
273,27,1149.551,0.000,39.532,76.372,0.839277,-1,-1,-1
273,60,932.298,69.513,60.014,134.572,0.838225,-1,-1,-1
273,34,1217.646,0.071,33.735,73.538,0.834853,-1,-1,-1
273,40,336.140,462.567,64.522,149.426,0.833536,-1,-1,-1
273,38,381.805,477.113,76.674,160.030,0.828670,-1,-1,-1
273,30,424.881,974.387,92.035,105.350,0.823805,-1,-1,-1
273,33,752.079,18.494,35.428,104.245,0.820242,-1,-1,-1
273,64,1869.752,0.010,50.019,29.440,0.795094,-1,-1,-1
273,78,1821.548,66.004,49.253,161.846,0.757913,-1,-1,-1
273,72,1118.457,11.187,33.159,76.503,0.741595,-1,-1,-1
273,8,693.174,0.000,34.891,59.058,0.713225,-1,-1,-1
273,79,0.042,259.007,24.994,126.523,0.702537,-1,-1,-1
273,21,869.598,0.033,30.813,33.007,0.656898,-1,-1,-1
273,16,825.029,0.000,29.304,25.089,0.568893,-1,-1,-1
273,71,213.766,0.050,39.805,27.525,0.537884,-1,-1,-1
273,66,244.669,1044.627,99.618,35.312,0.528919,-1,-1,-1
273,2,735.510,0.000,30.657,11.455,0.465952,-1,-1,-1
273,83,1798.859,0.000,34.161,10.416,0.395739,-1,-1,-1
274,22,921.803,423.983,66.614,175.008,0.885766,-1,-1,-1
274,9,1775.099,462.400,91.780,176.597,0.878327,-1,-1,-1
274,54,1245.827,134.874,51.772,142.873,0.875018,-1,-1,-1
274,69,709.979,604.291,101.030,171.052,0.874109,-1,-1,-1
274,60,926.963,71.276,64.435,135.212,0.873030,-1,-1,-1
274,13,1225.482,735.820,89.357,170.495,0.871366,-1,-1,-1
274,49,40.713,122.885,59.181,119.489,0.869792,-1,-1,-1
274,14,1743.692,99.004,79.703,132.523,0.869150,-1,-1,-1
274,55,701.695,232.751,61.270,157.443,0.868584,-1,-1,-1
274,20,1063.649,68.120,52.667,129.865,0.867891,-1,-1,-1
274,23,1268.714,0.000,49.017,89.119,0.865601,-1,-1,-1
274,43,181.422,151.616,75.440,138.156,0.862461,-1,-1,-1
274,42,1449.326,0.061,45.874,124.254,0.861916,-1,-1,-1
274,82,1859.691,60.874,60.309,208.226,0.860647,-1,-1,-1
274,50,1033.136,165.501,39.760,126.641,0.851100,-1,-1,-1
274,24,1381.983,17.712,39.192,135.000,0.849527,-1,-1,-1
274,63,997.104,78.985,40.566,116.135,0.846166,-1,-1,-1
274,40,335.353,462.076,64.482,150.433,0.842135,-1,-1,-1
274,56,429.694,459.669,79.749,154.642,0.841192,-1,-1,-1
274,28,997.690,851.850,97.987,226.400,0.840454,-1,-1,-1
274,33,758.702,19.034,30.296,104.664,0.838819,-1,-1,-1
274,34,1217.444,0.030,33.642,74.029,0.837004,-1,-1,-1
274,19,1866.549,239.444,53.451,141.466,0.836853,-1,-1,-1
274,27,1145.798,0.000,42.899,76.953,0.834448,-1,-1,-1
274,77,1239.301,855.784,96.623,193.603,0.832936,-1,-1,-1
274,38,380.932,477.100,77.192,160.466,0.811484,-1,-1,-1
274,30,420.294,982.293,94.700,97.707,0.803233,-1,-1,-1
274,79,0.082,270.559,25.125,112.893,0.786085,-1,-1,-1
274,64,1870.706,0.000,49.057,29.790,0.778870,-1,-1,-1
274,72,1118.540,11.020,31.073,77.450,0.754048,-1,-1,-1
274,71,220.254,0.049,50.261,27.768,0.741733,-1,-1,-1
274,78,1815.116,63.319,52.126,164.015,0.726692,-1,-1,-1
274,8,693.768,0.000,35.074,57.311,0.710396,-1,-1,-1
274,21,870.850,0.020,29.417,33.301,0.637217,-1,-1,-1
274,16,823.642,0.000,29.918,22.962,0.633267,-1,-1,-1
274,2,736.140,0.000,28.927,11.934,0.471837,-1,-1,-1
274,83,1798.981,0.021,36.163,10.726,0.398562,-1,-1,-1
275,9,1774.974,464.520,91.769,173.907,0.885023,-1,-1,-1
275,22,921.479,426.692,67.328,175.434,0.882186,-1,-1,-1
275,69,708.877,602.213,101.156,173.769,0.873680,-1,-1,-1
275,54,1246.960,131.686,51.199,143.180,0.873129,-1,-1,-1
275,49,40.901,123.170,59.020,119.494,0.868501,-1,-1,-1
275,42,1448.063,0.000,46.057,124.400,0.867432,-1,-1,-1
275,60,925.696,71.961,64.840,134.941,0.866450,-1,-1,-1
275,23,1268.676,0.000,48.441,88.220,0.865882,-1,-1,-1
275,55,700.104,230.378,63.511,152.904,0.863144,-1,-1,-1
275,13,1225.678,742.394,90.606,187.675,0.860881,-1,-1,-1
275,20,1063.068,67.923,52.128,130.635,0.858282,-1,-1,-1
275,43,180.213,152.845,75.571,137.517,0.857368,-1,-1,-1
275,50,1031.980,165.152,41.175,127.197,0.853728,-1,-1,-1
275,82,1858.775,59.917,61.183,210.439,0.852786,-1,-1,-1
275,14,1743.557,98.668,77.927,133.924,0.850207,-1,-1,-1
275,19,1866.678,245.061,53.209,138.268,0.848957,-1,-1,-1
275,24,1382.133,18.230,38.931,134.911,0.848493,-1,-1,-1
275,63,996.971,80.600,40.821,118.537,0.847220,-1,-1,-1
275,40,335.113,461.863,64.844,150.689,0.844858,-1,-1,-1
275,56,428.767,460.601,80.276,153.991,0.843401,-1,-1,-1
275,34,1217.192,0.023,33.501,74.327,0.842124,-1,-1,-1
275,28,998.505,853.609,97.032,225.916,0.832348,-1,-1,-1
275,27,1150.364,0.000,37.888,77.153,0.828300,-1,-1,-1
275,33,760.423,19.004,33.303,105.275,0.820740,-1,-1,-1
275,38,379.293,474.058,79.219,163.871,0.818619,-1,-1,-1
275,77,1229.194,853.487,88.634,181.492,0.815795,-1,-1,-1
275,79,0.026,279.865,27.270,106.607,0.799270,-1,-1,-1
275,30,419.652,986.469,95.200,93.428,0.788414,-1,-1,-1
275,64,1870.876,0.028,48.742,30.159,0.753935,-1,-1,-1
275,78,1806.413,61.694,58.702,165.101,0.720977,-1,-1,-1
275,72,1118.125,11.103,33.647,77.470,0.706115,-1,-1,-1
275,8,692.131,0.000,36.745,55.276,0.705528,-1,-1,-1
275,71,219.431,0.018,59.606,28.404,0.704719,-1,-1,-1
275,70,944.237,0.050,43.453,62.219,0.664586,-1,-1,-1
275,21,870.784,0.000,29.261,32.684,0.632817,-1,-1,-1
275,16,824.457,0.000,31.286,22.391,0.614044,-1,-1,-1
275,2,736.581,0.000,26.025,11.847,0.494704,-1,-1,-1
275,83,1798.745,0.023,35.985,10.944,0.411768,-1,-1,-1
276,9,1775.723,466.646,91.268,172.493,0.887138,-1,-1,-1
276,22,921.769,429.271,67.123,173.876,0.881872,-1,-1,-1
276,69,730.755,600.819,79.049,175.741,0.878688,-1,-1,-1
276,60,924.962,68.811,65.040,138.029,0.873469,-1,-1,-1
276,54,1247.379,125.791,51.503,144.336,0.872252,-1,-1,-1
276,23,1268.905,0.000,48.663,86.459,0.869902,-1,-1,-1
276,49,41.105,123.370,59.047,119.507,0.867157,-1,-1,-1
276,42,1446.681,0.000,47.065,124.366,0.865466,-1,-1,-1
276,82,1858.756,58.188,61.203,204.713,0.863064,-1,-1,-1
276,55,698.112,227.878,65.216,152.514,0.859517,-1,-1,-1
276,19,1866.540,249.774,53.415,134.394,0.857269,-1,-1,-1
276,20,1062.539,67.707,52.135,130.808,0.856679,-1,-1,-1
276,50,1030.905,164.382,42.340,127.761,0.852532,-1,-1,-1
276,14,1743.319,96.908,74.831,130.785,0.852476,-1,-1,-1
276,24,1381.804,18.216,39.263,134.934,0.848888,-1,-1,-1
276,63,996.723,82.741,41.017,119.024,0.848700,-1,-1,-1
276,43,179.014,153.792,74.802,136.857,0.847206,-1,-1,-1
276,28,998.892,860.840,97.130,218.981,0.844119,-1,-1,-1
276,56,428.432,461.188,81.073,153.496,0.843205,-1,-1,-1
276,34,1217.237,0.008,33.479,74.584,0.839791,-1,-1,-1
276,33,762.093,19.378,37.100,104.666,0.838930,-1,-1,-1
276,40,334.646,461.568,65.890,151.432,0.836548,-1,-1,-1
276,27,1147.448,0.000,40.518,77.339,0.830789,-1,-1,-1
276,38,378.191,473.904,80.316,164.408,0.826925,-1,-1,-1
276,79,0.029,281.880,28.760,108.628,0.815439,-1,-1,-1
276,13,1225.450,747.228,98.226,291.265,0.806787,-1,-1,-1
276,30,419.186,991.308,96.521,88.659,0.805718,-1,-1,-1
276,64,1870.710,0.030,48.897,30.194,0.776543,-1,-1,-1
276,78,1804.460,98.618,43.254,125.638,0.755773,-1,-1,-1
276,71,222.111,0.015,61.599,28.632,0.749037,-1,-1,-1
276,72,1118.286,11.099,31.377,76.978,0.745993,-1,-1,-1
276,77,1218.011,858.881,110.049,170.871,0.744496,-1,-1,-1
276,21,869.180,0.019,27.965,32.968,0.695622,-1,-1,-1
276,8,693.728,0.000,35.400,51.601,0.683651,-1,-1,-1
276,16,823.458,0.000,33.185,22.609,0.637821,-1,-1,-1
276,2,726.390,0.000,36.179,12.233,0.457724,-1,-1,-1
276,83,1798.192,0.000,38.037,11.211,0.432558,-1,-1,-1
276,84,987.902,0.000,29.292,13.450,0.406491,-1,-1,-1
277,22,922.318,431.453,66.387,172.220,0.886978,-1,-1,-1
277,9,1776.233,468.594,91.511,170.501,0.884437,-1,-1,-1
277,14,1743.297,94.911,70.890,129.227,0.879122,-1,-1,-1
277,69,730.813,598.640,79.411,177.505,0.878321,-1,-1,-1
277,54,1247.314,125.291,51.911,139.940,0.874054,-1,-1,-1
277,55,696.172,225.680,68.126,153.055,0.871837,-1,-1,-1
277,42,1445.420,0.000,47.675,124.322,0.867298,-1,-1,-1
277,49,41.395,123.681,58.471,119.346,0.866015,-1,-1,-1
277,23,1269.168,0.000,47.013,83.629,0.864905,-1,-1,-1
277,60,924.850,68.019,64.522,139.137,0.862404,-1,-1,-1
277,82,1858.424,56.937,61.505,203.406,0.861724,-1,-1,-1
277,19,1866.768,250.648,53.090,135.688,0.856370,-1,-1,-1
277,20,1061.920,67.094,51.781,131.695,0.852946,-1,-1,-1
277,33,763.502,19.420,43.625,104.418,0.847924,-1,-1,-1
277,24,1382.109,18.528,38.951,134.818,0.847815,-1,-1,-1
277,50,1030.516,163.894,41.633,128.123,0.845746,-1,-1,-1
277,43,177.903,154.501,74.288,135.653,0.844385,-1,-1,-1
277,56,427.981,461.549,80.033,151.598,0.844304,-1,-1,-1
277,63,997.392,84.464,40.831,118.859,0.843903,-1,-1,-1
277,34,1217.268,0.021,33.389,74.670,0.838892,-1,-1,-1
277,27,1146.931,0.000,41.003,77.511,0.836502,-1,-1,-1
277,28,997.769,863.316,98.719,216.619,0.836348,-1,-1,-1
277,40,334.710,461.070,65.809,152.140,0.833748,-1,-1,-1
277,38,378.649,474.198,79.760,164.279,0.830148,-1,-1,-1
277,13,1226.527,751.650,93.117,286.645,0.821011,-1,-1,-1
277,79,0.035,284.341,29.739,108.783,0.816524,-1,-1,-1
277,30,418.045,996.415,97.103,83.583,0.795175,-1,-1,-1
277,77,1212.096,857.101,93.080,174.100,0.780996,-1,-1,-1
277,64,1873.531,0.007,46.070,30.276,0.777252,-1,-1,-1
277,71,223.465,0.038,64.684,28.058,0.764086,-1,-1,-1
277,72,1117.652,11.203,31.230,77.109,0.762825,-1,-1,-1
277,78,1798.205,99.226,46.851,123.056,0.743553,-1,-1,-1
277,85,1810.766,59.339,51.805,117.478,0.733723,-1,-1,-1
277,8,694.417,0.000,34.408,47.872,0.694950,-1,-1,-1
277,21,869.350,0.025,27.487,32.099,0.688549,-1,-1,-1
277,16,822.535,0.000,35.237,23.046,0.664341,-1,-1,-1
277,2,726.874,0.000,34.771,12.030,0.468013,-1,-1,-1
277,83,1798.171,0.000,38.062,11.498,0.434276,-1,-1,-1
277,84,986.391,0.000,29.638,12.862,0.420847,-1,-1,-1
278,9,1776.717,470.960,91.070,167.749,0.891930,-1,-1,-1
278,22,922.630,433.838,66.005,170.818,0.887635,-1,-1,-1
278,69,731.005,595.878,79.587,179.263,0.881307,-1,-1,-1
278,54,1247.310,124.279,52.217,136.214,0.877181,-1,-1,-1
278,42,1444.065,0.000,48.386,123.181,0.867645,-1,-1,-1
278,49,41.379,123.816,58.774,119.545,0.866077,-1,-1,-1
278,33,766.004,19.922,48.113,103.908,0.865201,-1,-1,-1
278,82,1858.586,55.471,61.320,206.151,0.862748,-1,-1,-1
278,23,1269.411,0.000,47.811,81.547,0.860657,-1,-1,-1
278,14,1743.524,93.984,67.461,128.220,0.858794,-1,-1,-1
278,60,923.896,73.346,64.995,134.253,0.857526,-1,-1,-1
278,19,1866.933,251.962,53.000,136.423,0.855676,-1,-1,-1
278,20,1061.551,66.320,51.128,132.476,0.853894,-1,-1,-1
278,55,695.096,224.127,69.465,155.430,0.853752,-1,-1,-1
278,24,1382.023,18.449,38.954,135.211,0.847516,-1,-1,-1
278,43,176.990,155.983,73.245,134.878,0.847115,-1,-1,-1
278,34,1217.429,0.047,33.240,74.791,0.844240,-1,-1,-1
278,56,427.340,461.965,80.742,151.136,0.843514,-1,-1,-1
278,50,1029.292,162.826,42.654,128.248,0.843501,-1,-1,-1
278,63,998.142,85.710,39.917,119.035,0.842281,-1,-1,-1
278,27,1147.369,0.000,40.541,77.756,0.839683,-1,-1,-1
278,40,334.174,460.604,66.333,152.759,0.839131,-1,-1,-1
278,28,997.468,868.929,98.031,210.756,0.835045,-1,-1,-1
278,38,378.589,474.488,80.028,164.047,0.829297,-1,-1,-1
278,13,1229.032,756.445,91.181,279.009,0.821577,-1,-1,-1
278,71,224.489,0.033,67.428,28.219,0.813976,-1,-1,-1
278,79,0.002,281.421,29.894,112.947,0.807018,-1,-1,-1
278,30,418.189,1002.044,95.563,77.867,0.793348,-1,-1,-1
278,72,1115.402,11.246,33.026,76.761,0.774092,-1,-1,-1
278,64,1875.553,0.033,44.050,30.319,0.771200,-1,-1,-1
278,78,1791.796,99.066,48.820,121.634,0.737851,-1,-1,-1
278,77,1206.510,851.941,93.352,180.457,0.704475,-1,-1,-1
278,85,1807.958,58.499,53.100,108.194,0.692405,-1,-1,-1
278,8,695.103,0.000,33.513,45.695,0.669768,-1,-1,-1
278,21,870.473,0.035,27.304,31.862,0.659110,-1,-1,-1
278,16,821.398,0.000,39.074,23.067,0.616867,-1,-1,-1
278,84,986.135,0.000,30.333,13.417,0.452692,-1,-1,-1
278,83,1799.062,0.030,37.261,11.704,0.433176,-1,-1,-1
278,2,726.692,0.000,35.252,11.531,0.428410,-1,-1,-1
279,9,1776.415,475.601,92.735,174.650,0.896130,-1,-1,-1
279,22,923.816,437.836,64.898,166.821,0.881296,-1,-1,-1
279,42,1442.047,0.000,48.138,120.244,0.874189,-1,-1,-1
279,60,925.629,78.795,63.274,128.841,0.873110,-1,-1,-1
279,69,731.643,591.187,79.093,179.995,0.869913,-1,-1,-1
279,54,1247.003,119.704,53.906,135.506,0.869808,-1,-1,-1
279,33,769.090,20.673,54.367,103.402,0.867384,-1,-1,-1
279,82,1857.894,53.004,61.142,131.973,0.866555,-1,-1,-1
279,14,1743.558,90.415,64.029,128.232,0.861573,-1,-1,-1
279,49,41.610,124.005,59.714,119.385,0.859903,-1,-1,-1
279,43,175.545,158.399,72.219,134.570,0.855329,-1,-1,-1
279,23,1271.320,0.000,43.497,76.543,0.854915,-1,-1,-1
279,19,1867.154,254.676,52.836,134.801,0.853737,-1,-1,-1
279,20,1060.994,64.057,49.725,132.549,0.849769,-1,-1,-1
279,24,1381.916,18.471,39.071,135.501,0.848840,-1,-1,-1
279,56,426.883,463.200,81.890,150.456,0.848583,-1,-1,-1
279,50,1028.765,160.179,43.160,127.502,0.845188,-1,-1,-1
279,28,996.982,875.739,99.740,204.261,0.844096,-1,-1,-1
279,63,999.229,88.129,39.480,117.336,0.843064,-1,-1,-1
279,38,379.243,475.563,79.430,163.286,0.841303,-1,-1,-1
279,34,1217.291,0.044,33.557,74.647,0.840157,-1,-1,-1
279,40,334.033,459.497,66.624,153.291,0.836030,-1,-1,-1
279,27,1147.454,0.000,40.506,77.999,0.830375,-1,-1,-1
279,71,228.232,0.081,67.051,28.809,0.827650,-1,-1,-1
279,13,1196.877,761.155,121.021,275.896,0.796857,-1,-1,-1
279,72,1110.938,11.415,37.733,76.290,0.790456,-1,-1,-1
279,55,704.081,220.998,61.938,158.342,0.772644,-1,-1,-1
279,79,0.062,265.416,30.380,134.715,0.769129,-1,-1,-1
279,30,416.075,1012.484,97.331,67.516,0.759041,-1,-1,-1
279,21,870.488,0.023,27.312,26.229,0.704258,-1,-1,-1
279,78,1787.297,90.445,48.735,122.572,0.693504,-1,-1,-1
279,8,697.605,0.000,31.279,44.341,0.689543,-1,-1,-1
279,64,1882.236,0.123,37.525,29.901,0.668115,-1,-1,-1
279,85,1805.844,56.950,51.945,122.063,0.654196,-1,-1,-1
279,84,984.041,0.000,29.313,15.593,0.496737,-1,-1,-1
279,83,1798.934,0.029,37.281,11.703,0.433354,-1,-1,-1
279,16,817.639,0.000,43.663,23.363,0.354221,-1,-1,-1
280,9,1776.651,478.720,92.015,180.602,0.894489,-1,-1,-1
280,22,924.420,440.012,64.172,164.862,0.882229,-1,-1,-1
280,42,1441.156,0.005,47.682,118.236,0.878298,-1,-1,-1
280,33,770.151,21.063,55.856,103.369,0.872802,-1,-1,-1
280,69,732.443,587.712,78.214,180.995,0.870181,-1,-1,-1
280,54,1246.844,118.700,54.693,136.576,0.868804,-1,-1,-1
280,82,1857.064,50.942,61.176,131.117,0.865987,-1,-1,-1
280,14,1743.239,88.919,62.582,130.564,0.861539,-1,-1,-1
280,23,1273.365,0.000,42.350,76.146,0.859020,-1,-1,-1
280,43,175.421,160.240,72.269,136.473,0.855323,-1,-1,-1
280,49,41.872,124.314,59.068,119.663,0.854417,-1,-1,-1
280,20,1060.368,62.543,49.349,132.514,0.854314,-1,-1,-1
280,50,1028.501,157.884,43.627,127.978,0.847923,-1,-1,-1
280,24,1381.631,18.323,39.765,135.633,0.847747,-1,-1,-1
280,19,1867.287,252.855,52.580,137.096,0.846431,-1,-1,-1
280,56,426.578,463.174,82.879,150.345,0.846120,-1,-1,-1
280,63,999.349,89.202,39.579,116.268,0.843372,-1,-1,-1
280,34,1217.250,0.016,33.551,74.669,0.842123,-1,-1,-1
280,13,1194.018,767.341,125.512,270.724,0.841910,-1,-1,-1
280,60,932.574,79.890,55.968,128.194,0.841818,-1,-1,-1
280,27,1146.330,0.000,41.709,78.147,0.835350,-1,-1,-1
280,40,333.884,458.861,66.686,153.903,0.834394,-1,-1,-1
280,38,379.048,475.135,79.735,163.727,0.834104,-1,-1,-1
280,28,997.007,879.061,99.217,200.939,0.827030,-1,-1,-1
280,55,708.895,220.364,57.311,159.751,0.825626,-1,-1,-1
280,86,1875.250,131.620,44.531,129.966,0.815911,-1,-1,-1
280,71,232.298,0.064,63.692,28.433,0.808353,-1,-1,-1
280,72,1109.545,11.377,39.384,75.603,0.803750,-1,-1,-1
280,79,0.054,264.634,30.762,137.990,0.763608,-1,-1,-1
280,85,1788.878,56.097,67.283,131.726,0.728028,-1,-1,-1
280,30,414.341,1017.996,103.104,61.990,0.712466,-1,-1,-1
280,8,694.444,0.000,34.551,43.607,0.705243,-1,-1,-1
280,21,869.601,0.000,27.946,23.086,0.680602,-1,-1,-1
280,84,984.816,0.003,28.883,18.767,0.599429,-1,-1,-1
280,64,1886.995,0.095,32.957,29.268,0.537325,-1,-1,-1
280,83,1798.702,0.000,38.842,11.747,0.478344,-1,-1,-1
280,70,952.572,0.127,40.234,92.218,0.424289,-1,-1,-1
280,16,818.578,0.006,51.280,23.138,0.380855,-1,-1,-1
281,9,1777.604,481.854,90.812,185.228,0.897770,-1,-1,-1
281,22,924.864,442.275,63.741,162.131,0.880515,-1,-1,-1
281,69,733.500,584.070,77.195,179.865,0.876775,-1,-1,-1
281,33,771.135,21.147,55.443,103.263,0.876366,-1,-1,-1
281,42,1440.510,0.000,47.448,114.942,0.874719,-1,-1,-1
281,54,1246.755,117.511,55.302,137.797,0.868478,-1,-1,-1
281,14,1738.739,87.882,66.134,130.852,0.866053,-1,-1,-1
281,82,1857.124,49.528,59.824,131.586,0.857682,-1,-1,-1
281,23,1275.014,0.000,42.222,76.143,0.857143,-1,-1,-1
281,43,174.715,161.663,71.359,138.861,0.856942,-1,-1,-1
281,20,1060.191,60.156,48.945,130.885,0.856333,-1,-1,-1
281,49,41.938,124.313,58.492,119.334,0.853703,-1,-1,-1
281,55,709.787,219.134,56.774,160.849,0.853249,-1,-1,-1
281,13,1190.674,767.400,130.670,268.750,0.850880,-1,-1,-1
281,50,1028.703,155.240,42.873,125.056,0.849851,-1,-1,-1
281,24,1381.610,18.387,39.685,135.608,0.848203,-1,-1,-1
281,19,1868.641,248.276,51.247,141.753,0.846212,-1,-1,-1
281,60,932.855,80.356,56.052,128.221,0.845929,-1,-1,-1
281,56,426.356,463.503,83.187,150.042,0.845450,-1,-1,-1
281,63,999.440,89.742,39.671,115.778,0.843487,-1,-1,-1
281,34,1217.202,0.000,33.660,74.659,0.840730,-1,-1,-1
281,38,378.588,474.707,79.824,164.193,0.837208,-1,-1,-1
281,27,1146.626,0.000,41.501,78.177,0.835350,-1,-1,-1
281,40,333.771,458.078,67.094,154.738,0.829167,-1,-1,-1
281,86,1875.381,133.903,44.529,124.437,0.825444,-1,-1,-1
281,72,1108.378,10.850,41.016,75.948,0.802335,-1,-1,-1
281,71,237.581,0.056,58.636,27.410,0.783852,-1,-1,-1
281,28,997.356,883.377,99.110,196.623,0.782124,-1,-1,-1
281,30,414.138,1023.394,107.910,56.506,0.690993,-1,-1,-1
281,79,0.026,272.272,30.763,131.092,0.688403,-1,-1,-1
281,8,695.764,0.000,33.505,43.683,0.673572,-1,-1,-1
281,21,869.310,0.000,28.144,21.727,0.643459,-1,-1,-1
281,85,1802.806,55.276,51.647,126.251,0.626625,-1,-1,-1
281,84,985.702,0.000,28.512,21.038,0.622516,-1,-1,-1
281,70,950.791,0.153,43.127,103.589,0.570591,-1,-1,-1
281,78,1784.389,89.402,43.709,123.922,0.521479,-1,-1,-1
281,64,1890.949,0.000,29.015,28.596,0.508525,-1,-1,-1
281,83,1798.685,0.000,39.145,11.562,0.454098,-1,-1,-1
281,16,818.138,0.000,52.212,23.611,0.395219,-1,-1,-1
282,9,1777.730,485.177,91.268,171.748,0.901016,-1,-1,-1
282,14,1733.720,87.259,67.727,131.433,0.878251,-1,-1,-1
282,33,772.364,20.393,55.192,104.204,0.872327,-1,-1,-1
282,22,925.651,444.659,63.085,161.293,0.871540,-1,-1,-1
282,69,734.273,580.969,75.013,177.442,0.869199,-1,-1,-1
282,42,1439.761,0.000,47.141,110.332,0.869151,-1,-1,-1
282,54,1247.227,116.371,54.876,139.136,0.868936,-1,-1,-1
282,82,1854.128,48.522,60.980,132.405,0.858885,-1,-1,-1
282,20,1059.381,58.034,49.142,129.371,0.858806,-1,-1,-1
282,49,41.948,124.348,58.112,119.388,0.855590,-1,-1,-1
282,43,174.000,163.831,71.567,140.517,0.854398,-1,-1,-1
282,23,1277.215,0.000,38.991,75.835,0.849883,-1,-1,-1
282,24,1381.649,18.479,39.634,135.561,0.848248,-1,-1,-1
282,50,1029.360,152.928,42.927,122.709,0.848234,-1,-1,-1
282,60,932.294,81.697,56.538,129.852,0.846160,-1,-1,-1
282,34,1217.237,0.029,33.616,74.565,0.844660,-1,-1,-1
282,13,1188.067,771.212,134.697,261.378,0.841794,-1,-1,-1
282,63,999.370,90.580,39.663,115.010,0.841755,-1,-1,-1
282,55,709.569,218.267,57.283,161.588,0.836745,-1,-1,-1
282,56,426.235,463.496,83.331,150.008,0.836432,-1,-1,-1
282,27,1145.948,0.000,42.072,78.138,0.834496,-1,-1,-1
282,19,1869.812,259.354,50.161,130.531,0.833440,-1,-1,-1
282,38,377.780,473.689,80.682,165.333,0.829364,-1,-1,-1
282,40,333.556,457.696,67.429,155.093,0.821259,-1,-1,-1
282,28,997.135,889.465,99.117,190.535,0.821036,-1,-1,-1
282,86,1874.881,129.196,45.042,138.152,0.810815,-1,-1,-1
282,72,1107.550,10.832,41.621,75.841,0.809628,-1,-1,-1
282,71,242.615,0.039,53.226,26.257,0.765007,-1,-1,-1
282,79,0.031,268.438,30.841,135.225,0.748856,-1,-1,-1
282,30,414.921,1028.334,105.005,51.596,0.733976,-1,-1,-1
282,85,1805.832,55.175,46.687,127.773,0.728858,-1,-1,-1
282,8,698.471,0.000,31.510,44.003,0.676668,-1,-1,-1
282,78,1784.214,89.003,43.468,101.440,0.612411,-1,-1,-1
282,21,869.134,0.000,27.956,20.310,0.612407,-1,-1,-1
282,84,984.900,0.000,29.398,21.698,0.582173,-1,-1,-1
282,16,822.049,0.000,41.998,22.910,0.560241,-1,-1,-1
282,70,950.352,0.000,44.625,105.180,0.507026,-1,-1,-1
282,83,1798.636,0.000,39.329,11.589,0.455892,-1,-1,-1
282,64,1896.092,0.000,23.760,28.247,0.455562,-1,-1,-1
283,9,1778.553,488.376,91.003,152.572,0.903419,-1,-1,-1
283,14,1728.926,86.142,69.412,131.731,0.878959,-1,-1,-1
283,33,774.233,19.930,53.863,104.766,0.868683,-1,-1,-1
283,22,925.784,447.671,62.758,166.637,0.867576,-1,-1,-1
283,54,1247.243,115.959,54.739,139.776,0.867113,-1,-1,-1
283,42,1439.404,0.000,46.385,108.521,0.866738,-1,-1,-1
283,82,1848.738,47.904,64.710,132.585,0.864998,-1,-1,-1
283,69,735.117,577.279,75.118,172.257,0.864270,-1,-1,-1
283,20,1058.147,55.983,50.390,127.130,0.861391,-1,-1,-1
283,43,173.069,165.358,71.818,142.882,0.856911,-1,-1,-1
283,49,41.374,124.264,58.519,119.963,0.855214,-1,-1,-1
283,60,933.424,82.712,55.408,133.720,0.853454,-1,-1,-1
283,23,1278.493,0.000,37.372,76.025,0.851300,-1,-1,-1
283,24,1381.765,18.575,39.314,135.438,0.846346,-1,-1,-1
283,13,1184.677,775.244,139.354,257.270,0.846333,-1,-1,-1
283,50,1030.357,150.479,41.796,120.823,0.845958,-1,-1,-1
283,34,1217.042,0.035,33.487,74.564,0.842891,-1,-1,-1
283,86,1874.608,125.432,45.330,134.861,0.838283,-1,-1,-1
283,63,999.461,91.301,39.650,114.591,0.837469,-1,-1,-1
283,27,1145.459,0.000,42.602,78.079,0.834241,-1,-1,-1
283,38,377.137,473.463,81.090,165.438,0.832784,-1,-1,-1
283,56,425.912,464.003,83.735,149.717,0.831233,-1,-1,-1
283,40,333.418,457.360,67.378,155.620,0.828200,-1,-1,-1
283,55,709.242,216.931,57.996,162.536,0.825789,-1,-1,-1
283,19,1871.277,252.729,48.601,137.579,0.822723,-1,-1,-1
283,72,1107.432,10.869,41.371,75.977,0.806922,-1,-1,-1
283,28,998.191,894.840,98.493,185.160,0.806162,-1,-1,-1
283,85,1805.277,55.071,45.125,128.437,0.765244,-1,-1,-1
283,79,0.033,267.558,30.850,136.226,0.761111,-1,-1,-1
283,71,248.686,0.000,47.104,25.617,0.746203,-1,-1,-1
283,70,951.475,0.000,44.647,108.218,0.711785,-1,-1,-1
283,78,1771.126,85.387,51.905,129.585,0.705615,-1,-1,-1
283,30,411.742,1032.449,105.910,47.479,0.699798,-1,-1,-1
283,8,698.141,0.000,32.310,44.041,0.676162,-1,-1,-1
283,21,868.197,0.000,28.962,20.961,0.640773,-1,-1,-1
283,16,825.368,0.000,37.329,22.566,0.625527,-1,-1,-1
283,83,1798.512,0.000,38.140,11.801,0.479627,-1,-1,-1
283,87,0.127,578.929,18.720,152.168,0.476652,-1,-1,-1
283,84,984.571,0.000,29.841,22.909,0.417115,-1,-1,-1
284,9,1779.132,494.726,90.699,146.822,0.896434,-1,-1,-1
284,69,735.172,569.700,74.052,162.361,0.874437,-1,-1,-1
284,49,40.808,124.092,58.647,119.699,0.871960,-1,-1,-1
284,82,1838.756,47.293,70.493,131.277,0.870516,-1,-1,-1
284,54,1247.878,113.520,53.271,141.798,0.869655,-1,-1,-1
284,22,926.021,454.256,62.313,178.630,0.869242,-1,-1,-1
284,14,1720.788,84.773,94.738,133.741,0.867160,-1,-1,-1
284,42,1438.187,0.000,46.485,106.352,0.865922,-1,-1,-1
284,20,1056.506,52.406,50.740,124.302,0.857516,-1,-1,-1
284,33,780.892,18.659,47.388,104.957,0.855986,-1,-1,-1
284,13,1249.057,790.443,76.193,167.900,0.853896,-1,-1,-1
284,24,1380.748,19.089,39.655,135.039,0.851347,-1,-1,-1
284,60,933.978,86.574,55.075,136.245,0.850549,-1,-1,-1
284,86,1872.149,118.261,47.851,138.280,0.848941,-1,-1,-1
284,43,171.719,169.364,68.147,143.608,0.848920,-1,-1,-1
284,23,1278.875,0.000,35.509,75.964,0.847198,-1,-1,-1
284,77,1180.115,810.813,99.317,207.960,0.847182,-1,-1,-1
284,34,1216.788,0.065,33.292,74.728,0.844351,-1,-1,-1
284,56,425.078,464.597,84.536,149.081,0.836095,-1,-1,-1
284,40,332.736,457.124,67.784,156.194,0.832942,-1,-1,-1
284,63,999.501,93.525,39.593,114.021,0.832690,-1,-1,-1
284,55,709.651,212.339,59.951,164.837,0.830791,-1,-1,-1
284,28,998.484,907.463,99.918,172.537,0.829976,-1,-1,-1
284,38,375.857,473.262,81.970,165.695,0.828596,-1,-1,-1
284,19,1873.403,262.024,46.504,128.118,0.828489,-1,-1,-1
284,50,1032.631,147.061,39.063,120.831,0.827495,-1,-1,-1
284,27,1140.680,0.000,46.869,78.285,0.825204,-1,-1,-1
284,72,1107.190,10.623,40.929,75.709,0.794389,-1,-1,-1
284,85,1801.339,53.725,43.390,128.228,0.764580,-1,-1,-1
284,79,0.078,267.157,31.039,136.678,0.742049,-1,-1,-1
284,70,952.748,0.271,44.509,107.893,0.735802,-1,-1,-1
284,71,264.198,0.069,33.423,27.093,0.703671,-1,-1,-1
284,16,826.115,0.000,33.442,21.321,0.679402,-1,-1,-1
284,8,691.032,0.000,40.550,43.185,0.675802,-1,-1,-1
284,87,0.077,576.228,20.828,153.576,0.644960,-1,-1,-1
284,30,409.418,1041.114,108.814,38.784,0.631634,-1,-1,-1
284,21,863.988,0.000,32.233,19.760,0.623738,-1,-1,-1
284,83,1798.698,0.000,37.718,12.017,0.505145,-1,-1,-1
284,84,988.925,0.000,26.968,26.348,0.402081,-1,-1,-1
285,9,1779.494,497.113,91.440,184.945,0.892659,-1,-1,-1
285,22,926.674,458.072,61.705,178.471,0.872424,-1,-1,-1
285,49,40.477,124.093,58.330,119.585,0.872000,-1,-1,-1
285,54,1247.770,111.737,53.333,142.152,0.871221,-1,-1,-1
285,42,1437.574,0.000,45.978,105.188,0.867646,-1,-1,-1
285,14,1716.982,85.247,96.598,132.995,0.866493,-1,-1,-1
285,82,1834.917,46.943,72.953,131.115,0.866054,-1,-1,-1
285,69,735.246,566.004,72.731,159.641,0.863473,-1,-1,-1
285,20,1055.923,51.057,51.226,124.397,0.860125,-1,-1,-1
285,13,1249.478,796.413,77.434,173.489,0.852556,-1,-1,-1
285,43,171.768,170.860,66.562,143.121,0.850390,-1,-1,-1
285,60,934.145,87.834,55.280,136.393,0.850124,-1,-1,-1
285,33,786.503,18.516,41.030,104.259,0.850099,-1,-1,-1
285,24,1380.770,19.108,39.560,134.997,0.849529,-1,-1,-1
285,86,1872.621,118.719,47.291,137.780,0.848704,-1,-1,-1
285,34,1216.872,0.084,33.138,74.695,0.841610,-1,-1,-1
285,23,1278.607,0.000,36.660,75.589,0.840495,-1,-1,-1
285,56,424.343,464.699,85.303,149.149,0.835289,-1,-1,-1
285,63,999.544,94.750,39.782,115.365,0.832722,-1,-1,-1
285,28,999.318,913.754,100.189,166.048,0.832108,-1,-1,-1
285,38,374.755,473.491,82.835,165.681,0.829482,-1,-1,-1
285,27,1140.302,0.000,47.167,78.309,0.826872,-1,-1,-1
285,40,332.382,457.075,67.889,156.129,0.825640,-1,-1,-1
285,50,1034.550,145.460,37.401,122.179,0.823307,-1,-1,-1
285,19,1875.565,261.168,44.342,128.816,0.816195,-1,-1,-1
285,72,1107.329,10.629,40.321,75.787,0.797242,-1,-1,-1
285,55,708.609,210.151,61.739,165.382,0.785151,-1,-1,-1
285,77,1177.655,806.237,98.270,205.283,0.781751,-1,-1,-1
285,79,0.063,268.489,30.485,135.390,0.759365,-1,-1,-1
285,85,1798.006,52.322,44.588,129.173,0.745266,-1,-1,-1
285,70,952.045,0.000,45.247,109.158,0.725886,-1,-1,-1
285,16,825.545,0.014,33.946,19.894,0.675547,-1,-1,-1
285,8,691.519,0.000,39.538,41.711,0.670839,-1,-1,-1
285,87,0.078,588.777,22.151,139.319,0.659425,-1,-1,-1
285,30,407.213,1045.154,105.326,34.784,0.634037,-1,-1,-1
285,21,863.528,0.000,33.255,19.762,0.610136,-1,-1,-1
285,71,266.175,0.054,32.068,26.566,0.570324,-1,-1,-1
285,83,1798.667,0.000,38.025,12.011,0.496015,-1,-1,-1
286,9,1779.420,499.843,93.352,182.470,0.892076,-1,-1,-1
286,54,1247.152,110.609,54.051,141.782,0.872326,-1,-1,-1
286,49,40.571,124.177,58.077,119.597,0.872107,-1,-1,-1
286,22,927.140,461.088,61.070,179.298,0.867169,-1,-1,-1
286,82,1834.197,46.360,71.149,133.045,0.866611,-1,-1,-1
286,14,1713.959,84.144,96.921,133.919,0.866517,-1,-1,-1
286,13,1253.056,802.740,74.912,173.806,0.863205,-1,-1,-1
286,42,1435.251,0.000,47.350,105.395,0.863056,-1,-1,-1
286,60,934.335,89.586,55.986,136.470,0.857858,-1,-1,-1
286,20,1055.173,49.643,51.750,125.482,0.856829,-1,-1,-1
286,69,735.165,562.756,72.642,160.380,0.856078,-1,-1,-1
286,43,171.833,173.324,65.189,143.007,0.849857,-1,-1,-1
286,24,1380.649,19.052,39.511,135.372,0.848106,-1,-1,-1
286,86,1872.836,117.649,47.078,138.990,0.847262,-1,-1,-1
286,33,791.326,18.631,36.108,104.091,0.846040,-1,-1,-1
286,28,999.796,919.563,99.730,160.194,0.842826,-1,-1,-1
286,56,423.945,465.555,85.615,148.281,0.839093,-1,-1,-1
286,34,1216.671,0.079,33.108,74.874,0.838965,-1,-1,-1
286,63,998.726,96.542,40.391,116.683,0.836425,-1,-1,-1
286,23,1278.220,0.000,37.754,75.048,0.835648,-1,-1,-1
286,38,374.217,473.029,83.253,166.165,0.834715,-1,-1,-1
286,40,332.211,456.927,68.057,156.290,0.831837,-1,-1,-1
286,19,1877.410,261.979,42.521,128.005,0.826392,-1,-1,-1
286,50,1036.355,144.132,35.833,123.347,0.822578,-1,-1,-1
286,55,712.240,208.732,59.623,162.787,0.817979,-1,-1,-1
286,27,1136.994,0.000,50.251,78.298,0.810277,-1,-1,-1
286,72,1107.404,10.641,39.462,75.943,0.792427,-1,-1,-1
286,79,0.073,270.111,30.346,134.029,0.776220,-1,-1,-1
286,85,1797.731,50.475,42.758,131.598,0.763295,-1,-1,-1
286,77,1176.038,792.298,89.094,205.776,0.751384,-1,-1,-1
286,71,269.199,0.010,35.510,25.992,0.717766,-1,-1,-1
286,87,0.102,590.180,21.970,139.011,0.704555,-1,-1,-1
286,16,825.907,0.004,33.676,18.465,0.668425,-1,-1,-1
286,70,948.588,0.000,50.157,109.670,0.650885,-1,-1,-1
286,8,691.537,0.000,38.978,41.080,0.643269,-1,-1,-1
286,21,863.657,0.000,33.920,20.027,0.626076,-1,-1,-1
286,30,410.236,1049.344,99.231,30.587,0.516811,-1,-1,-1
286,83,1798.584,0.000,38.866,11.999,0.487242,-1,-1,-1
287,9,1780.808,502.124,93.179,180.670,0.892634,-1,-1,-1
287,82,1833.212,45.960,70.372,133.974,0.876158,-1,-1,-1
287,14,1711.144,84.931,80.856,133.070,0.875823,-1,-1,-1
287,54,1246.701,109.176,54.779,141.007,0.872711,-1,-1,-1
287,49,40.187,124.173,58.560,119.629,0.871014,-1,-1,-1
287,43,171.188,174.990,65.733,142.146,0.866732,-1,-1,-1
287,22,927.782,464.136,60.737,178.247,0.865429,-1,-1,-1
287,69,735.343,559.721,76.538,162.995,0.862860,-1,-1,-1
287,13,1251.141,808.337,79.120,175.216,0.862569,-1,-1,-1
287,42,1433.350,0.024,47.979,105.201,0.862506,-1,-1,-1
287,81,1509.818,826.611,86.930,215.250,0.860452,-1,-1,-1
287,60,934.459,90.648,56.599,136.876,0.859939,-1,-1,-1
287,20,1054.705,48.625,51.544,126.618,0.859164,-1,-1,-1
287,86,1872.261,116.902,47.663,139.660,0.850800,-1,-1,-1
287,24,1380.691,19.230,39.727,135.162,0.848235,-1,-1,-1
287,55,713.337,205.590,60.381,160.878,0.847409,-1,-1,-1
287,63,996.984,98.147,41.549,120.205,0.842692,-1,-1,-1
287,34,1216.609,0.051,33.213,75.017,0.842523,-1,-1,-1
287,56,423.956,465.058,85.665,148.833,0.841111,-1,-1,-1
287,23,1279.325,0.000,39.043,75.015,0.837458,-1,-1,-1
287,19,1879.097,265.988,40.829,126.955,0.836495,-1,-1,-1
287,38,374.078,473.304,83.435,165.889,0.828071,-1,-1,-1
287,40,332.302,456.995,68.349,156.122,0.828022,-1,-1,-1
287,27,1139.886,0.000,47.356,78.350,0.827174,-1,-1,-1
287,50,1036.400,143.008,35.622,124.262,0.824443,-1,-1,-1
287,33,797.537,17.726,29.970,104.737,0.820017,-1,-1,-1
287,28,999.135,925.594,103.403,154.195,0.813540,-1,-1,-1
287,70,940.122,0.047,58.980,112.831,0.795231,-1,-1,-1
287,79,0.048,268.327,30.453,139.726,0.793704,-1,-1,-1
287,85,1794.329,49.425,44.469,130.892,0.769760,-1,-1,-1
287,71,268.795,0.000,43.752,25.629,0.757408,-1,-1,-1
287,72,1107.984,10.861,40.201,75.362,0.752496,-1,-1,-1
287,78,1759.152,83.918,48.189,127.370,0.740477,-1,-1,-1
287,87,0.135,586.822,21.295,142.628,0.718900,-1,-1,-1
287,77,1172.147,796.136,84.621,194.916,0.702926,-1,-1,-1
287,8,694.200,0.000,36.078,39.762,0.658776,-1,-1,-1
287,16,825.745,0.000,34.117,16.589,0.633099,-1,-1,-1
287,21,861.487,0.000,36.602,19.951,0.619077,-1,-1,-1
287,83,1798.421,0.000,38.815,12.300,0.484567,-1,-1,-1
288,9,1781.299,504.186,94.360,178.938,0.891022,-1,-1,-1
288,13,1252.845,814.255,78.532,176.061,0.875475,-1,-1,-1
288,54,1246.476,107.120,55.509,140.680,0.872620,-1,-1,-1
288,82,1831.915,45.586,70.022,134.646,0.872533,-1,-1,-1
288,69,735.255,557.623,77.536,164.778,0.871421,-1,-1,-1
288,49,40.360,124.266,58.346,119.644,0.871071,-1,-1,-1
288,81,1510.314,822.659,86.611,206.595,0.867602,-1,-1,-1
288,42,1432.257,0.117,46.335,105.508,0.867593,-1,-1,-1
288,14,1707.831,80.611,84.169,137.206,0.865188,-1,-1,-1
288,60,934.812,93.203,57.166,134.788,0.865023,-1,-1,-1
288,43,170.720,176.599,65.501,141.244,0.864827,-1,-1,-1
288,20,1054.541,48.342,51.328,127.198,0.863496,-1,-1,-1
288,22,928.204,466.923,60.918,179.882,0.859425,-1,-1,-1
288,24,1380.505,19.425,39.834,135.170,0.851705,-1,-1,-1
288,86,1872.231,116.364,47.701,140.077,0.849995,-1,-1,-1
288,56,423.644,465.484,85.955,148.497,0.845442,-1,-1,-1
288,77,1171.859,787.708,82.716,200.511,0.843978,-1,-1,-1
288,34,1216.518,0.026,33.358,74.988,0.843134,-1,-1,-1
288,55,714.288,203.033,60.755,157.467,0.840095,-1,-1,-1
288,19,1880.266,268.017,39.638,130.126,0.838675,-1,-1,-1
288,63,998.174,100.175,40.260,120.046,0.837570,-1,-1,-1
288,38,374.306,473.764,83.094,165.414,0.833896,-1,-1,-1
288,23,1280.135,0.000,38.995,73.145,0.832922,-1,-1,-1
288,40,332.279,457.006,68.202,156.371,0.827205,-1,-1,-1
288,50,1036.477,142.290,36.486,124.881,0.826119,-1,-1,-1
288,27,1140.674,0.000,46.504,78.561,0.813987,-1,-1,-1
288,28,999.711,930.677,105.144,149.033,0.807408,-1,-1,-1
288,79,0.068,270.009,30.424,143.262,0.806454,-1,-1,-1
288,33,801.030,18.359,29.461,104.187,0.802656,-1,-1,-1
288,85,1790.164,47.500,47.404,129.620,0.799415,-1,-1,-1
288,70,940.051,0.000,59.825,116.359,0.795145,-1,-1,-1
288,78,1757.326,80.764,47.164,129.677,0.773024,-1,-1,-1
288,71,262.237,0.013,59.502,24.399,0.735936,-1,-1,-1
288,72,1110.981,10.785,36.178,75.448,0.721845,-1,-1,-1
288,8,695.855,0.000,34.658,38.426,0.641843,-1,-1,-1
288,87,0.089,553.149,27.254,175.581,0.639540,-1,-1,-1
288,21,861.551,0.000,35.289,20.151,0.621174,-1,-1,-1
288,16,826.273,0.000,33.206,15.076,0.602085,-1,-1,-1
288,83,1798.383,0.000,38.941,12.302,0.483341,-1,-1,-1
288,88,409.993,1057.282,106.259,22.607,0.383611,-1,-1,-1
289,69,736.678,553.162,74.261,170.119,0.882350,-1,-1,-1
289,9,1781.425,507.587,97.376,175.856,0.877634,-1,-1,-1
289,22,928.958,471.768,61.697,177.273,0.873779,-1,-1,-1
289,13,1253.734,823.495,81.997,168.080,0.873729,-1,-1,-1
289,54,1247.967,102.049,54.822,134.769,0.872774,-1,-1,-1
289,49,40.318,124.215,58.508,119.665,0.872605,-1,-1,-1
289,82,1830.294,43.753,66.655,134.273,0.871500,-1,-1,-1
289,43,169.475,178.118,65.623,139.701,0.869563,-1,-1,-1
289,81,1508.106,813.307,90.850,193.153,0.868467,-1,-1,-1
289,20,1053.966,46.899,52.436,129.562,0.866032,-1,-1,-1
289,60,935.456,94.952,58.926,133.212,0.865557,-1,-1,-1
289,14,1705.699,77.664,86.301,136.299,0.865410,-1,-1,-1
289,42,1431.547,0.082,45.049,104.669,0.863398,-1,-1,-1
289,77,1169.751,784.410,80.130,183.831,0.862918,-1,-1,-1
289,55,716.253,199.721,61.930,150.206,0.856809,-1,-1,-1
289,24,1380.709,19.197,39.583,135.423,0.850377,-1,-1,-1
289,56,422.741,465.522,86.374,148.684,0.849531,-1,-1,-1
289,86,1872.443,112.768,47.500,143.315,0.846844,-1,-1,-1
289,34,1216.341,0.000,33.636,75.058,0.842358,-1,-1,-1
289,33,805.173,17.375,32.499,104.795,0.840351,-1,-1,-1
289,38,373.978,474.619,83.450,164.519,0.837719,-1,-1,-1
289,63,997.759,102.838,40.156,121.264,0.836509,-1,-1,-1
289,19,1880.615,266.570,39.315,139.223,0.826876,-1,-1,-1
289,27,1140.147,0.000,47.504,78.699,0.824790,-1,-1,-1
289,23,1280.435,0.000,39.544,67.200,0.821172,-1,-1,-1
289,50,1037.019,140.398,37.320,126.558,0.820119,-1,-1,-1
289,40,332.011,456.646,68.933,156.542,0.814914,-1,-1,-1
289,85,1789.691,44.672,45.579,126.453,0.804821,-1,-1,-1
289,79,0.000,271.102,31.037,150.779,0.803214,-1,-1,-1
289,78,1753.937,78.679,46.384,125.613,0.795795,-1,-1,-1
289,72,1116.365,9.268,27.842,76.766,0.758366,-1,-1,-1
289,28,996.346,940.339,108.837,139.538,0.758275,-1,-1,-1
289,71,271.845,0.005,61.695,23.166,0.749904,-1,-1,-1
289,87,0.071,545.567,44.443,183.372,0.732334,-1,-1,-1
289,70,941.478,0.000,59.709,117.498,0.658206,-1,-1,-1
289,21,860.828,0.000,36.235,19.588,0.589222,-1,-1,-1
289,8,696.997,0.034,33.938,31.867,0.586892,-1,-1,-1
289,83,1798.647,0.000,38.396,12.535,0.511218,-1,-1,-1
289,84,990.071,0.020,29.867,28.592,0.506908,-1,-1,-1
289,16,830.516,0.007,29.269,11.794,0.383701,-1,-1,-1
290,69,736.995,550.530,72.658,171.868,0.883324,-1,-1,-1
290,9,1785.861,509.204,94.615,174.493,0.881549,-1,-1,-1
290,13,1254.071,827.729,82.634,164.103,0.877469,-1,-1,-1
290,22,929.220,474.375,62.004,174.868,0.875746,-1,-1,-1
290,82,1828.726,42.507,66.406,134.821,0.873828,-1,-1,-1
290,54,1249.021,99.540,54.356,134.868,0.873323,-1,-1,-1
290,49,40.198,124.234,58.596,119.660,0.872406,-1,-1,-1
290,81,1505.470,809.025,93.838,197.587,0.872002,-1,-1,-1
290,43,168.957,178.942,67.794,139.133,0.867828,-1,-1,-1
290,20,1053.620,46.311,52.679,130.174,0.867708,-1,-1,-1
290,60,935.081,95.333,60.426,133.116,0.865335,-1,-1,-1
290,42,1431.589,0.035,44.137,104.111,0.858183,-1,-1,-1
290,77,1159.037,780.436,87.282,188.353,0.857486,-1,-1,-1
290,56,422.843,465.967,86.304,148.406,0.848771,-1,-1,-1
290,24,1380.809,19.251,39.438,135.380,0.848722,-1,-1,-1
290,55,716.765,196.926,62.322,148.486,0.848420,-1,-1,-1
290,23,1280.205,0.043,44.601,63.587,0.848068,-1,-1,-1
290,14,1704.835,80.380,69.424,131.877,0.847853,-1,-1,-1
290,33,807.686,17.349,36.959,104.855,0.846626,-1,-1,-1
290,86,1871.957,109.419,47.985,145.492,0.846417,-1,-1,-1
290,63,997.966,104.168,39.925,120.171,0.840939,-1,-1,-1
290,34,1216.336,0.000,33.663,75.247,0.840246,-1,-1,-1
290,38,373.886,473.807,83.527,165.469,0.836020,-1,-1,-1
290,19,1880.049,264.444,39.910,143.359,0.828988,-1,-1,-1
290,50,1037.701,138.841,37.421,126.857,0.818043,-1,-1,-1
290,27,1152.000,0.000,35.711,79.037,0.816965,-1,-1,-1
290,40,331.838,456.369,69.212,157.137,0.813942,-1,-1,-1
290,79,0.003,269.915,31.625,153.652,0.803800,-1,-1,-1
290,28,996.306,945.022,107.798,134.680,0.803243,-1,-1,-1
290,85,1788.901,43.029,45.111,125.592,0.792646,-1,-1,-1
290,71,272.679,0.015,63.662,22.696,0.786501,-1,-1,-1
290,87,0.039,545.351,51.493,189.692,0.777065,-1,-1,-1
290,72,1116.304,9.416,27.934,76.830,0.768032,-1,-1,-1
290,78,1754.502,75.382,43.973,126.024,0.724623,-1,-1,-1
290,70,940.807,0.000,61.200,120.980,0.645774,-1,-1,-1
290,8,699.072,0.083,31.592,30.255,0.626739,-1,-1,-1
290,21,863.744,0.000,33.833,18.794,0.592764,-1,-1,-1
290,84,990.612,0.059,27.271,28.676,0.542065,-1,-1,-1
290,83,1798.722,0.000,38.059,12.501,0.510337,-1,-1,-1
290,89,1441.344,1041.896,89.652,38.104,0.474075,-1,-1,-1
290,16,834.948,0.042,27.787,10.696,0.350244,-1,-1,-1
291,9,1787.488,511.332,94.991,171.720,0.881253,-1,-1,-1
291,69,737.166,548.305,71.785,173.934,0.880598,-1,-1,-1
291,54,1250.329,96.473,53.173,135.462,0.875310,-1,-1,-1
291,49,40.006,124.179,59.196,119.910,0.875258,-1,-1,-1
291,13,1254.630,831.630,83.510,160.402,0.874849,-1,-1,-1
291,82,1828.173,41.351,65.233,134.365,0.872413,-1,-1,-1
291,81,1503.965,804.900,95.279,201.857,0.871403,-1,-1,-1
291,77,1147.982,778.071,95.961,192.099,0.869619,-1,-1,-1
291,22,929.467,476.649,63.026,173.183,0.868730,-1,-1,-1
291,20,1054.310,45.557,52.005,130.954,0.867207,-1,-1,-1
291,60,933.668,96.098,62.284,132.831,0.867111,-1,-1,-1
291,43,168.515,179.668,67.524,138.300,0.866629,-1,-1,-1
291,86,1870.368,107.578,49.616,147.042,0.858348,-1,-1,-1
291,33,809.206,18.330,43.011,103.880,0.857783,-1,-1,-1
291,42,1430.150,0.045,44.069,102.951,0.856700,-1,-1,-1
291,14,1703.634,78.272,67.055,130.360,0.849558,-1,-1,-1
291,23,1278.405,0.000,46.175,63.026,0.849255,-1,-1,-1
291,24,1380.712,19.387,39.472,135.289,0.847017,-1,-1,-1
291,56,422.519,466.365,87.169,148.134,0.841516,-1,-1,-1
291,55,717.701,195.694,61.931,148.918,0.840718,-1,-1,-1
291,38,373.684,474.873,83.928,164.439,0.840383,-1,-1,-1
291,63,997.951,105.701,39.848,118.840,0.840066,-1,-1,-1
291,28,994.353,948.416,110.620,131.284,0.839224,-1,-1,-1
291,34,1216.331,0.000,33.693,75.355,0.838355,-1,-1,-1
291,50,1038.512,137.436,37.184,127.175,0.821186,-1,-1,-1
291,27,1152.000,0.000,35.709,79.085,0.811751,-1,-1,-1
291,19,1879.666,254.196,40.297,155.509,0.806188,-1,-1,-1
291,40,331.847,456.438,69.796,157.163,0.803585,-1,-1,-1
291,79,0.000,275.258,32.452,152.193,0.795492,-1,-1,-1
291,85,1784.825,42.036,47.793,122.157,0.791403,-1,-1,-1
291,71,274.049,0.018,65.036,23.264,0.786132,-1,-1,-1
291,78,1749.402,73.570,46.868,126.441,0.773934,-1,-1,-1
291,72,1116.865,10.236,27.816,76.157,0.764899,-1,-1,-1
291,70,941.760,0.000,60.689,119.169,0.695272,-1,-1,-1
291,8,698.949,0.023,31.733,27.679,0.644217,-1,-1,-1
291,89,1444.540,1037.752,91.578,42.241,0.591335,-1,-1,-1
291,84,990.520,0.062,29.027,29.332,0.555579,-1,-1,-1
291,21,865.396,0.000,32.405,18.334,0.552806,-1,-1,-1
291,83,1798.600,0.000,38.509,12.582,0.506862,-1,-1,-1
291,16,836.952,0.053,28.699,10.357,0.247659,-1,-1,-1
292,9,1789.060,514.045,95.173,169.823,0.887420,-1,-1,-1
292,82,1828.118,39.940,64.233,133.338,0.875509,-1,-1,-1
292,81,1503.312,800.648,96.333,205.452,0.874542,-1,-1,-1
292,49,40.099,124.219,59.043,119.879,0.874390,-1,-1,-1
292,13,1255.473,835.416,84.436,156.910,0.873761,-1,-1,-1
292,69,737.704,545.864,71.061,174.560,0.872679,-1,-1,-1
292,77,1140.757,775.375,99.505,194.426,0.870623,-1,-1,-1
292,22,929.767,478.611,64.295,171.007,0.870291,-1,-1,-1
292,54,1253.607,95.057,51.069,134.811,0.868416,-1,-1,-1
292,20,1054.470,44.459,51.568,131.849,0.864013,-1,-1,-1
292,14,1704.568,76.617,63.362,128.766,0.863194,-1,-1,-1
292,42,1429.301,0.000,44.173,101.672,0.858680,-1,-1,-1
292,43,167.888,180.483,67.765,137.697,0.857016,-1,-1,-1
292,60,934.396,96.450,61.426,132.457,0.854211,-1,-1,-1
292,86,1869.262,107.735,50.678,144.556,0.850136,-1,-1,-1
292,33,808.788,18.408,48.888,102.838,0.847863,-1,-1,-1
292,23,1277.572,0.000,47.347,61.475,0.844299,-1,-1,-1
292,55,718.944,194.143,60.826,150.405,0.843504,-1,-1,-1
292,24,1381.079,19.619,39.609,135.106,0.843310,-1,-1,-1
292,56,422.346,466.609,87.392,148.038,0.841278,-1,-1,-1
292,34,1216.413,0.012,33.333,75.259,0.838634,-1,-1,-1
292,38,373.695,474.928,83.925,164.493,0.837514,-1,-1,-1
292,63,997.620,106.674,39.997,117.881,0.836325,-1,-1,-1
292,50,1039.240,135.603,37.632,127.284,0.827002,-1,-1,-1
292,78,1753.293,73.447,41.029,92.362,0.824615,-1,-1,-1
292,27,1152.000,0.000,36.133,79.049,0.818707,-1,-1,-1
292,71,276.357,0.029,63.515,23.050,0.799939,-1,-1,-1
292,79,0.000,277.680,34.332,151.110,0.798713,-1,-1,-1
292,40,331.899,456.459,69.935,157.538,0.796748,-1,-1,-1
292,28,993.989,952.441,111.211,127.477,0.795028,-1,-1,-1
292,19,1879.755,250.607,40.232,160.671,0.794930,-1,-1,-1
292,85,1780.429,40.575,50.704,123.458,0.794561,-1,-1,-1
292,87,0.074,546.097,61.733,198.087,0.777451,-1,-1,-1
292,72,1116.544,8.817,26.445,77.246,0.764234,-1,-1,-1
292,70,940.753,0.000,62.349,119.947,0.708936,-1,-1,-1
292,8,695.825,0.019,34.749,27.043,0.643495,-1,-1,-1
292,89,1441.157,1033.334,101.303,46.652,0.602878,-1,-1,-1
292,84,989.261,0.028,29.316,30.624,0.591521,-1,-1,-1
292,21,855.166,0.000,43.036,17.744,0.561782,-1,-1,-1
292,83,1798.560,0.000,38.567,12.598,0.502206,-1,-1,-1
293,9,1790.421,516.755,94.959,172.830,0.886786,-1,-1,-1
293,77,1136.227,772.685,99.912,196.098,0.876378,-1,-1,-1
293,13,1256.141,839.390,84.180,152.896,0.874704,-1,-1,-1
293,69,738.103,542.848,71.262,175.555,0.873680,-1,-1,-1
293,49,40.269,124.138,59.314,120.032,0.873451,-1,-1,-1
293,82,1828.149,38.572,62.771,132.903,0.872144,-1,-1,-1
293,22,929.838,481.715,65.039,168.173,0.867083,-1,-1,-1
293,81,1502.565,797.888,97.167,208.128,0.867009,-1,-1,-1
293,14,1704.793,74.768,59.662,127.815,0.862438,-1,-1,-1
293,54,1253.977,94.066,51.004,135.848,0.861508,-1,-1,-1
293,20,1054.696,42.848,50.951,131.081,0.858722,-1,-1,-1
293,42,1428.292,0.057,44.449,98.884,0.857555,-1,-1,-1
293,60,931.837,97.263,63.154,131.530,0.853128,-1,-1,-1
293,55,710.053,193.097,69.564,151.736,0.853124,-1,-1,-1
293,43,167.437,181.191,67.617,137.023,0.849152,-1,-1,-1
293,23,1277.098,0.000,48.069,61.593,0.844129,-1,-1,-1
293,86,1866.836,106.664,53.164,194.794,0.843536,-1,-1,-1
293,33,809.533,18.665,52.182,102.882,0.843065,-1,-1,-1
293,24,1380.926,19.445,39.877,135.277,0.841290,-1,-1,-1
293,56,422.230,467.035,87.750,147.642,0.841123,-1,-1,-1
293,34,1216.335,0.000,33.465,75.584,0.838757,-1,-1,-1
293,38,373.587,475.199,84.086,164.223,0.838709,-1,-1,-1
293,63,997.712,107.313,39.965,116.762,0.833922,-1,-1,-1
293,50,1040.002,134.607,37.866,125.496,0.829912,-1,-1,-1
293,27,1152.041,0.000,36.165,79.054,0.822513,-1,-1,-1
293,87,0.085,548.567,62.616,200.021,0.803492,-1,-1,-1
293,19,1880.549,267.988,39.451,144.660,0.803309,-1,-1,-1
293,28,992.059,955.980,109.516,123.754,0.801679,-1,-1,-1
293,85,1778.167,39.856,51.694,124.394,0.796791,-1,-1,-1
293,40,331.897,456.425,69.715,157.613,0.794957,-1,-1,-1
293,79,0.000,278.698,34.897,152.135,0.793016,-1,-1,-1
293,71,280.233,0.004,59.957,23.237,0.786319,-1,-1,-1
293,72,1116.717,10.348,26.699,75.579,0.764158,-1,-1,-1
293,78,1743.373,72.390,48.457,123.297,0.749490,-1,-1,-1
293,8,695.602,0.024,35.235,26.729,0.655350,-1,-1,-1
293,84,989.258,0.000,29.263,32.933,0.615468,-1,-1,-1
293,89,1435.655,1029.645,111.189,50.320,0.609891,-1,-1,-1
293,70,943.259,0.000,60.191,120.220,0.556934,-1,-1,-1
293,21,843.239,0.000,55.469,16.068,0.512336,-1,-1,-1
293,83,1798.554,0.000,39.712,12.636,0.488771,-1,-1,-1
294,9,1793.849,522.939,93.086,188.548,0.887297,-1,-1,-1
294,13,1256.223,849.505,85.603,159.483,0.881609,-1,-1,-1
294,69,738.397,535.414,71.117,175.058,0.881102,-1,-1,-1
294,22,929.269,486.630,67.017,162.974,0.873811,-1,-1,-1
294,49,40.226,124.116,59.561,120.154,0.870550,-1,-1,-1
294,77,1121.938,765.884,106.679,201.473,0.868256,-1,-1,-1
294,81,1501.456,792.197,99.336,211.265,0.865988,-1,-1,-1
294,86,1861.772,103.486,58.228,201.212,0.865288,-1,-1,-1
294,82,1828.648,35.819,59.483,130.937,0.864206,-1,-1,-1
294,54,1253.420,93.798,52.192,135.789,0.863752,-1,-1,-1
294,55,714.343,191.007,63.275,153.658,0.862168,-1,-1,-1
294,60,928.055,99.408,66.711,135.181,0.861253,-1,-1,-1
294,43,166.051,182.754,68.256,136.396,0.854586,-1,-1,-1
294,33,810.248,18.332,53.931,103.378,0.854234,-1,-1,-1
294,20,1054.378,39.273,50.710,128.304,0.851740,-1,-1,-1
294,42,1427.040,0.035,44.572,90.778,0.851629,-1,-1,-1
294,14,1700.043,72.681,58.298,127.077,0.846838,-1,-1,-1
294,23,1276.912,0.002,47.491,61.748,0.843092,-1,-1,-1
294,38,373.200,475.752,84.856,163.605,0.842238,-1,-1,-1
294,50,1040.610,130.056,39.392,119.906,0.840642,-1,-1,-1
294,34,1216.438,0.000,33.336,75.456,0.840595,-1,-1,-1
294,24,1381.055,19.475,39.746,135.392,0.838367,-1,-1,-1
294,63,997.052,109.066,40.057,115.368,0.837493,-1,-1,-1
294,56,421.981,467.482,88.225,147.159,0.836791,-1,-1,-1
294,85,1775.434,37.913,51.755,127.262,0.833146,-1,-1,-1
294,27,1152.609,0.000,35.750,79.054,0.830123,-1,-1,-1
294,78,1742.315,69.800,45.982,124.424,0.812033,-1,-1,-1
294,87,0.132,563.011,63.241,192.812,0.808933,-1,-1,-1
294,19,1882.998,273.471,37.002,139.335,0.805035,-1,-1,-1
294,79,0.000,281.874,36.335,150.503,0.800885,-1,-1,-1
294,40,331.915,455.839,70.455,158.280,0.789838,-1,-1,-1
294,28,990.260,963.935,111.833,116.018,0.786369,-1,-1,-1
294,72,1116.525,9.809,26.314,76.192,0.768994,-1,-1,-1
294,71,287.923,0.005,52.417,23.173,0.754344,-1,-1,-1
294,8,694.281,0.018,36.646,27.068,0.690328,-1,-1,-1
294,89,1430.916,1021.113,113.516,58.887,0.635565,-1,-1,-1
294,70,949.463,6.285,53.595,117.467,0.588923,-1,-1,-1
294,84,989.989,0.021,27.976,36.920,0.508200,-1,-1,-1
294,83,1798.541,0.000,39.858,12.620,0.491822,-1,-1,-1
295,13,1256.354,855.502,86.404,169.046,0.889213,-1,-1,-1
295,69,739.227,532.491,70.368,172.105,0.883645,-1,-1,-1
295,9,1795.376,526.167,92.729,159.203,0.882946,-1,-1,-1
295,60,926.391,100.886,68.474,137.786,0.882802,-1,-1,-1
295,22,928.661,490.324,69.051,166.689,0.881044,-1,-1,-1
295,77,1120.769,763.250,103.826,201.441,0.875387,-1,-1,-1
295,49,40.370,124.171,59.464,120.047,0.871783,-1,-1,-1
295,54,1254.186,93.434,52.232,136.167,0.870874,-1,-1,-1
295,86,1860.710,101.252,59.290,203.788,0.867155,-1,-1,-1
295,81,1503.416,787.512,98.926,212.185,0.865539,-1,-1,-1
295,43,165.043,184.114,69.056,136.034,0.861928,-1,-1,-1
295,55,716.169,189.624,61.764,154.853,0.861743,-1,-1,-1
295,82,1828.433,34.143,58.824,128.990,0.860958,-1,-1,-1
295,42,1426.448,0.093,44.552,87.817,0.857895,-1,-1,-1
295,20,1054.425,37.382,49.982,119.792,0.857824,-1,-1,-1
295,14,1691.838,70.824,64.531,127.661,0.857170,-1,-1,-1
295,33,811.096,18.260,53.845,103.394,0.852684,-1,-1,-1
295,38,373.540,475.755,84.465,163.563,0.844407,-1,-1,-1
295,23,1276.937,0.018,47.483,61.875,0.842265,-1,-1,-1
295,63,996.776,109.973,40.416,114.614,0.840528,-1,-1,-1
295,85,1773.809,37.331,51.870,126.685,0.839827,-1,-1,-1
295,24,1381.194,19.520,39.702,135.393,0.839358,-1,-1,-1
295,50,1041.000,127.831,39.149,118.195,0.838309,-1,-1,-1
295,27,1152.567,0.000,35.901,79.288,0.834855,-1,-1,-1
295,34,1216.281,0.000,33.395,75.631,0.834392,-1,-1,-1
295,56,421.851,467.289,88.193,147.370,0.831009,-1,-1,-1
295,87,0.079,561.786,63.620,197.819,0.827772,-1,-1,-1
295,79,0.044,284.118,37.474,148.379,0.804430,-1,-1,-1
295,19,1885.218,275.975,34.782,136.604,0.803518,-1,-1,-1
295,40,332.078,455.445,70.145,158.845,0.793070,-1,-1,-1
295,28,991.384,969.285,110.939,110.715,0.787511,-1,-1,-1
295,78,1741.010,68.632,50.407,125.531,0.770890,-1,-1,-1
295,72,1116.579,9.494,26.255,76.436,0.766519,-1,-1,-1
295,71,294.308,0.000,46.321,22.891,0.747416,-1,-1,-1
295,8,695.390,0.023,37.990,26.965,0.696990,-1,-1,-1
295,89,1435.645,1016.592,107.499,63.404,0.679929,-1,-1,-1
295,70,952.314,15.461,51.823,108.298,0.664264,-1,-1,-1
295,84,988.974,0.066,29.262,38.271,0.616221,-1,-1,-1
295,83,1798.526,0.000,40.791,12.651,0.482088,-1,-1,-1
296,13,1256.300,861.176,86.891,176.154,0.884666,-1,-1,-1
296,22,928.371,493.301,71.001,175.543,0.881211,-1,-1,-1
296,86,1856.338,99.932,63.662,200.329,0.880420,-1,-1,-1
296,60,925.969,102.314,68.546,140.225,0.878703,-1,-1,-1
296,69,739.399,528.547,71.035,165.921,0.874482,-1,-1,-1
296,9,1796.162,529.503,92.979,191.257,0.874471,-1,-1,-1
296,54,1255.523,93.016,51.935,135.559,0.871377,-1,-1,-1
296,14,1680.358,69.704,71.953,127.781,0.871002,-1,-1,-1
296,55,715.736,188.611,61.984,155.879,0.870263,-1,-1,-1
296,77,1123.556,759.066,96.580,202.912,0.869922,-1,-1,-1
296,49,40.265,124.064,59.943,120.199,0.867419,-1,-1,-1
296,43,164.052,185.547,70.143,139.761,0.862545,-1,-1,-1
296,81,1505.108,783.245,98.852,211.044,0.858509,-1,-1,-1
296,82,1828.290,32.683,58.083,127.550,0.858255,-1,-1,-1
296,28,993.230,974.894,108.658,105.106,0.857175,-1,-1,-1
296,20,1054.709,36.403,49.368,120.357,0.854551,-1,-1,-1
296,33,812.279,18.202,53.710,103.611,0.849267,-1,-1,-1
296,85,1769.170,36.993,54.789,132.630,0.845418,-1,-1,-1
296,87,0.124,570.664,64.044,188.943,0.844403,-1,-1,-1
296,38,373.843,477.019,84.023,161.957,0.843110,-1,-1,-1
296,63,996.923,111.120,40.001,113.901,0.841862,-1,-1,-1
296,50,1041.595,125.207,39.032,119.148,0.840219,-1,-1,-1
296,23,1276.968,0.000,47.610,61.570,0.839758,-1,-1,-1
296,24,1381.108,19.323,39.759,135.626,0.836829,-1,-1,-1
296,42,1426.062,0.076,45.132,87.757,0.836479,-1,-1,-1
296,34,1216.188,0.000,33.670,75.601,0.833280,-1,-1,-1
296,27,1152.609,0.000,36.028,79.239,0.831186,-1,-1,-1
296,56,421.936,468.101,88.434,146.529,0.816896,-1,-1,-1
296,79,0.046,284.147,38.414,148.496,0.800914,-1,-1,-1
296,19,1887.700,283.875,32.300,128.537,0.791511,-1,-1,-1
296,40,332.294,455.271,70.372,158.992,0.789780,-1,-1,-1
296,70,956.229,17.188,47.575,106.951,0.762379,-1,-1,-1
296,72,1116.372,8.892,26.702,76.520,0.761181,-1,-1,-1
296,78,1739.904,68.385,45.062,127.221,0.756231,-1,-1,-1
296,71,299.167,0.000,41.942,22.966,0.725688,-1,-1,-1
296,89,1438.148,1010.816,108.571,69.174,0.688184,-1,-1,-1
296,8,696.857,0.046,35.972,26.819,0.678614,-1,-1,-1
296,84,988.924,0.074,28.570,38.449,0.593370,-1,-1,-1
296,83,1798.515,0.000,40.842,12.663,0.479635,-1,-1,-1
296,90,938.297,0.055,30.726,33.426,0.384488,-1,-1,-1
297,13,1256.538,866.756,86.347,176.415,0.887402,-1,-1,-1
297,14,1671.528,69.440,77.431,125.569,0.880490,-1,-1,-1
297,69,739.237,525.051,71.223,162.423,0.877455,-1,-1,-1
297,86,1852.757,98.106,67.166,202.772,0.876883,-1,-1,-1
297,22,927.908,497.052,72.500,179.846,0.872208,-1,-1,-1
297,54,1257.393,91.027,50.650,136.115,0.868892,-1,-1,-1
297,55,716.163,187.656,61.082,156.476,0.867815,-1,-1,-1
297,49,40.097,124.093,59.902,120.144,0.865627,-1,-1,-1
297,77,1124.718,754.117,93.605,202.987,0.864552,-1,-1,-1
297,60,926.233,103.834,68.023,141.236,0.864198,-1,-1,-1
297,9,1796.469,532.247,93.510,193.317,0.859564,-1,-1,-1
297,81,1507.117,778.703,98.509,209.250,0.857044,-1,-1,-1
297,82,1828.487,31.182,56.997,128.676,0.856578,-1,-1,-1
297,20,1054.206,34.198,49.283,122.515,0.856088,-1,-1,-1
297,28,999.454,980.792,102.775,99.208,0.855541,-1,-1,-1
297,43,162.996,186.794,71.305,141.933,0.854301,-1,-1,-1
297,33,813.384,17.728,52.499,103.858,0.851337,-1,-1,-1
297,87,0.082,576.332,63.812,183.496,0.849874,-1,-1,-1
297,42,1425.214,0.056,45.789,85.929,0.847044,-1,-1,-1
297,85,1773.020,36.354,49.641,130.148,0.845124,-1,-1,-1
297,63,996.828,111.997,40.230,118.117,0.842530,-1,-1,-1
297,50,1041.569,123.594,39.199,119.742,0.840527,-1,-1,-1
297,38,373.574,474.705,84.714,164.680,0.839376,-1,-1,-1
297,23,1276.842,0.000,47.539,61.152,0.839018,-1,-1,-1
297,24,1381.462,19.401,39.578,135.533,0.834680,-1,-1,-1
297,34,1216.170,0.000,33.731,75.501,0.832466,-1,-1,-1
297,27,1152.608,0.000,36.067,79.039,0.830766,-1,-1,-1
297,79,0.060,284.816,38.756,147.735,0.809974,-1,-1,-1
297,56,421.361,468.142,88.920,146.340,0.807073,-1,-1,-1
297,70,955.783,18.799,49.072,106.971,0.801091,-1,-1,-1
297,40,332.035,454.940,70.827,159.365,0.786558,-1,-1,-1
297,19,1890.457,283.606,29.543,128.917,0.774378,-1,-1,-1
297,72,1116.905,8.785,25.366,75.959,0.758999,-1,-1,-1
297,78,1738.218,69.702,44.339,124.616,0.735328,-1,-1,-1
297,89,1442.635,1005.883,103.475,74.086,0.703759,-1,-1,-1
297,8,696.760,0.034,35.732,26.396,0.656324,-1,-1,-1
297,71,306.375,0.051,35.044,22.897,0.649995,-1,-1,-1
297,84,988.115,0.056,27.741,41.016,0.570362,-1,-1,-1
297,83,1798.566,0.000,40.655,12.604,0.481588,-1,-1,-1
297,90,940.279,0.006,30.249,34.209,0.339522,-1,-1,-1
298,13,1256.360,873.204,85.973,176.971,0.884794,-1,-1,-1
298,22,928.217,500.575,72.531,184.481,0.882858,-1,-1,-1
298,69,740.097,521.679,70.309,156.600,0.878191,-1,-1,-1
298,14,1664.328,70.053,80.842,123.186,0.874262,-1,-1,-1
298,55,716.064,186.360,61.306,157.072,0.873473,-1,-1,-1
298,86,1847.340,96.820,72.660,202.784,0.871345,-1,-1,-1
298,60,925.749,106.059,68.735,140.564,0.868153,-1,-1,-1
298,49,40.068,124.177,59.957,119.999,0.865501,-1,-1,-1
298,54,1259.773,89.493,48.978,137.782,0.864648,-1,-1,-1
298,87,0.106,595.430,63.806,164.157,0.864149,-1,-1,-1
298,82,1828.204,30.340,56.471,129.640,0.861729,-1,-1,-1
298,77,1127.386,749.884,89.125,201.109,0.857663,-1,-1,-1
298,20,1053.479,32.458,48.954,124.132,0.857031,-1,-1,-1
298,81,1506.545,771.983,100.252,208.679,0.854548,-1,-1,-1
298,9,1796.669,535.878,94.158,150.210,0.851590,-1,-1,-1
298,43,162.274,188.624,72.983,144.045,0.847610,-1,-1,-1
298,33,815.904,18.065,50.245,104.329,0.846315,-1,-1,-1
298,63,996.763,113.759,40.216,121.138,0.842532,-1,-1,-1
298,85,1768.907,36.044,52.447,130.776,0.841347,-1,-1,-1
298,42,1424.498,0.100,45.407,85.866,0.840341,-1,-1,-1
298,38,373.666,475.063,84.559,164.350,0.839444,-1,-1,-1
298,23,1276.713,0.000,47.184,60.669,0.837736,-1,-1,-1
298,24,1381.349,19.417,39.638,135.494,0.837336,-1,-1,-1
298,50,1041.482,122.543,38.927,121.303,0.837260,-1,-1,-1
298,34,1215.990,0.000,33.513,75.614,0.833726,-1,-1,-1
298,27,1152.655,0.000,35.910,79.026,0.825043,-1,-1,-1
298,28,1003.917,988.000,97.593,91.896,0.823381,-1,-1,-1
298,56,421.472,468.024,88.461,146.588,0.820733,-1,-1,-1
298,79,0.069,284.553,39.038,147.600,0.811781,-1,-1,-1
298,40,332.149,454.963,71.001,159.355,0.785881,-1,-1,-1
298,19,1893.801,284.103,26.199,128.727,0.783271,-1,-1,-1
298,72,1116.630,8.871,25.476,75.125,0.760382,-1,-1,-1
298,70,956.887,18.029,47.830,107.655,0.759834,-1,-1,-1
298,78,1729.749,67.836,45.282,126.392,0.710885,-1,-1,-1
298,8,695.857,0.017,34.477,25.411,0.682176,-1,-1,-1
298,84,989.305,0.031,27.882,43.446,0.599001,-1,-1,-1
298,71,312.468,0.014,29.694,22.751,0.574699,-1,-1,-1
298,89,1440.521,1000.009,106.791,79.942,0.554617,-1,-1,-1
298,83,1798.631,0.000,41.235,13.227,0.498377,-1,-1,-1
298,90,941.376,0.015,28.893,35.272,0.498202,-1,-1,-1
299,22,927.722,506.787,73.656,185.448,0.889048,-1,-1,-1
299,13,1255.255,882.945,86.902,177.091,0.886702,-1,-1,-1
299,69,741.278,514.947,71.188,159.454,0.879158,-1,-1,-1
299,86,1839.409,94.928,80.558,190.999,0.874268,-1,-1,-1
299,60,924.566,110.085,68.378,140.196,0.872817,-1,-1,-1
299,55,717.543,183.555,59.820,156.755,0.868618,-1,-1,-1
299,54,1262.876,84.161,47.502,135.276,0.868412,-1,-1,-1
299,49,39.703,124.223,60.261,119.975,0.868216,-1,-1,-1
299,81,1509.831,763.870,100.824,193.201,0.865440,-1,-1,-1
299,77,1117.056,741.490,89.183,189.044,0.863584,-1,-1,-1
299,82,1828.322,28.688,53.180,131.265,0.860438,-1,-1,-1
299,42,1422.517,0.146,46.312,85.850,0.860134,-1,-1,-1
299,14,1658.464,69.009,80.092,120.061,0.859567,-1,-1,-1
299,20,1052.483,31.123,48.477,125.558,0.859373,-1,-1,-1
299,9,1797.554,541.156,94.681,186.326,0.853015,-1,-1,-1
299,43,160.451,193.079,75.817,142.949,0.851115,-1,-1,-1
299,63,996.811,116.483,40.747,122.926,0.842427,-1,-1,-1
299,85,1767.566,34.018,50.479,129.874,0.842281,-1,-1,-1
299,38,373.999,469.630,108.964,169.772,0.840397,-1,-1,-1
299,24,1381.044,19.518,39.829,135.270,0.840118,-1,-1,-1
299,87,0.123,580.578,63.634,179.497,0.839236,-1,-1,-1
299,23,1276.130,0.000,47.992,59.154,0.837884,-1,-1,-1
299,50,1041.655,119.781,38.062,124.017,0.835819,-1,-1,-1
299,34,1215.971,0.000,33.266,75.667,0.835404,-1,-1,-1
299,33,821.767,17.273,44.434,103.383,0.832174,-1,-1,-1
299,27,1152.652,0.000,35.891,79.310,0.829118,-1,-1,-1
299,79,0.060,293.718,38.981,138.560,0.819925,-1,-1,-1
299,70,965.160,21.723,39.822,109.555,0.813888,-1,-1,-1
299,28,1014.459,1000.639,86.018,79.361,0.810661,-1,-1,-1
299,78,1710.046,64.384,58.243,131.550,0.793121,-1,-1,-1
299,40,332.270,454.839,70.981,159.427,0.785146,-1,-1,-1
299,19,1895.086,286.578,24.914,126.898,0.771609,-1,-1,-1
299,56,421.332,470.125,88.778,144.239,0.769172,-1,-1,-1
299,72,1115.917,8.188,26.111,73.502,0.767729,-1,-1,-1
299,71,316.400,0.000,38.955,22.746,0.706719,-1,-1,-1
299,8,697.306,0.022,32.825,23.018,0.678523,-1,-1,-1
299,91,1443.097,987.595,101.240,92.405,0.648503,-1,-1,-1
299,84,986.175,0.000,31.779,44.824,0.606180,-1,-1,-1
299,83,1798.582,0.000,41.414,12.870,0.490870,-1,-1,-1
300,13,1255.219,887.326,86.910,178.654,0.889599,-1,-1,-1
300,22,927.349,510.490,74.377,183.896,0.879766,-1,-1,-1
300,86,1836.973,94.722,82.904,186.023,0.879308,-1,-1,-1
300,60,923.912,111.150,68.432,139.377,0.878863,-1,-1,-1
300,69,741.839,513.265,71.669,162.544,0.876153,-1,-1,-1
300,77,1107.791,736.259,91.207,182.744,0.872030,-1,-1,-1
300,54,1262.809,81.536,48.037,133.096,0.871807,-1,-1,-1
300,49,39.633,124.230,60.045,119.966,0.868890,-1,-1,-1
300,55,717.698,181.146,59.309,157.232,0.867227,-1,-1,-1
300,81,1508.702,759.229,102.336,184.648,0.866783,-1,-1,-1
300,14,1656.679,68.554,78.613,124.676,0.862731,-1,-1,-1
300,42,1421.088,0.103,46.988,85.779,0.859196,-1,-1,-1
300,82,1825.671,27.671,53.902,132.142,0.857704,-1,-1,-1
300,20,1051.717,30.040,49.130,127.006,0.856985,-1,-1,-1
300,9,1797.932,544.192,95.052,180.637,0.854844,-1,-1,-1
300,43,159.825,194.957,75.598,143.812,0.848862,-1,-1,-1
300,63,996.143,117.959,41.695,123.361,0.844411,-1,-1,-1
300,38,374.015,475.930,83.794,163.526,0.841274,-1,-1,-1
300,87,0.014,578.445,63.655,182.136,0.840487,-1,-1,-1
300,24,1381.105,19.604,39.787,135.191,0.839217,-1,-1,-1
300,23,1275.559,0.000,48.240,58.123,0.835816,-1,-1,-1
300,50,1041.678,119.719,37.314,124.327,0.835234,-1,-1,-1
300,85,1765.350,32.405,50.159,130.114,0.832035,-1,-1,-1
300,27,1152.619,0.000,35.998,79.545,0.830616,-1,-1,-1
300,33,825.473,16.424,40.832,103.370,0.829809,-1,-1,-1
300,34,1215.924,0.000,33.707,75.796,0.829415,-1,-1,-1
300,79,0.018,298.729,39.512,135.206,0.817252,-1,-1,-1
300,56,420.975,470.215,88.778,144.235,0.816380,-1,-1,-1
300,70,966.312,22.312,38.829,112.074,0.792991,-1,-1,-1
300,40,332.312,454.848,72.353,159.395,0.784599,-1,-1,-1
300,28,1010.329,1007.428,88.092,72.305,0.763393,-1,-1,-1
300,72,1115.547,8.242,26.485,73.750,0.759305,-1,-1,-1
300,78,1712.207,65.494,53.086,129.295,0.754717,-1,-1,-1
300,19,1895.589,287.796,24.411,125.929,0.699495,-1,-1,-1
300,71,313.758,0.000,49.691,22.652,0.691929,-1,-1,-1
300,8,697.630,0.014,33.097,21.573,0.653844,-1,-1,-1
300,84,988.187,0.000,30.307,45.836,0.608255,-1,-1,-1
300,93,1897.771,201.589,22.229,97.861,0.596610,-1,-1,-1
300,92,944.023,0.000,37.952,84.170,0.581398,-1,-1,-1
300,83,1798.629,0.000,41.633,13.222,0.487919,-1,-1,-1
300,91,1442.660,981.678,99.939,98.157,0.634492,-1,-1,-1
301,13,1255.703,891.967,86.499,171.159,0.886502,-1,-1,-1
301,86,1835.913,93.978,83.910,184.898,0.879304,-1,-1,-1
301,22,926.195,513.531,75.251,182.578,0.876690,-1,-1,-1
301,69,741.431,511.158,73.031,165.086,0.875556,-1,-1,-1
301,77,1101.035,731.272,95.280,179.917,0.875156,-1,-1,-1
301,54,1263.511,81.025,47.499,129.328,0.873460,-1,-1,-1
301,14,1656.090,68.518,74.758,127.244,0.872658,-1,-1,-1
301,81,1507.982,753.351,104.117,187.966,0.871467,-1,-1,-1
301,55,717.957,179.204,59.365,155.902,0.871260,-1,-1,-1
301,60,924.451,112.128,67.824,139.059,0.869343,-1,-1,-1
301,49,39.175,124.683,60.758,119.655,0.864116,-1,-1,-1
301,82,1821.338,27.160,56.603,132.426,0.863241,-1,-1,-1
301,20,1050.638,29.749,49.600,127.156,0.856934,-1,-1,-1
301,43,158.952,196.871,75.615,145.134,0.856681,-1,-1,-1
301,85,1759.315,31.172,54.863,128.426,0.853570,-1,-1,-1
301,42,1419.996,0.078,47.176,85.795,0.852525,-1,-1,-1
301,63,996.284,119.313,41.819,123.311,0.844983,-1,-1,-1
301,38,373.787,476.400,83.981,163.410,0.842887,-1,-1,-1
301,9,1799.045,546.480,96.129,185.260,0.841330,-1,-1,-1
301,24,1381.156,19.903,39.629,135.239,0.838520,-1,-1,-1
301,50,1041.426,119.210,38.053,125.044,0.833847,-1,-1,-1
301,34,1215.891,0.000,33.228,75.994,0.828842,-1,-1,-1
301,56,420.375,469.987,89.231,144.695,0.827168,-1,-1,-1
301,23,1275.007,0.000,49.286,54.897,0.823563,-1,-1,-1
301,79,0.037,301.005,40.764,138.531,0.823141,-1,-1,-1
301,27,1152.745,0.000,35.789,79.857,0.816188,-1,-1,-1
301,87,0.000,571.070,63.570,189.405,0.812829,-1,-1,-1
301,33,830.448,16.523,36.238,103.790,0.810638,-1,-1,-1
301,70,966.871,23.188,38.744,113.304,0.800486,-1,-1,-1
301,78,1718.508,64.767,41.937,125.293,0.783321,-1,-1,-1
301,40,332.416,454.702,71.237,159.767,0.778918,-1,-1,-1
301,72,1115.334,8.204,26.611,73.418,0.759369,-1,-1,-1
301,71,318.749,0.000,53.337,22.176,0.737386,-1,-1,-1
301,91,1442.828,977.582,99.864,102.418,0.717143,-1,-1,-1
301,19,1895.569,287.080,24.431,126.618,0.694484,-1,-1,-1
301,28,1005.014,1012.337,100.885,67.483,0.659380,-1,-1,-1
301,8,699.101,0.000,31.481,18.360,0.649127,-1,-1,-1
301,93,1896.827,196.537,23.173,103.185,0.618654,-1,-1,-1
301,84,985.383,0.000,32.676,45.278,0.584762,-1,-1,-1
301,83,1798.721,0.000,41.110,13.453,0.502094,-1,-1,-1
301,92,937.376,0.000,45.129,81.111,0.490138,-1,-1,-1
302,13,1255.585,895.745,87.144,166.261,0.881621,-1,-1,-1
302,86,1835.057,92.945,77.792,137.841,0.875907,-1,-1,-1
302,69,741.821,509.424,72.812,167.039,0.874378,-1,-1,-1
302,54,1263.479,78.290,47.738,128.342,0.874274,-1,-1,-1
302,77,1095.937,726.262,97.554,187.128,0.871506,-1,-1,-1
302,22,925.686,515.916,74.454,179.200,0.871456,-1,-1,-1
302,55,718.233,177.400,59.049,154.017,0.866848,-1,-1,-1
302,60,924.491,112.962,66.914,138.210,0.865049,-1,-1,-1
302,82,1818.179,27.110,58.580,132.607,0.863940,-1,-1,-1
302,49,38.678,124.738,61.061,119.859,0.861323,-1,-1,-1
302,85,1756.267,28.815,56.609,127.871,0.860669,-1,-1,-1
302,14,1655.195,68.765,71.575,125.681,0.857754,-1,-1,-1
302,42,1418.386,0.000,48.905,85.740,0.857518,-1,-1,-1
302,43,157.251,198.531,76.871,145.952,0.856671,-1,-1,-1
302,20,1049.780,29.418,49.059,127.317,0.854688,-1,-1,-1
302,81,1509.343,748.545,103.573,192.933,0.854162,-1,-1,-1
302,9,1799.551,548.736,96.372,184.412,0.842796,-1,-1,-1
302,24,1380.931,20.242,39.995,134.982,0.840480,-1,-1,-1
302,38,374.093,476.816,83.394,163.262,0.839355,-1,-1,-1
302,63,996.695,120.699,42.035,122.305,0.837878,-1,-1,-1
302,27,1152.576,0.000,35.753,79.882,0.836544,-1,-1,-1
302,79,0.000,305.018,41.637,138.667,0.836287,-1,-1,-1
302,34,1215.389,0.000,33.458,76.056,0.835103,-1,-1,-1
302,50,1041.468,119.763,37.598,124.038,0.831520,-1,-1,-1
302,56,420.389,471.028,89.126,144.249,0.821146,-1,-1,-1
302,23,1274.592,0.000,47.681,52.069,0.819539,-1,-1,-1
302,78,1711.171,63.423,46.262,123.198,0.811561,-1,-1,-1
302,91,1442.402,972.111,100.297,107.889,0.796814,-1,-1,-1
302,87,0.000,573.938,63.532,193.207,0.790599,-1,-1,-1
302,70,965.609,24.866,40.475,114.340,0.789174,-1,-1,-1
302,40,332.563,454.601,70.266,160.676,0.783779,-1,-1,-1
302,33,834.658,16.646,33.360,105.427,0.778910,-1,-1,-1
302,72,1115.087,8.188,26.933,73.570,0.758907,-1,-1,-1
302,19,1895.679,303.040,24.321,110.967,0.660901,-1,-1,-1
302,28,1004.106,1017.184,98.466,62.764,0.660154,-1,-1,-1
302,8,703.974,0.000,29.797,15.447,0.596182,-1,-1,-1
302,84,984.884,0.000,33.673,46.040,0.592994,-1,-1,-1
302,71,318.526,0.014,59.721,23.227,0.583658,-1,-1,-1
302,92,942.785,0.313,40.420,80.484,0.582591,-1,-1,-1
302,94,640.557,0.000,24.189,12.492,0.529726,-1,-1,-1
302,83,1799.098,0.000,38.250,13.587,0.511726,-1,-1,-1
303,69,742.090,507.347,72.694,167.942,0.881865,-1,-1,-1
303,77,1090.866,722.973,99.343,193.209,0.881798,-1,-1,-1
303,13,1254.981,899.544,88.946,161.724,0.878358,-1,-1,-1
303,60,922.853,114.001,67.459,137.285,0.872682,-1,-1,-1
303,86,1834.050,92.213,76.519,136.945,0.871631,-1,-1,-1
303,55,718.292,175.097,59.136,150.497,0.870205,-1,-1,-1
303,82,1815.500,26.565,59.195,132.852,0.870045,-1,-1,-1
303,54,1262.916,76.620,48.676,129.064,0.869411,-1,-1,-1
303,22,926.175,518.137,69.383,176.658,0.866283,-1,-1,-1
303,49,38.900,125.165,60.924,119.367,0.862885,-1,-1,-1
303,9,1801.235,550.910,97.080,181.688,0.861103,-1,-1,-1
303,14,1655.066,67.892,69.258,124.294,0.858755,-1,-1,-1
303,42,1417.456,0.000,49.214,85.173,0.858044,-1,-1,-1
303,85,1756.199,27.885,54.586,126.544,0.854325,-1,-1,-1
303,43,155.520,200.771,78.934,144.871,0.850828,-1,-1,-1
303,20,1048.772,28.767,48.561,127.701,0.849941,-1,-1,-1
303,79,0.019,308.428,42.416,137.376,0.845154,-1,-1,-1
303,24,1380.897,20.524,40.235,134.620,0.843690,-1,-1,-1
303,38,373.964,476.626,83.527,163.236,0.843256,-1,-1,-1
303,87,0.019,590.907,66.268,185.183,0.839305,-1,-1,-1
303,34,1215.557,0.000,33.595,76.008,0.836022,-1,-1,-1
303,50,1041.522,118.395,37.866,124.472,0.831893,-1,-1,-1
303,63,996.821,121.697,44.432,121.868,0.831299,-1,-1,-1
303,93,1862.468,157.716,57.503,133.859,0.826386,-1,-1,-1
303,78,1707.422,62.421,47.758,121.918,0.823631,-1,-1,-1
303,70,961.982,24.039,44.285,115.340,0.822150,-1,-1,-1
303,27,1152.036,0.000,36.034,79.941,0.820876,-1,-1,-1
303,23,1274.132,0.000,46.378,49.971,0.819143,-1,-1,-1
303,81,1514.143,745.361,98.946,196.396,0.814512,-1,-1,-1
303,33,838.549,16.808,30.400,103.167,0.798755,-1,-1,-1
303,40,332.561,454.863,69.990,160.135,0.788255,-1,-1,-1
303,72,1114.880,8.037,27.085,73.393,0.765878,-1,-1,-1
303,56,420.736,471.806,88.741,142.716,0.749778,-1,-1,-1
303,91,1441.544,967.929,100.937,112.071,0.723892,-1,-1,-1
303,71,318.493,0.004,63.607,22.366,0.701571,-1,-1,-1
303,28,1004.486,1022.656,101.017,57.289,0.657352,-1,-1,-1
303,19,1895.376,302.795,24.624,111.433,0.642050,-1,-1,-1
303,84,984.939,0.000,31.933,47.229,0.641393,-1,-1,-1
303,8,704.462,0.001,28.790,14.066,0.584472,-1,-1,-1
303,92,943.955,0.028,39.616,80.301,0.571752,-1,-1,-1
303,83,1799.243,0.000,38.186,13.881,0.519950,-1,-1,-1
303,94,634.734,0.000,28.046,15.611,0.510347,-1,-1,-1
304,77,1084.170,718.624,98.195,196.015,0.891264,-1,-1,-1
304,69,743.415,503.818,73.193,169.869,0.886014,-1,-1,-1
304,13,1254.447,909.193,91.087,160.155,0.883550,-1,-1,-1
304,55,715.812,170.035,62.240,145.505,0.873330,-1,-1,-1
304,22,926.708,523.022,69.939,172.861,0.872662,-1,-1,-1
304,54,1261.519,73.706,51.911,131.958,0.872186,-1,-1,-1
304,82,1811.922,24.899,59.107,132.829,0.871410,-1,-1,-1
304,93,1860.837,155.810,59.112,137.610,0.868347,-1,-1,-1
304,86,1833.076,88.591,73.693,133.236,0.867316,-1,-1,-1
304,9,1803.943,555.432,95.664,177.266,0.865771,-1,-1,-1
304,14,1654.640,64.262,62.975,123.963,0.863209,-1,-1,-1
304,91,1434.551,960.236,106.750,119.691,0.862861,-1,-1,-1
304,43,152.747,203.891,78.421,143.817,0.858474,-1,-1,-1
304,60,925.665,114.981,63.846,136.895,0.855033,-1,-1,-1
304,42,1415.324,0.000,49.194,82.275,0.851852,-1,-1,-1
304,81,1522.446,738.097,91.327,203.269,0.846310,-1,-1,-1
304,20,1046.499,27.305,48.267,128.307,0.843980,-1,-1,-1
304,63,997.366,123.736,45.762,120.263,0.841358,-1,-1,-1
304,24,1380.833,20.816,41.267,134.458,0.840886,-1,-1,-1
304,79,0.014,313.331,42.593,137.632,0.839425,-1,-1,-1
304,27,1152.555,0.000,35.524,80.108,0.839278,-1,-1,-1
304,38,373.871,477.106,83.884,162.959,0.839185,-1,-1,-1
304,34,1215.178,0.000,33.969,76.131,0.837270,-1,-1,-1
304,50,1042.505,115.362,37.379,124.579,0.833702,-1,-1,-1
304,49,37.230,125.355,62.137,119.847,0.824660,-1,-1,-1
304,87,0.038,593.311,75.192,200.995,0.820000,-1,-1,-1
304,85,1740.867,23.856,66.544,123.461,0.817044,-1,-1,-1
304,70,964.776,27.237,42.907,114.193,0.815660,-1,-1,-1
304,78,1705.508,60.259,43.712,121.718,0.810258,-1,-1,-1
304,23,1273.485,0.000,46.009,47.222,0.800678,-1,-1,-1
304,33,841.842,16.521,40.006,109.555,0.799464,-1,-1,-1
304,71,320.321,0.000,66.091,23.217,0.798871,-1,-1,-1
304,40,332.535,454.740,69.768,160.457,0.782691,-1,-1,-1
304,72,1114.698,7.624,27.425,74.106,0.763886,-1,-1,-1
304,56,419.840,472.005,89.490,142.497,0.754782,-1,-1,-1
304,84,985.439,0.000,32.141,48.115,0.685677,-1,-1,-1
304,19,1895.355,308.689,24.645,105.776,0.678880,-1,-1,-1
304,92,948.005,0.141,35.478,80.903,0.655637,-1,-1,-1
304,28,1010.958,1031.414,94.612,48.558,0.653306,-1,-1,-1
304,94,633.484,0.000,29.465,18.715,0.570567,-1,-1,-1
304,83,1799.254,0.000,37.767,13.899,0.523518,-1,-1,-1
304,8,705.604,0.000,28.346,11.534,0.406081,-1,-1,-1
305,69,744.628,500.957,72.869,172.281,0.883198,-1,-1,-1
305,77,1081.913,710.584,97.377,206.560,0.880586,-1,-1,-1
305,82,1810.234,23.533,59.726,131.946,0.875053,-1,-1,-1
305,13,1254.081,913.563,92.672,165.951,0.872391,-1,-1,-1
305,54,1261.238,73.200,52.138,132.390,0.871823,-1,-1,-1
305,93,1860.297,153.754,59.683,133.067,0.868906,-1,-1,-1
305,22,926.588,525.572,68.058,171.020,0.868879,-1,-1,-1
305,86,1832.997,86.395,71.381,131.079,0.867714,-1,-1,-1
305,14,1654.984,63.445,59.226,123.500,0.867493,-1,-1,-1
305,60,927.377,116.212,61.590,135.633,0.864959,-1,-1,-1
305,43,151.357,204.811,78.413,143.000,0.864236,-1,-1,-1
305,9,1805.194,557.700,95.773,174.768,0.864128,-1,-1,-1
305,55,714.681,168.066,63.209,145.036,0.859025,-1,-1,-1
305,85,1736.414,23.348,69.789,123.973,0.855409,-1,-1,-1
305,91,1434.437,956.361,105.841,123.567,0.847094,-1,-1,-1
305,81,1524.604,734.871,89.195,205.750,0.845199,-1,-1,-1
305,42,1414.341,0.000,48.316,80.102,0.841440,-1,-1,-1
305,20,1045.806,25.990,47.854,128.441,0.841406,-1,-1,-1
305,79,0.000,317.878,51.209,135.205,0.840413,-1,-1,-1
305,27,1152.549,0.000,35.529,80.063,0.839633,-1,-1,-1
305,63,997.316,125.120,45.867,118.714,0.839277,-1,-1,-1
305,87,0.000,597.928,76.998,203.412,0.838835,-1,-1,-1
305,38,374.075,474.054,90.224,166.132,0.838270,-1,-1,-1
305,34,1215.204,0.004,33.880,76.392,0.837706,-1,-1,-1
305,24,1380.885,21.078,41.834,134.151,0.832536,-1,-1,-1
305,50,1042.556,113.892,37.393,122.557,0.828490,-1,-1,-1
305,33,843.394,16.592,41.048,103.969,0.815090,-1,-1,-1
305,49,36.425,125.608,62.137,119.850,0.811043,-1,-1,-1
305,78,1703.483,59.802,43.035,118.136,0.809454,-1,-1,-1
305,70,965.106,28.104,43.138,115.326,0.807457,-1,-1,-1
305,71,322.602,0.000,64.056,23.012,0.805727,-1,-1,-1
305,23,1273.704,0.000,46.044,47.589,0.787726,-1,-1,-1
305,40,332.523,454.895,69.446,160.239,0.787462,-1,-1,-1
305,72,1114.782,7.641,27.291,73.820,0.767278,-1,-1,-1
305,56,419.523,472.207,89.756,142.717,0.697741,-1,-1,-1
305,84,983.938,0.000,32.842,46.501,0.684817,-1,-1,-1
305,92,949.340,0.000,34.354,81.314,0.677362,-1,-1,-1
305,19,1895.506,312.359,24.494,102.115,0.672400,-1,-1,-1
305,28,1016.084,1035.529,85.496,44.427,0.603773,-1,-1,-1
305,94,634.783,0.000,28.585,18.906,0.578840,-1,-1,-1
305,83,1799.311,0.000,37.784,13.880,0.524109,-1,-1,-1
306,13,1253.258,919.410,94.397,160.342,0.893241,-1,-1,-1
306,69,745.734,498.478,72.747,172.120,0.884473,-1,-1,-1
306,93,1860.176,151.478,59.721,130.808,0.874790,-1,-1,-1
306,54,1261.185,72.532,52.183,133.035,0.871697,-1,-1,-1
306,60,927.772,117.501,61.333,134.290,0.870706,-1,-1,-1
306,9,1805.794,560.733,97.045,172.063,0.868198,-1,-1,-1
306,86,1833.282,84.484,70.545,129.302,0.866002,-1,-1,-1
306,82,1810.261,21.884,58.883,133.384,0.865984,-1,-1,-1
306,22,926.716,528.258,65.364,168.319,0.864799,-1,-1,-1
306,43,150.247,205.882,78.707,141.704,0.863967,-1,-1,-1
306,14,1654.976,62.009,57.394,124.116,0.861553,-1,-1,-1
306,85,1737.668,22.475,67.052,122.212,0.858453,-1,-1,-1
306,55,713.130,165.187,64.849,147.310,0.855831,-1,-1,-1
306,91,1437.603,951.589,100.589,128.399,0.853675,-1,-1,-1
306,87,0.000,602.206,78.912,201.426,0.851579,-1,-1,-1
306,77,1080.705,715.551,95.763,202.212,0.849235,-1,-1,-1
306,81,1525.170,733.113,88.754,207.763,0.847759,-1,-1,-1
306,79,0.000,314.800,50.947,139.287,0.840863,-1,-1,-1
306,20,1045.184,24.233,47.694,126.041,0.839932,-1,-1,-1
306,27,1152.523,0.000,35.527,80.104,0.839931,-1,-1,-1
306,38,374.039,473.248,105.405,166.868,0.839878,-1,-1,-1
306,34,1215.222,0.033,33.738,76.277,0.838704,-1,-1,-1
306,63,997.295,126.137,45.066,117.480,0.836845,-1,-1,-1
306,50,1043.141,111.682,36.814,119.357,0.831942,-1,-1,-1
306,78,1699.517,57.835,45.351,123.501,0.825976,-1,-1,-1
306,49,36.976,125.609,61.229,120.037,0.825816,-1,-1,-1
306,24,1380.839,21.099,41.625,134.121,0.823131,-1,-1,-1
306,33,845.061,16.409,42.171,105.029,0.819573,-1,-1,-1
306,42,1413.939,0.000,48.438,76.796,0.817750,-1,-1,-1
306,71,326.591,0.000,60.336,22.618,0.790112,-1,-1,-1
306,40,332.749,454.851,69.379,160.325,0.788536,-1,-1,-1
306,23,1278.300,0.000,41.774,47.426,0.779060,-1,-1,-1
306,72,1114.863,7.718,27.435,73.871,0.766664,-1,-1,-1
306,70,967.220,31.688,41.912,113.419,0.763982,-1,-1,-1
306,84,984.250,0.000,34.966,46.628,0.700840,-1,-1,-1
306,19,1895.688,315.253,24.312,99.309,0.660983,-1,-1,-1
306,56,419.293,472.474,90.105,142.473,0.658694,-1,-1,-1
306,92,948.748,0.000,36.765,83.572,0.648600,-1,-1,-1
306,28,1018.417,1040.339,81.726,39.610,0.617827,-1,-1,-1
306,94,631.822,0.004,31.389,20.830,0.522247,-1,-1,-1
306,83,1799.299,0.000,37.982,13.873,0.519433,-1,-1,-1
306,95,703.828,0.000,31.029,10.810,0.337576,-1,-1,-1
307,93,1859.898,149.424,59.800,128.840,0.880983,-1,-1,-1
307,13,1254.369,926.182,93.611,153.530,0.877751,-1,-1,-1
307,69,746.969,495.106,72.407,173.233,0.874585,-1,-1,-1
307,54,1261.418,71.907,51.611,133.666,0.870244,-1,-1,-1
307,22,926.914,531.252,65.079,165.145,0.869358,-1,-1,-1
307,86,1833.240,82.381,69.799,130.477,0.864658,-1,-1,-1
307,9,1804.991,563.383,99.278,172.658,0.863408,-1,-1,-1
307,87,0.145,606.990,81.091,198.346,0.862519,-1,-1,-1
307,43,148.664,207.257,78.859,140.146,0.862388,-1,-1,-1
307,82,1810.138,20.438,57.474,133.888,0.858414,-1,-1,-1
307,78,1692.824,57.341,48.844,123.006,0.855807,-1,-1,-1
307,60,931.310,118.281,57.877,133.606,0.855764,-1,-1,-1
307,14,1654.709,61.139,54.633,124.915,0.855176,-1,-1,-1
307,91,1438.353,947.556,97.222,132.444,0.850588,-1,-1,-1
307,49,37.268,125.826,59.971,119.468,0.846028,-1,-1,-1
307,77,1077.892,712.920,94.881,202.444,0.843623,-1,-1,-1
307,20,1044.359,22.363,47.727,125.632,0.842496,-1,-1,-1
307,79,0.000,312.699,51.122,141.625,0.839889,-1,-1,-1
307,27,1152.549,0.000,35.364,80.156,0.839391,-1,-1,-1
307,85,1739.093,21.932,63.774,122.009,0.838790,-1,-1,-1
307,33,847.300,16.321,42.700,103.307,0.838156,-1,-1,-1
307,34,1215.120,0.048,33.382,76.205,0.836853,-1,-1,-1
307,42,1413.283,0.000,46.632,72.882,0.835982,-1,-1,-1
307,38,374.113,477.687,83.600,162.505,0.835500,-1,-1,-1
307,63,997.674,126.963,44.707,116.763,0.832565,-1,-1,-1
307,50,1043.638,110.149,35.968,116.819,0.831427,-1,-1,-1
307,24,1380.894,20.786,40.996,134.321,0.821230,-1,-1,-1
307,81,1518.913,729.282,94.949,211.279,0.819770,-1,-1,-1
307,55,714.736,163.077,63.756,149.783,0.818239,-1,-1,-1
307,40,332.705,454.835,69.522,160.320,0.787246,-1,-1,-1
307,23,1279.226,0.000,40.590,47.540,0.786292,-1,-1,-1
307,72,1115.354,7.998,26.404,73.686,0.765234,-1,-1,-1
307,71,330.172,0.003,56.784,21.228,0.753101,-1,-1,-1
307,70,970.980,32.519,39.255,113.585,0.745155,-1,-1,-1
307,56,420.002,472.935,89.201,142.139,0.728462,-1,-1,-1
307,84,983.788,0.000,35.667,48.375,0.652870,-1,-1,-1
307,92,948.520,0.186,38.683,86.998,0.630392,-1,-1,-1
307,19,1895.646,313.673,24.354,101.131,0.605441,-1,-1,-1
307,94,631.164,0.000,31.098,21.056,0.530225,-1,-1,-1
307,28,1026.334,1045.447,82.984,34.496,0.519585,-1,-1,-1
307,83,1799.365,0.000,37.861,13.841,0.519538,-1,-1,-1
307,95,702.602,0.000,32.845,10.752,0.335274,-1,-1,-1
308,13,1255.114,932.341,93.580,147.659,0.889647,-1,-1,-1
308,69,748.083,492.413,72.015,170.656,0.879939,-1,-1,-1
308,54,1261.698,70.596,51.342,134.632,0.871960,-1,-1,-1
308,86,1833.234,80.249,68.897,130.204,0.869515,-1,-1,-1
308,87,0.262,610.266,82.280,197.679,0.868458,-1,-1,-1
308,9,1807.033,566.379,98.471,180.892,0.867048,-1,-1,-1
308,93,1859.970,147.378,58.382,127.064,0.865539,-1,-1,-1
308,43,147.555,208.175,77.507,138.978,0.865386,-1,-1,-1
308,22,927.226,534.274,65.061,167.524,0.864243,-1,-1,-1
308,14,1653.584,60.819,54.294,125.313,0.863168,-1,-1,-1
308,91,1437.144,943.587,96.174,136.413,0.860933,-1,-1,-1
308,49,37.199,125.562,58.836,119.256,0.856189,-1,-1,-1
308,85,1738.030,21.391,62.656,122.704,0.854030,-1,-1,-1
308,33,848.490,16.290,44.874,102.780,0.853947,-1,-1,-1
308,82,1810.083,18.543,55.691,133.692,0.852880,-1,-1,-1
308,60,932.225,119.578,56.963,134.907,0.852144,-1,-1,-1
308,77,1075.330,709.395,94.002,207.842,0.848568,-1,-1,-1
308,20,1043.898,21.004,48.039,123.085,0.845557,-1,-1,-1
308,78,1685.353,56.099,54.037,124.682,0.842513,-1,-1,-1
308,27,1152.544,0.000,35.435,80.079,0.839462,-1,-1,-1
308,79,0.000,316.887,51.156,137.430,0.839275,-1,-1,-1
308,34,1214.893,0.055,33.599,76.293,0.838841,-1,-1,-1
308,50,1043.674,107.427,36.614,116.150,0.837834,-1,-1,-1
308,24,1381.054,20.373,38.937,134.773,0.837341,-1,-1,-1
308,81,1518.085,726.078,95.931,206.175,0.832545,-1,-1,-1
308,63,998.714,128.085,42.313,116.809,0.829776,-1,-1,-1
308,42,1413.065,0.000,45.647,70.330,0.828056,-1,-1,-1
308,38,375.006,479.537,82.653,160.746,0.827522,-1,-1,-1
308,70,972.169,30.416,39.251,115.814,0.811114,-1,-1,-1
308,40,332.751,454.683,69.426,160.374,0.796557,-1,-1,-1
308,56,419.862,473.120,88.811,141.112,0.774506,-1,-1,-1
308,55,720.382,161.606,58.613,150.720,0.773490,-1,-1,-1
308,72,1114.827,7.537,27.840,73.849,0.761053,-1,-1,-1
308,23,1278.206,0.000,40.892,47.338,0.749569,-1,-1,-1
308,71,334.992,0.000,52.238,19.813,0.731317,-1,-1,-1
308,92,947.233,0.043,36.824,92.622,0.720511,-1,-1,-1
308,84,983.796,0.000,35.663,48.435,0.673192,-1,-1,-1
308,83,1799.328,0.000,37.848,13.894,0.515616,-1,-1,-1
308,94,632.147,0.000,29.820,21.106,0.483341,-1,-1,-1
308,28,1031.920,1050.874,68.952,29.051,0.463709,-1,-1,-1
308,19,1896.163,320.984,23.837,94.885,0.422380,-1,-1,-1
308,95,701.766,0.000,34.016,10.589,0.334516,-1,-1,-1
309,69,750.878,484.815,68.774,162.275,0.884256,-1,-1,-1
309,13,1255.870,943.971,94.872,135.632,0.877587,-1,-1,-1
309,9,1807.263,571.511,100.854,193.380,0.874462,-1,-1,-1
309,91,1436.874,932.657,92.019,147.238,0.871427,-1,-1,-1
309,93,1858.525,142.717,56.578,130.067,0.871286,-1,-1,-1
309,14,1646.320,57.661,55.531,128.653,0.870329,-1,-1,-1
309,54,1261.967,67.796,51.287,134.409,0.870006,-1,-1,-1
309,81,1526.116,716.610,87.915,206.766,0.867662,-1,-1,-1
309,22,926.567,541.697,66.329,182.463,0.864951,-1,-1,-1
309,87,0.000,614.796,83.798,195.072,0.863571,-1,-1,-1
309,85,1734.329,20.847,63.330,122.734,0.862425,-1,-1,-1
309,60,934.169,122.654,55.835,141.350,0.862324,-1,-1,-1
309,43,144.811,209.172,77.717,138.948,0.860025,-1,-1,-1
309,77,1072.240,701.232,90.212,202.016,0.856380,-1,-1,-1
309,86,1832.615,77.244,68.167,133.648,0.856067,-1,-1,-1
309,82,1809.123,14.677,54.252,130.077,0.850215,-1,-1,-1
309,33,849.040,15.651,46.964,104.009,0.846916,-1,-1,-1
309,78,1677.619,53.774,55.478,127.023,0.843935,-1,-1,-1
309,63,999.931,131.966,40.676,120.012,0.843553,-1,-1,-1
309,27,1152.476,0.000,35.662,80.153,0.842191,-1,-1,-1
309,79,0.000,322.389,51.003,131.836,0.840385,-1,-1,-1
309,24,1380.653,21.234,39.345,134.035,0.840247,-1,-1,-1
309,50,1044.681,103.572,35.626,117.991,0.838615,-1,-1,-1
309,34,1214.775,0.042,33.832,76.375,0.837889,-1,-1,-1
309,49,35.550,125.700,59.334,120.245,0.834824,-1,-1,-1
309,20,1042.621,17.014,48.408,112.104,0.832018,-1,-1,-1
309,42,1411.599,0.000,44.708,68.552,0.829551,-1,-1,-1
309,38,373.847,478.474,83.904,161.888,0.818958,-1,-1,-1
309,70,974.095,31.529,39.793,114.894,0.818049,-1,-1,-1
309,55,724.746,159.908,55.070,153.359,0.786803,-1,-1,-1
309,40,333.160,454.502,70.425,160.517,0.783675,-1,-1,-1
309,23,1277.705,0.000,39.632,47.182,0.760249,-1,-1,-1
309,72,1115.805,6.101,26.920,75.666,0.759863,-1,-1,-1
309,84,983.722,0.000,36.266,48.591,0.715062,-1,-1,-1
309,56,419.119,474.580,90.434,140.227,0.688113,-1,-1,-1
309,71,346.538,0.031,40.980,19.703,0.685554,-1,-1,-1
309,94,633.440,0.014,30.304,21.381,0.604149,-1,-1,-1
309,83,1799.101,0.000,38.531,13.624,0.489796,-1,-1,-1
309,92,947.633,0.108,42.933,101.685,0.471257,-1,-1,-1
309,19,1896.535,317.878,23.465,98.958,0.430550,-1,-1,-1
309,95,702.061,0.000,33.160,9.650,0.302402,-1,-1,-1
310,13,1257.966,948.673,93.675,131.101,0.879300,-1,-1,-1
310,69,751.378,480.988,67.946,158.577,0.874667,-1,-1,-1
310,81,1534.443,711.635,80.224,202.409,0.872789,-1,-1,-1
310,54,1262.247,65.653,51.343,134.831,0.871960,-1,-1,-1
310,91,1436.222,927.306,92.003,152.222,0.871922,-1,-1,-1
310,22,926.508,545.531,66.502,187.610,0.868868,-1,-1,-1
310,60,933.975,124.532,56.657,141.933,0.868303,-1,-1,-1
310,93,1858.353,141.113,55.058,131.445,0.867073,-1,-1,-1
310,85,1730.454,20.055,65.727,122.729,0.860948,-1,-1,-1
310,14,1637.824,58.444,61.148,127.214,0.859938,-1,-1,-1
310,77,1071.523,697.992,87.701,200.308,0.858240,-1,-1,-1
310,86,1832.563,76.179,66.593,133.798,0.857535,-1,-1,-1
310,43,144.217,209.973,76.958,138.131,0.857160,-1,-1,-1
310,82,1808.482,13.997,54.090,127.308,0.852697,-1,-1,-1
310,33,849.333,14.905,48.104,105.238,0.847368,-1,-1,-1
310,87,0.000,617.368,85.195,193.253,0.846395,-1,-1,-1
310,63,1000.191,133.618,41.442,121.506,0.843198,-1,-1,-1
310,20,1041.958,15.072,48.963,114.636,0.842771,-1,-1,-1
310,27,1152.500,0.000,35.591,79.948,0.842478,-1,-1,-1
310,78,1676.268,53.845,54.816,125.906,0.840693,-1,-1,-1
310,24,1380.687,21.512,39.477,133.490,0.840260,-1,-1,-1
310,79,0.000,324.814,49.188,129.404,0.840042,-1,-1,-1
310,49,35.622,125.682,59.099,120.673,0.838614,-1,-1,-1
310,50,1044.017,102.944,36.289,118.042,0.837486,-1,-1,-1
310,34,1214.827,0.043,33.675,76.102,0.837169,-1,-1,-1
310,70,975.801,32.070,39.260,113.955,0.831654,-1,-1,-1
310,38,374.184,479.009,83.546,161.227,0.820040,-1,-1,-1
310,9,1807.314,575.646,103.001,161.672,0.819805,-1,-1,-1
310,42,1411.142,0.000,45.709,68.783,0.815873,-1,-1,-1
310,55,724.980,158.770,55.449,154.272,0.788526,-1,-1,-1
310,40,333.367,454.375,69.643,160.399,0.785976,-1,-1,-1
310,72,1115.656,6.103,27.627,75.397,0.768602,-1,-1,-1
310,23,1277.581,0.000,41.359,46.481,0.757116,-1,-1,-1
310,92,945.413,0.536,41.208,102.834,0.709626,-1,-1,-1
310,56,419.849,474.512,89.688,140.460,0.700146,-1,-1,-1
310,84,983.484,0.000,36.394,48.471,0.698543,-1,-1,-1
310,71,352.865,0.000,34.455,20.395,0.639883,-1,-1,-1
310,94,633.490,0.019,29.713,21.311,0.629174,-1,-1,-1
310,83,1799.171,0.000,38.412,13.577,0.487578,-1,-1,-1
310,19,1897.187,318.467,22.813,97.642,0.414055,-1,-1,-1
310,95,700.191,0.038,36.952,8.744,0.229815,-1,-1,-1
311,13,1260.297,953.021,91.628,126.826,0.873980,-1,-1,-1
311,60,934.989,125.920,56.481,142.391,0.873703,-1,-1,-1
311,54,1262.442,63.302,51.683,134.235,0.872921,-1,-1,-1
311,69,752.026,477.701,67.407,153.421,0.871544,-1,-1,-1
311,81,1536.046,705.528,79.409,192.917,0.866811,-1,-1,-1
311,77,1070.598,692.756,85.949,198.858,0.865243,-1,-1,-1
311,93,1856.477,139.886,56.022,132.153,0.865058,-1,-1,-1
311,22,927.158,549.088,65.459,177.641,0.863634,-1,-1,-1
311,91,1435.041,921.515,93.777,157.945,0.863392,-1,-1,-1
311,43,143.415,210.850,77.102,137.792,0.860501,-1,-1,-1
311,14,1631.554,57.044,64.477,129.014,0.859992,-1,-1,-1
311,86,1832.516,75.282,65.661,134.613,0.853610,-1,-1,-1
311,82,1807.536,12.285,54.071,127.204,0.851505,-1,-1,-1
311,33,850.042,14.015,47.187,105.522,0.850106,-1,-1,-1
311,85,1728.911,19.348,65.347,123.188,0.849881,-1,-1,-1
311,87,0.004,620.465,87.101,190.132,0.849019,-1,-1,-1
311,20,1041.697,12.844,49.181,113.257,0.848900,-1,-1,-1
311,63,1000.532,134.833,41.290,123.587,0.845631,-1,-1,-1
311,55,726.520,158.023,54.660,154.144,0.843865,-1,-1,-1
311,27,1152.451,0.000,35.855,79.569,0.843405,-1,-1,-1
311,78,1676.301,52.497,51.423,125.915,0.841389,-1,-1,-1
311,79,0.002,324.938,47.874,129.220,0.838684,-1,-1,-1
311,50,1044.790,102.163,35.687,119.030,0.838231,-1,-1,-1
311,24,1380.767,21.412,39.838,133.504,0.837465,-1,-1,-1
311,70,974.952,36.525,41.547,109.515,0.837166,-1,-1,-1
311,34,1215.000,0.050,33.519,75.816,0.833981,-1,-1,-1
311,49,32.774,125.560,61.460,121.087,0.832087,-1,-1,-1
311,9,1809.216,578.733,102.743,168.521,0.830802,-1,-1,-1
311,38,374.199,473.151,112.385,166.749,0.820011,-1,-1,-1
311,42,1410.480,0.001,46.153,68.567,0.790445,-1,-1,-1
311,40,333.414,454.283,69.738,160.544,0.782449,-1,-1,-1
311,72,1115.945,5.858,27.589,75.517,0.771748,-1,-1,-1
311,23,1277.608,0.000,41.160,44.899,0.753045,-1,-1,-1
311,56,419.593,475.533,89.875,139.096,0.729586,-1,-1,-1
311,92,945.054,0.000,40.856,105.749,0.723665,-1,-1,-1
311,84,983.116,0.000,36.998,53.666,0.687774,-1,-1,-1
311,94,633.181,0.018,30.443,21.616,0.655995,-1,-1,-1
311,71,344.731,0.000,44.238,20.186,0.506529,-1,-1,-1
311,83,1798.552,0.000,41.687,13.327,0.483278,-1,-1,-1
311,19,1899.073,328.728,20.927,87.900,0.396726,-1,-1,-1
311,95,700.405,0.061,35.623,7.629,0.214818,-1,-1,-1
312,69,752.418,474.612,68.491,154.854,0.877129,-1,-1,-1
312,91,1434.215,915.795,94.284,163.762,0.875913,-1,-1,-1
312,13,1262.086,958.538,91.496,121.344,0.874175,-1,-1,-1
312,60,935.647,127.761,56.500,141.494,0.874006,-1,-1,-1
312,81,1536.369,701.146,79.704,185.998,0.872824,-1,-1,-1
312,14,1626.028,56.182,67.180,129.662,0.872095,-1,-1,-1
312,54,1262.821,60.335,51.488,132.513,0.869374,-1,-1,-1
312,93,1852.335,138.266,61.763,133.515,0.867864,-1,-1,-1
312,22,928.191,552.958,64.120,184.294,0.866558,-1,-1,-1
312,77,1069.593,689.093,83.962,192.739,0.864928,-1,-1,-1
312,87,0.000,622.427,88.815,187.810,0.856766,-1,-1,-1
312,49,35.056,125.533,59.363,122.241,0.856634,-1,-1,-1
312,9,1811.637,582.052,103.268,152.993,0.855805,-1,-1,-1
312,86,1832.195,74.591,64.124,135.248,0.854947,-1,-1,-1
312,43,142.546,212.452,76.226,141.531,0.854870,-1,-1,-1
312,78,1676.078,51.202,49.045,126.405,0.853265,-1,-1,-1
312,82,1806.311,10.654,54.217,128.139,0.853061,-1,-1,-1
312,85,1726.787,18.697,65.281,123.836,0.848808,-1,-1,-1
312,63,999.941,135.032,42.637,125.659,0.847458,-1,-1,-1
312,27,1152.413,0.000,35.969,79.546,0.844738,-1,-1,-1
312,20,1041.102,11.946,49.770,115.554,0.842026,-1,-1,-1
312,79,0.001,320.901,46.373,136.369,0.840708,-1,-1,-1
312,33,851.530,13.325,46.466,106.798,0.838732,-1,-1,-1
312,38,379.141,477.497,79.017,162.110,0.837638,-1,-1,-1
312,70,974.027,35.644,43.254,110.242,0.836327,-1,-1,-1
312,24,1380.715,21.361,40.917,133.577,0.835917,-1,-1,-1
312,50,1045.271,101.002,35.597,120.088,0.833585,-1,-1,-1
312,34,1215.051,0.069,33.202,75.815,0.832671,-1,-1,-1
312,55,727.239,157.273,54.374,154.040,0.816054,-1,-1,-1
312,40,333.499,454.552,69.232,160.139,0.795819,-1,-1,-1
312,56,420.935,473.638,88.220,140.128,0.788166,-1,-1,-1
312,42,1410.021,0.000,39.223,68.283,0.782800,-1,-1,-1
312,72,1115.870,5.063,28.640,76.294,0.761594,-1,-1,-1
312,23,1275.826,0.000,39.826,44.426,0.743992,-1,-1,-1
312,92,946.174,0.000,38.932,107.397,0.736640,-1,-1,-1
312,84,984.454,0.000,35.095,52.316,0.726083,-1,-1,-1
312,94,633.942,0.010,29.834,21.853,0.653957,-1,-1,-1
312,71,366.033,0.000,29.578,19.564,0.642816,-1,-1,-1
312,83,1798.481,0.000,41.693,13.322,0.482989,-1,-1,-1
312,19,1900.780,328.869,19.220,87.783,0.386196,-1,-1,-1
313,93,1847.206,136.358,68.559,135.347,0.880681,-1,-1,-1
313,9,1814.387,583.738,103.007,196.474,0.878005,-1,-1,-1
313,69,752.684,471.879,69.419,156.970,0.877776,-1,-1,-1
313,14,1622.638,57.016,67.857,128.717,0.875162,-1,-1,-1
313,60,936.524,128.904,56.428,141.705,0.875069,-1,-1,-1
313,91,1432.961,910.993,95.290,168.929,0.871818,-1,-1,-1
313,54,1263.126,57.530,51.675,130.783,0.869847,-1,-1,-1
313,81,1536.467,696.104,80.596,183.876,0.869655,-1,-1,-1
313,13,1262.547,962.514,92.836,117.417,0.866198,-1,-1,-1
313,49,35.628,125.815,58.820,122.749,0.864431,-1,-1,-1
313,77,1068.616,684.725,82.585,184.129,0.862409,-1,-1,-1
313,22,927.721,556.104,64.456,187.806,0.860820,-1,-1,-1
313,87,0.000,623.941,89.119,185.818,0.858255,-1,-1,-1
313,86,1833.413,74.009,61.671,135.261,0.853449,-1,-1,-1
313,82,1804.123,9.926,55.276,127.248,0.853121,-1,-1,-1
313,43,142.139,214.156,76.129,144.839,0.852775,-1,-1,-1
313,63,1000.275,136.832,42.823,125.607,0.847758,-1,-1,-1
313,20,1040.864,10.718,49.882,114.724,0.844683,-1,-1,-1
313,27,1152.440,0.000,36.172,79.553,0.843258,-1,-1,-1
313,85,1725.805,17.839,64.340,123.727,0.843253,-1,-1,-1
313,38,385.617,478.046,72.641,161.715,0.842671,-1,-1,-1
313,78,1674.882,50.123,47.568,126.105,0.838803,-1,-1,-1
313,24,1380.646,21.718,39.537,133.078,0.837783,-1,-1,-1
313,79,0.000,322.599,46.504,141.440,0.833466,-1,-1,-1
313,34,1215.065,0.070,33.103,75.824,0.831950,-1,-1,-1
313,50,1045.554,100.412,35.636,120.790,0.830348,-1,-1,-1
313,55,728.018,155.515,54.543,155.269,0.828096,-1,-1,-1
313,70,976.214,36.410,42.283,111.464,0.827357,-1,-1,-1
313,40,333.682,454.139,67.974,160.495,0.815631,-1,-1,-1
313,33,853.178,12.653,45.682,113.982,0.813480,-1,-1,-1
313,42,1408.987,0.000,39.430,68.238,0.787993,-1,-1,-1
313,72,1115.965,4.548,28.405,76.483,0.765153,-1,-1,-1
313,56,420.950,474.328,88.053,139.864,0.757315,-1,-1,-1
313,92,947.031,0.201,38.077,108.349,0.731459,-1,-1,-1
313,84,983.874,0.000,36.173,56.947,0.710133,-1,-1,-1
313,71,368.098,0.000,35.518,18.241,0.685624,-1,-1,-1
313,23,1274.546,0.000,39.684,42.785,0.682190,-1,-1,-1
313,94,633.169,0.000,31.019,23.829,0.669507,-1,-1,-1
313,83,1798.455,0.000,41.011,12.712,0.474076,-1,-1,-1
313,19,1902.857,323.247,17.143,96.267,0.210086,-1,-1,-1
314,69,753.017,466.718,70.160,162.216,0.882419,-1,-1,-1
314,77,1067.044,675.739,79.146,177.675,0.882045,-1,-1,-1
314,91,1431.855,901.200,95.075,178.622,0.881657,-1,-1,-1
314,82,1794.569,8.471,61.756,128.412,0.878652,-1,-1,-1
314,14,1617.896,53.943,67.898,129.699,0.876238,-1,-1,-1
314,81,1534.753,688.474,84.590,187.396,0.874973,-1,-1,-1
314,60,937.714,130.261,58.035,140.619,0.873573,-1,-1,-1
314,9,1815.371,589.425,104.629,193.185,0.872828,-1,-1,-1
314,49,35.510,126.010,59.097,124.043,0.867460,-1,-1,-1
314,54,1265.242,53.483,50.682,126.849,0.866202,-1,-1,-1
314,87,0.187,627.481,88.727,182.967,0.863825,-1,-1,-1
314,86,1833.744,71.647,59.278,135.573,0.858452,-1,-1,-1
314,85,1724.563,15.847,61.868,124.858,0.853741,-1,-1,-1
314,43,141.226,218.066,76.137,148.067,0.852977,-1,-1,-1
314,22,928.468,561.574,65.195,186.648,0.851997,-1,-1,-1
314,63,999.513,138.946,43.264,124.307,0.848132,-1,-1,-1
314,20,1039.873,8.684,50.653,114.905,0.846517,-1,-1,-1
314,27,1152.466,0.000,36.086,79.298,0.841276,-1,-1,-1
314,93,1841.079,133.364,75.345,135.858,0.840729,-1,-1,-1
314,40,333.722,454.445,67.233,159.836,0.836053,-1,-1,-1
314,24,1381.010,21.356,40.062,133.369,0.835848,-1,-1,-1
314,38,386.302,473.426,97.635,166.147,0.835550,-1,-1,-1
314,79,0.000,334.899,45.386,140.189,0.833311,-1,-1,-1
314,34,1215.139,0.040,32.876,75.509,0.831738,-1,-1,-1
314,55,731.027,151.001,55.485,154.188,0.831507,-1,-1,-1
314,50,1046.445,98.456,35.124,122.010,0.828251,-1,-1,-1
314,13,1264.466,972.062,101.064,107.938,0.825529,-1,-1,-1
314,33,859.188,11.069,39.186,104.840,0.809095,-1,-1,-1
314,78,1675.204,45.912,42.046,127.228,0.807211,-1,-1,-1
314,70,976.359,38.889,43.856,113.993,0.791032,-1,-1,-1
314,72,1116.103,3.823,28.744,77.276,0.763700,-1,-1,-1
314,42,1407.258,0.000,40.056,69.686,0.763357,-1,-1,-1
314,23,1276.561,0.039,35.129,36.414,0.712940,-1,-1,-1
314,56,421.139,473.724,87.891,140.419,0.696255,-1,-1,-1
314,84,983.573,0.000,36.075,57.278,0.645479,-1,-1,-1
314,94,635.256,0.028,29.920,29.269,0.628807,-1,-1,-1
314,92,946.701,1.041,37.573,112.607,0.627187,-1,-1,-1
314,71,365.664,0.014,54.870,16.290,0.623424,-1,-1,-1
314,83,1798.643,0.000,40.819,12.703,0.468340,-1,-1,-1
315,93,1839.882,131.641,79.107,136.759,0.904535,-1,-1,-1
315,9,1817.753,592.430,102.247,190.078,0.884075,-1,-1,-1
315,82,1789.806,7.945,65.176,128.352,0.882420,-1,-1,-1
315,69,753.848,464.938,69.273,163.252,0.882052,-1,-1,-1
315,91,1430.398,896.593,95.798,183.229,0.880245,-1,-1,-1
315,14,1617.698,52.578,64.407,129.661,0.878695,-1,-1,-1
315,60,938.245,130.903,58.676,139.931,0.874262,-1,-1,-1
315,87,0.259,629.250,95.115,182.110,0.873681,-1,-1,-1
315,77,1066.232,672.376,77.242,176.589,0.870002,-1,-1,-1
315,81,1534.212,685.238,90.145,190.572,0.868871,-1,-1,-1
315,49,34.595,126.428,59.986,124.061,0.865701,-1,-1,-1
315,54,1267.075,51.844,49.545,127.639,0.864455,-1,-1,-1
315,22,928.319,563.991,65.677,185.068,0.862277,-1,-1,-1
315,85,1724.390,14.216,60.189,125.821,0.856070,-1,-1,-1
315,43,140.752,220.023,69.016,147.908,0.851867,-1,-1,-1
315,63,999.482,140.616,43.594,122.480,0.850598,-1,-1,-1
315,20,1039.636,8.193,50.568,112.548,0.849010,-1,-1,-1
315,86,1831.947,69.341,60.707,136.458,0.845222,-1,-1,-1
315,38,386.480,473.144,98.726,166.360,0.843892,-1,-1,-1
315,27,1152.021,0.000,36.802,79.291,0.839176,-1,-1,-1
315,55,732.780,148.487,55.972,153.646,0.838425,-1,-1,-1
315,79,0.014,337.267,44.877,141.302,0.835919,-1,-1,-1
315,40,333.934,454.239,67.438,159.880,0.834173,-1,-1,-1
315,24,1380.834,21.287,40.234,133.473,0.833746,-1,-1,-1
315,13,1263.895,977.807,100.583,102.193,0.833352,-1,-1,-1
315,34,1215.110,0.064,33.144,75.517,0.831470,-1,-1,-1
315,50,1046.957,97.618,35.785,121.219,0.829009,-1,-1,-1
315,78,1672.984,45.594,42.053,122.072,0.818760,-1,-1,-1
315,33,863.676,10.690,34.873,102.911,0.794592,-1,-1,-1
315,42,1406.430,0.000,40.736,69.627,0.775168,-1,-1,-1
315,72,1115.879,3.895,28.940,77.159,0.771115,-1,-1,-1
315,70,975.925,39.180,44.712,117.238,0.759535,-1,-1,-1
315,92,946.422,2.308,39.906,110.832,0.747232,-1,-1,-1
315,23,1279.490,0.000,31.897,34.025,0.705523,-1,-1,-1
315,56,425.731,476.811,83.825,138.013,0.655135,-1,-1,-1
315,71,359.750,0.018,66.123,16.258,0.599273,-1,-1,-1
315,94,635.033,0.040,30.206,31.739,0.595783,-1,-1,-1
315,84,983.412,0.018,35.929,57.625,0.592596,-1,-1,-1
315,83,1798.457,0.000,40.466,12.450,0.448968,-1,-1,-1
315,96,919.945,0.000,31.560,16.140,0.401163,-1,-1,-1
316,93,1839.705,129.423,77.631,136.371,0.898170,-1,-1,-1
316,9,1820.147,594.421,99.853,187.720,0.889440,-1,-1,-1
316,91,1429.160,893.015,96.282,186.832,0.877373,-1,-1,-1
316,69,754.202,463.569,68.857,164.417,0.876396,-1,-1,-1
316,60,938.436,131.970,59.434,138.968,0.874668,-1,-1,-1
316,82,1786.629,7.343,66.921,129.078,0.874220,-1,-1,-1
316,14,1617.755,51.705,61.879,130.157,0.874012,-1,-1,-1
316,22,927.676,566.363,66.964,182.793,0.873232,-1,-1,-1
316,81,1533.512,681.504,93.455,193.837,0.872837,-1,-1,-1
316,87,3.367,632.311,100.803,178.438,0.864711,-1,-1,-1
316,49,33.318,127.080,61.291,123.670,0.864236,-1,-1,-1
316,85,1724.516,12.692,58.590,124.457,0.863895,-1,-1,-1
316,54,1268.133,50.598,48.554,128.372,0.857942,-1,-1,-1
316,43,139.713,222.442,69.743,147.462,0.857497,-1,-1,-1
316,13,1264.134,983.982,97.141,96.018,0.854696,-1,-1,-1
316,20,1039.625,7.896,50.776,110.851,0.851975,-1,-1,-1
316,77,1065.842,669.209,74.992,180.873,0.851038,-1,-1,-1
316,63,999.389,141.447,43.309,121.650,0.848304,-1,-1,-1
316,38,386.304,472.500,95.319,166.885,0.847743,-1,-1,-1
316,40,333.945,454.091,66.923,160.202,0.838264,-1,-1,-1
316,27,1152.025,0.000,36.681,79.085,0.838208,-1,-1,-1
316,79,0.003,333.711,44.913,147.171,0.835023,-1,-1,-1
316,55,733.986,146.339,56.815,150.498,0.835008,-1,-1,-1
316,86,1830.210,67.651,61.913,134.835,0.832449,-1,-1,-1
316,34,1215.237,0.053,32.700,75.243,0.831847,-1,-1,-1
316,50,1047.653,95.460,34.969,121.394,0.827080,-1,-1,-1
316,78,1670.730,44.449,42.546,119.601,0.817634,-1,-1,-1
316,72,1116.165,3.457,28.070,77.051,0.776445,-1,-1,-1
316,70,977.381,40.415,43.904,117.670,0.770625,-1,-1,-1
316,24,1381.283,20.858,50.735,133.641,0.769745,-1,-1,-1
316,42,1404.984,0.000,38.919,66.241,0.768621,-1,-1,-1
316,33,869.529,10.518,33.656,102.759,0.759992,-1,-1,-1
316,92,944.651,1.174,41.691,111.893,0.741668,-1,-1,-1
316,84,984.078,0.000,34.598,62.547,0.730620,-1,-1,-1
316,56,421.896,472.435,86.125,140.950,0.724527,-1,-1,-1
316,23,1282.128,0.042,26.900,32.119,0.682552,-1,-1,-1
316,94,634.586,0.042,30.127,33.040,0.564005,-1,-1,-1
316,83,1798.677,0.000,40.867,12.341,0.437473,-1,-1,-1
316,71,363.370,0.083,65.709,15.358,0.422254,-1,-1,-1
316,96,920.719,0.000,30.958,16.034,0.421723,-1,-1,-1
317,9,1823.088,597.716,96.911,184.431,0.890898,-1,-1,-1
317,93,1839.206,127.203,74.535,135.024,0.884790,-1,-1,-1
317,91,1429.607,889.996,94.288,189.006,0.879498,-1,-1,-1
317,69,754.352,461.412,68.428,166.156,0.878681,-1,-1,-1
317,81,1533.894,679.547,93.433,194.856,0.876759,-1,-1,-1
317,60,938.148,132.772,59.889,138.183,0.872327,-1,-1,-1
317,22,927.552,568.931,68.104,180.137,0.870572,-1,-1,-1
317,87,5.249,634.937,107.425,178.224,0.867521,-1,-1,-1
317,54,1267.293,49.837,50.058,129.636,0.867244,-1,-1,-1
317,85,1724.302,11.126,57.375,124.242,0.866970,-1,-1,-1
317,49,33.027,127.471,61.666,123.731,0.866748,-1,-1,-1
317,82,1785.117,6.897,67.145,129.834,0.866630,-1,-1,-1
317,14,1617.541,49.927,59.997,128.919,0.866475,-1,-1,-1
317,43,139.279,224.827,69.376,148.859,0.854621,-1,-1,-1
317,63,999.404,142.159,43.403,120.940,0.850068,-1,-1,-1
317,77,1057.770,666.773,80.423,182.637,0.847683,-1,-1,-1
317,20,1039.320,7.316,50.364,112.073,0.844420,-1,-1,-1
317,13,1264.115,990.982,100.329,89.018,0.844023,-1,-1,-1
317,38,384.568,472.300,94.988,166.994,0.843215,-1,-1,-1
317,79,0.009,335.068,44.732,148.079,0.839114,-1,-1,-1
317,27,1152.024,0.000,36.707,79.128,0.837543,-1,-1,-1
317,40,334.158,454.168,67.044,159.832,0.835700,-1,-1,-1
317,86,1828.304,65.500,63.160,134.493,0.835542,-1,-1,-1
317,34,1215.247,0.024,32.612,75.284,0.833394,-1,-1,-1
317,50,1048.013,92.588,35.743,122.025,0.833008,-1,-1,-1
317,55,734.212,144.086,58.938,148.036,0.830500,-1,-1,-1
317,24,1381.387,0.000,59.648,154.398,0.822425,-1,-1,-1
317,78,1668.252,42.767,43.270,120.224,0.811766,-1,-1,-1
317,72,1115.930,3.109,29.240,78.078,0.780838,-1,-1,-1
317,92,945.688,0.838,41.021,112.155,0.749391,-1,-1,-1
317,33,874.773,10.074,40.202,104.697,0.746895,-1,-1,-1
317,70,982.606,40.230,39.229,118.363,0.725524,-1,-1,-1
317,56,421.655,472.497,86.089,140.799,0.712524,-1,-1,-1
317,84,983.432,0.000,35.373,62.486,0.652894,-1,-1,-1
317,23,1281.173,0.056,31.462,31.681,0.649647,-1,-1,-1
317,94,634.977,0.021,29.162,34.369,0.540020,-1,-1,-1
317,71,364.551,0.035,66.879,15.752,0.471484,-1,-1,-1
317,83,1798.745,0.000,41.254,12.231,0.434785,-1,-1,-1
317,97,364.362,0.000,28.374,16.254,0.429051,-1,-1,-1
317,96,920.231,0.000,31.589,16.018,0.407523,-1,-1,-1
318,69,754.769,458.565,67.878,167.932,0.883937,-1,-1,-1
318,93,1839.617,124.143,69.592,131.861,0.881020,-1,-1,-1
318,9,1827.069,599.068,92.931,183.395,0.875534,-1,-1,-1
318,81,1533.817,677.468,94.240,195.870,0.875385,-1,-1,-1
318,91,1429.514,886.090,93.402,193.862,0.874292,-1,-1,-1
318,49,31.508,127.780,63.433,123.679,0.869972,-1,-1,-1
318,22,927.227,570.776,69.834,176.364,0.867892,-1,-1,-1
318,54,1267.830,49.024,49.711,130.838,0.864737,-1,-1,-1
318,60,937.572,133.476,60.008,137.495,0.862222,-1,-1,-1
318,77,1054.187,664.720,80.916,184.841,0.861838,-1,-1,-1
318,85,1723.688,8.835,57.247,123.126,0.861372,-1,-1,-1
318,82,1783.377,6.429,67.120,129.487,0.859478,-1,-1,-1
318,55,735.634,141.524,59.219,145.295,0.859470,-1,-1,-1
318,14,1617.544,47.878,57.003,126.606,0.858817,-1,-1,-1
318,87,8.912,637.388,113.209,182.950,0.855726,-1,-1,-1
318,43,138.633,225.461,69.755,149.907,0.852381,-1,-1,-1
318,20,1039.577,6.159,49.672,110.714,0.851287,-1,-1,-1
318,63,999.278,142.829,44.224,120.035,0.846627,-1,-1,-1
318,86,1826.658,62.983,64.349,133.353,0.843959,-1,-1,-1
318,38,383.167,475.860,75.198,163.283,0.841093,-1,-1,-1
318,50,1048.614,91.069,35.945,119.899,0.840261,-1,-1,-1
318,27,1152.000,0.010,37.098,79.122,0.834339,-1,-1,-1
318,13,1262.354,997.793,102.610,82.207,0.833370,-1,-1,-1
318,79,0.000,329.001,45.307,155.823,0.833297,-1,-1,-1
318,40,334.113,453.995,67.376,160.384,0.832872,-1,-1,-1
318,34,1215.610,0.009,32.318,75.038,0.829937,-1,-1,-1
318,24,1380.646,0.102,59.511,154.583,0.822948,-1,-1,-1
318,78,1653.097,42.263,56.738,128.354,0.819122,-1,-1,-1
318,72,1116.360,3.037,28.629,78.154,0.782157,-1,-1,-1
318,56,422.199,472.538,86.171,140.987,0.769531,-1,-1,-1
318,84,983.479,0.000,34.322,67.846,0.752913,-1,-1,-1
318,70,980.619,43.830,42.095,115.935,0.742980,-1,-1,-1
318,92,945.639,1.775,39.800,111.328,0.734017,-1,-1,-1
318,33,880.197,9.954,32.361,104.353,0.726341,-1,-1,-1
318,23,1279.777,0.042,33.375,30.994,0.698962,-1,-1,-1
318,96,919.821,0.000,30.314,16.176,0.443228,-1,-1,-1
318,71,361.207,0.000,72.087,15.518,0.424688,-1,-1,-1
318,83,1798.941,0.025,38.840,12.414,0.420002,-1,-1,-1
319,69,754.763,452.780,68.888,167.938,0.886288,-1,-1,-1
319,81,1534.556,670.422,94.915,197.887,0.872824,-1,-1,-1
319,22,926.474,576.233,73.221,171.278,0.870297,-1,-1,-1
319,91,1430.156,879.071,91.713,200.894,0.870048,-1,-1,-1
319,49,30.340,128.921,64.599,123.606,0.867505,-1,-1,-1
319,54,1268.833,47.327,49.096,133.308,0.866528,-1,-1,-1
319,55,736.517,138.369,61.065,141.560,0.863558,-1,-1,-1
319,14,1617.242,44.732,53.009,125.319,0.859924,-1,-1,-1
319,60,934.460,134.928,64.776,135.988,0.859698,-1,-1,-1
319,87,14.239,643.036,118.167,186.384,0.859589,-1,-1,-1
319,82,1781.884,0.034,64.603,135.463,0.858656,-1,-1,-1
319,63,1000.669,144.373,44.670,118.292,0.852358,-1,-1,-1
319,85,1721.517,5.715,56.988,120.179,0.849055,-1,-1,-1
319,9,1835.378,599.168,84.622,183.411,0.847245,-1,-1,-1
319,20,1040.083,2.860,48.076,110.128,0.844776,-1,-1,-1
319,24,1380.992,21.125,51.972,133.573,0.844526,-1,-1,-1
319,43,137.982,228.070,71.612,148.186,0.844401,-1,-1,-1
319,38,382.070,471.532,94.468,167.525,0.842767,-1,-1,-1
319,93,1835.955,119.203,57.697,128.795,0.842126,-1,-1,-1
319,79,0.000,333.343,45.171,152.324,0.840990,-1,-1,-1
319,50,1049.420,87.179,36.177,114.972,0.838651,-1,-1,-1
319,77,1047.097,659.144,83.122,184.979,0.836493,-1,-1,-1
319,86,1822.525,58.636,66.418,128.406,0.835945,-1,-1,-1
319,27,1152.000,0.000,37.131,78.733,0.835404,-1,-1,-1
319,40,334.193,453.455,67.902,160.336,0.831030,-1,-1,-1
319,78,1651.687,40.662,53.769,120.513,0.828853,-1,-1,-1
319,34,1215.721,0.000,32.231,75.028,0.827543,-1,-1,-1
319,33,880.821,9.951,35.692,102.393,0.824631,-1,-1,-1
319,70,979.047,46.949,45.036,116.034,0.813261,-1,-1,-1
319,13,1259.647,1011.266,107.261,68.731,0.811266,-1,-1,-1
319,92,946.492,0.450,39.833,112.663,0.806023,-1,-1,-1
319,84,983.363,0.000,34.148,67.933,0.796727,-1,-1,-1
319,42,1400.926,0.100,39.565,53.653,0.765582,-1,-1,-1
319,72,1116.241,2.766,29.087,78.329,0.758601,-1,-1,-1
319,23,1279.533,0.011,33.439,31.135,0.677676,-1,-1,-1
319,56,422.298,470.246,86.740,143.996,0.567903,-1,-1,-1
319,71,368.093,0.000,66.089,15.085,0.457909,-1,-1,-1
319,96,919.383,0.000,31.688,15.974,0.429291,-1,-1,-1
320,69,754.787,449.735,69.213,167.487,0.886500,-1,-1,-1
320,91,1430.739,875.190,91.156,202.222,0.873841,-1,-1,-1
320,22,927.370,579.411,73.723,167.689,0.868893,-1,-1,-1
320,86,1821.368,56.467,67.032,188.653,0.866211,-1,-1,-1
320,49,28.558,129.030,66.173,123.581,0.865416,-1,-1,-1
320,87,20.708,646.529,113.340,184.953,0.865155,-1,-1,-1
320,54,1270.578,46.686,47.900,130.634,0.864857,-1,-1,-1
320,81,1531.806,665.635,98.733,198.761,0.862055,-1,-1,-1
320,82,1781.065,3.580,63.266,130.853,0.861329,-1,-1,-1
320,14,1615.970,43.287,51.755,126.072,0.857772,-1,-1,-1
320,60,932.088,136.043,66.663,137.374,0.854155,-1,-1,-1
320,85,1721.010,5.099,56.036,120.179,0.849418,-1,-1,-1
320,63,1000.883,145.268,44.870,121.026,0.847655,-1,-1,-1
320,79,0.000,332.707,45.497,153.066,0.847313,-1,-1,-1
320,43,137.657,229.154,70.572,147.333,0.846897,-1,-1,-1
320,24,1381.327,21.345,50.901,133.285,0.846030,-1,-1,-1
320,38,382.422,471.977,95.739,166.851,0.842572,-1,-1,-1
320,50,1049.895,85.474,36.207,113.401,0.841394,-1,-1,-1
320,55,735.622,137.552,61.938,142.486,0.840592,-1,-1,-1
320,20,1040.284,1.240,47.410,113.591,0.836933,-1,-1,-1
320,27,1152.032,0.000,36.917,78.626,0.834020,-1,-1,-1
320,40,334.129,453.298,67.822,160.439,0.832570,-1,-1,-1
320,77,1044.494,656.883,82.700,165.970,0.826857,-1,-1,-1
320,34,1215.773,0.000,32.120,74.843,0.825157,-1,-1,-1
320,70,977.059,45.317,47.386,118.231,0.822472,-1,-1,-1
320,78,1643.354,39.853,59.353,121.631,0.820421,-1,-1,-1
320,33,881.149,10.337,39.491,103.105,0.817581,-1,-1,-1
320,92,945.909,0.573,40.597,112.107,0.811070,-1,-1,-1
320,9,1838.618,600.181,81.359,183.005,0.793440,-1,-1,-1
320,72,1116.275,2.611,29.399,77.893,0.778674,-1,-1,-1
320,84,983.328,0.059,34.374,67.486,0.773627,-1,-1,-1
320,42,1401.278,0.034,37.633,51.906,0.771934,-1,-1,-1
320,13,1260.794,1017.565,112.801,62.396,0.738403,-1,-1,-1
320,23,1278.885,0.000,33.992,31.198,0.658978,-1,-1,-1
320,94,634.806,0.012,29.390,36.793,0.584228,-1,-1,-1
320,56,428.090,473.306,81.496,140.905,0.541020,-1,-1,-1
320,71,372.742,0.000,60.086,14.762,0.481935,-1,-1,-1
320,96,919.802,0.000,31.237,15.918,0.421531,-1,-1,-1
321,69,754.599,446.226,70.008,166.218,0.881390,-1,-1,-1
321,86,1818.144,54.752,69.281,190.019,0.874413,-1,-1,-1
321,22,927.561,582.300,76.617,176.101,0.870685,-1,-1,-1
321,81,1535.329,660.875,95.513,196.997,0.869352,-1,-1,-1
321,49,25.486,128.927,68.899,123.153,0.867874,-1,-1,-1
321,54,1272.119,45.038,46.923,129.688,0.866889,-1,-1,-1
321,82,1780.235,2.056,62.425,130.688,0.863216,-1,-1,-1
321,87,20.484,650.546,114.123,182.893,0.855575,-1,-1,-1
321,60,929.802,137.812,69.600,141.300,0.854079,-1,-1,-1
321,14,1612.529,42.126,52.625,125.092,0.851321,-1,-1,-1
321,33,881.288,10.440,46.555,101.593,0.849151,-1,-1,-1
321,43,137.321,230.047,70.916,146.395,0.846621,-1,-1,-1
321,63,1000.886,146.706,46.415,123.485,0.845255,-1,-1,-1
321,27,1152.454,0.000,36.657,78.216,0.845020,-1,-1,-1
321,85,1718.324,3.940,57.647,121.046,0.843498,-1,-1,-1
321,50,1050.320,83.763,36.540,114.055,0.843468,-1,-1,-1
321,38,382.300,470.940,92.048,167.545,0.842581,-1,-1,-1
321,24,1381.259,21.914,49.147,132.775,0.839014,-1,-1,-1
321,79,0.000,333.479,45.607,151.877,0.838610,-1,-1,-1
321,55,735.600,135.387,61.411,143.774,0.837362,-1,-1,-1
321,91,1415.529,869.860,115.131,210.051,0.835683,-1,-1,-1
321,40,334.169,453.013,68.345,159.693,0.831614,-1,-1,-1
321,20,1040.011,0.340,47.663,112.190,0.831540,-1,-1,-1
321,78,1642.112,39.313,58.621,121.564,0.830576,-1,-1,-1
321,34,1215.636,0.000,32.398,74.980,0.824912,-1,-1,-1
321,92,945.693,0.618,40.773,111.919,0.812734,-1,-1,-1
321,9,1839.617,601.913,80.383,187.945,0.796539,-1,-1,-1
321,70,979.032,44.717,46.022,118.456,0.795938,-1,-1,-1
321,72,1116.961,2.028,27.967,78.185,0.778496,-1,-1,-1
321,84,983.185,0.000,34.271,69.337,0.775599,-1,-1,-1
321,42,1401.379,0.009,36.508,49.727,0.767055,-1,-1,-1
321,77,1048.219,650.156,76.412,196.041,0.740790,-1,-1,-1
321,13,1265.403,1023.502,109.391,56.404,0.707320,-1,-1,-1
321,23,1279.527,0.000,33.828,30.613,0.666274,-1,-1,-1
321,94,635.264,0.013,28.966,36.469,0.607993,-1,-1,-1
321,56,434.904,473.747,74.618,140.138,0.571119,-1,-1,-1
321,71,389.348,0.000,43.230,14.455,0.474770,-1,-1,-1
321,96,920.520,0.000,29.266,15.370,0.415937,-1,-1,-1
322,69,754.803,442.600,70.288,162.096,0.883979,-1,-1,-1
322,22,928.872,586.172,76.020,183.344,0.872921,-1,-1,-1
322,93,1817.462,115.041,67.659,127.724,0.872746,-1,-1,-1
322,60,928.499,138.946,71.264,143.532,0.869319,-1,-1,-1
322,87,25.021,652.334,110.852,186.650,0.868862,-1,-1,-1
322,49,25.563,129.035,68.638,123.002,0.866441,-1,-1,-1
322,54,1273.424,42.451,46.790,130.852,0.865717,-1,-1,-1
322,81,1536.864,655.721,93.379,194.027,0.862080,-1,-1,-1
322,33,881.758,10.493,50.196,101.300,0.861304,-1,-1,-1
322,82,1780.056,1.280,60.760,128.909,0.857225,-1,-1,-1
322,14,1603.250,41.283,58.921,124.757,0.855108,-1,-1,-1
322,86,1813.288,53.767,73.166,124.465,0.853672,-1,-1,-1
322,85,1716.418,2.947,58.271,120.629,0.852575,-1,-1,-1
322,43,136.874,230.899,70.918,145.575,0.849204,-1,-1,-1
322,20,1039.998,0.060,47.167,112.626,0.846932,-1,-1,-1
322,55,732.487,133.715,63.441,145.020,0.846754,-1,-1,-1
322,63,1001.308,148.252,46.191,125.073,0.844884,-1,-1,-1
322,27,1152.490,0.000,36.668,77.874,0.843291,-1,-1,-1
322,24,1381.310,22.588,47.950,131.949,0.842804,-1,-1,-1
322,50,1050.442,81.815,36.025,114.965,0.841460,-1,-1,-1
322,77,1044.648,650.153,77.593,193.109,0.840558,-1,-1,-1
322,38,382.477,471.044,93.003,167.488,0.840314,-1,-1,-1
322,40,334.649,452.729,68.278,159.825,0.831062,-1,-1,-1
322,79,0.000,331.020,46.973,153.964,0.830481,-1,-1,-1
322,34,1215.676,0.000,32.456,74.862,0.825459,-1,-1,-1
322,92,945.457,1.059,41.069,111.958,0.818138,-1,-1,-1
322,78,1641.251,38.554,56.119,121.848,0.811481,-1,-1,-1
322,91,1431.941,864.527,90.176,194.934,0.800164,-1,-1,-1
322,84,983.469,0.000,34.051,66.929,0.784736,-1,-1,-1
322,72,1116.892,1.725,28.419,78.325,0.784562,-1,-1,-1
322,70,985.357,44.090,40.084,119.882,0.779818,-1,-1,-1
322,42,1403.673,0.000,32.837,48.405,0.741050,-1,-1,-1
322,9,1841.328,590.959,78.651,212.442,0.708129,-1,-1,-1
322,13,1266.383,1028.466,111.156,51.457,0.684657,-1,-1,-1
322,94,636.575,0.010,28.045,36.448,0.649720,-1,-1,-1
322,23,1279.491,0.000,35.481,29.953,0.642388,-1,-1,-1
322,56,423.448,466.829,86.428,146.781,0.613727,-1,-1,-1
322,71,379.845,0.000,53.050,14.446,0.528002,-1,-1,-1
322,96,920.476,0.000,29.303,15.100,0.482997,-1,-1,-1
323,69,755.196,439.488,70.863,156.996,0.888546,-1,-1,-1
323,22,928.208,589.219,77.882,190.975,0.874238,-1,-1,-1
323,60,928.603,140.321,72.309,144.282,0.872524,-1,-1,-1
323,14,1592.569,40.503,66.776,123.880,0.870341,-1,-1,-1
323,81,1539.057,650.874,91.152,187.035,0.866886,-1,-1,-1
323,49,25.163,129.078,68.382,122.517,0.863587,-1,-1,-1
323,85,1712.521,2.035,61.407,121.857,0.863130,-1,-1,-1
323,87,26.410,653.992,110.347,187.757,0.863041,-1,-1,-1
323,86,1810.484,52.410,74.740,121.727,0.862333,-1,-1,-1
323,54,1274.656,40.207,46.790,130.833,0.860033,-1,-1,-1
323,93,1811.735,113.656,71.589,123.487,0.859676,-1,-1,-1
323,55,733.099,132.434,62.434,146.464,0.859329,-1,-1,-1
323,82,1779.743,0.475,59.598,127.848,0.858018,-1,-1,-1
323,33,882.633,10.349,51.333,102.164,0.855877,-1,-1,-1
323,43,136.387,231.319,71.511,145.239,0.854370,-1,-1,-1
323,20,1039.684,0.000,47.296,112.652,0.853908,-1,-1,-1
323,77,1044.558,645.346,75.787,193.796,0.852579,-1,-1,-1
323,63,1001.942,149.268,46.730,126.308,0.851249,-1,-1,-1
323,78,1641.489,37.267,52.972,121.754,0.846619,-1,-1,-1
323,27,1152.556,0.000,36.809,77.412,0.844534,-1,-1,-1
323,79,0.000,332.605,48.552,152.394,0.842901,-1,-1,-1
323,50,1050.212,80.369,35.909,116.346,0.839168,-1,-1,-1
323,38,381.940,470.552,93.070,167.541,0.837628,-1,-1,-1
323,24,1380.976,22.104,47.226,132.287,0.835825,-1,-1,-1
323,40,334.352,452.503,68.558,159.810,0.831392,-1,-1,-1
323,34,1215.793,0.016,32.384,74.630,0.824579,-1,-1,-1
323,91,1413.141,858.466,112.255,221.481,0.815380,-1,-1,-1
323,92,946.135,1.039,40.737,113.737,0.807997,-1,-1,-1
323,72,1117.340,1.774,28.484,77.863,0.795261,-1,-1,-1
323,9,1842.812,580.476,77.017,234.664,0.720507,-1,-1,-1
323,13,1267.934,1033.441,109.952,46.492,0.690436,-1,-1,-1
323,42,1402.729,0.012,31.250,48.695,0.667653,-1,-1,-1
323,56,448.508,475.320,61.140,137.936,0.662221,-1,-1,-1
323,94,637.318,0.033,28.249,35.652,0.659685,-1,-1,-1
323,23,1280.329,0.000,33.013,28.868,0.634632,-1,-1,-1
323,84,980.401,0.000,37.434,71.141,0.616367,-1,-1,-1
323,96,920.576,0.000,27.492,15.280,0.509187,-1,-1,-1
323,70,988.235,52.660,36.792,110.307,0.447103,-1,-1,-1
323,71,392.353,0.000,41.588,14.266,0.400611,-1,-1,-1
324,22,925.277,597.275,79.913,193.708,0.884127,-1,-1,-1
324,69,755.797,432.384,70.272,152.616,0.882711,-1,-1,-1
324,91,1430.725,846.871,91.503,180.504,0.875013,-1,-1,-1
324,14,1578.878,38.120,75.570,124.807,0.873542,-1,-1,-1
324,81,1539.358,640.376,92.184,177.599,0.873104,-1,-1,-1
324,55,735.966,130.011,58.720,147.760,0.872039,-1,-1,-1
324,87,30.682,655.526,106.335,185.830,0.869046,-1,-1,-1
324,60,929.354,143.244,71.605,144.533,0.868527,-1,-1,-1
324,86,1807.951,50.882,73.641,114.197,0.863128,-1,-1,-1
324,49,25.157,129.005,66.217,122.346,0.860898,-1,-1,-1
324,20,1038.224,0.000,47.797,107.966,0.860879,-1,-1,-1
324,54,1276.242,35.138,47.091,125.320,0.860228,-1,-1,-1
324,82,1780.510,0.135,56.246,123.594,0.857757,-1,-1,-1
324,78,1640.840,34.747,49.434,122.507,0.851847,-1,-1,-1
324,63,1003.337,151.477,45.882,127.155,0.850814,-1,-1,-1
324,43,134.365,231.861,73.180,144.412,0.849924,-1,-1,-1
324,24,1382.124,21.460,42.248,132.318,0.849377,-1,-1,-1
324,33,884.210,9.863,51.132,101.789,0.847831,-1,-1,-1
324,50,1049.125,78.340,37.171,118.317,0.845581,-1,-1,-1
324,79,0.000,334.895,54.661,149.269,0.845151,-1,-1,-1
324,93,1809.349,111.387,69.589,131.492,0.844074,-1,-1,-1
324,38,384.219,469.249,92.520,168.015,0.839018,-1,-1,-1
324,40,334.937,451.608,67.482,159.722,0.836165,-1,-1,-1
324,77,1037.975,636.776,78.663,184.283,0.833670,-1,-1,-1
324,27,1152.801,0.000,36.627,77.015,0.832553,-1,-1,-1
324,34,1216.307,0.000,32.089,74.124,0.828653,-1,-1,-1
324,70,989.670,43.755,38.491,117.629,0.808884,-1,-1,-1
324,85,1713.995,0.307,57.085,122.969,0.808388,-1,-1,-1
324,92,946.362,3.651,41.344,116.506,0.798812,-1,-1,-1
324,72,1117.404,0.876,28.404,77.872,0.779592,-1,-1,-1
324,84,984.165,0.000,34.115,63.927,0.771363,-1,-1,-1
324,9,1844.197,598.541,75.669,227.842,0.732617,-1,-1,-1
324,13,1272.074,1042.449,102.919,37.538,0.674735,-1,-1,-1
324,56,425.246,466.720,84.597,146.003,0.665093,-1,-1,-1
324,94,635.431,0.052,28.095,35.868,0.638464,-1,-1,-1
324,23,1279.431,0.000,30.520,26.654,0.615480,-1,-1,-1
324,42,1402.270,0.061,29.825,53.266,0.549521,-1,-1,-1
324,96,924.030,0.035,27.939,16.896,0.437947,-1,-1,-1
324,71,390.232,0.019,47.774,13.094,0.289378,-1,-1,-1
325,69,755.511,429.635,70.375,153.321,0.880479,-1,-1,-1
325,22,924.274,600.276,80.494,194.431,0.880043,-1,-1,-1
325,91,1431.015,841.792,90.815,172.762,0.875920,-1,-1,-1
325,14,1576.994,37.411,74.196,120.391,0.874818,-1,-1,-1
325,55,736.401,129.083,58.334,148.023,0.873673,-1,-1,-1
325,81,1540.621,635.811,91.296,179.086,0.870946,-1,-1,-1
325,54,1276.600,32.330,47.213,123.930,0.864675,-1,-1,-1
325,20,1037.748,0.000,47.702,105.580,0.863888,-1,-1,-1
325,86,1808.003,49.639,71.528,113.422,0.862357,-1,-1,-1
325,93,1810.093,110.454,67.344,129.374,0.861484,-1,-1,-1
325,49,24.656,128.980,65.588,122.034,0.859964,-1,-1,-1
325,77,1032.650,632.333,79.965,177.051,0.858596,-1,-1,-1
325,60,931.022,144.699,70.072,144.352,0.858524,-1,-1,-1
325,87,37.787,656.042,99.794,185.650,0.856842,-1,-1,-1
325,82,1780.760,0.000,55.330,120.433,0.856167,-1,-1,-1
325,79,0.000,334.449,59.876,150.490,0.853782,-1,-1,-1
325,24,1382.302,21.149,40.219,132.225,0.849569,-1,-1,-1
325,63,1003.466,152.326,46.153,126.804,0.848246,-1,-1,-1
325,43,133.836,232.682,74.035,142.908,0.847489,-1,-1,-1
325,40,335.158,451.645,67.302,159.360,0.840759,-1,-1,-1
325,33,885.980,9.199,49.945,101.181,0.838256,-1,-1,-1
325,38,385.284,468.945,92.762,168.110,0.832287,-1,-1,-1
325,50,1049.690,77.409,36.953,118.756,0.832267,-1,-1,-1
325,27,1152.990,0.000,36.674,76.394,0.830983,-1,-1,-1
325,78,1640.078,32.953,47.561,122.470,0.825468,-1,-1,-1
325,34,1216.441,0.000,31.996,73.648,0.824343,-1,-1,-1
325,85,1706.231,0.000,62.940,123.379,0.807386,-1,-1,-1
325,92,946.911,4.670,40.733,116.785,0.803582,-1,-1,-1
325,70,990.887,45.650,38.332,115.259,0.800233,-1,-1,-1
325,84,984.499,0.000,33.678,61.864,0.793772,-1,-1,-1
325,9,1844.988,609.241,74.956,220.064,0.790254,-1,-1,-1
325,100,1403.467,1009.697,114.135,70.303,0.785426,-1,-1,-1
325,72,1117.327,0.778,28.960,77.669,0.779212,-1,-1,-1
325,56,440.403,473.285,69.008,139.193,0.689823,-1,-1,-1
325,99,1149.892,1032.740,85.735,47.210,0.658981,-1,-1,-1
325,94,633.919,0.004,29.699,38.556,0.654140,-1,-1,-1
325,23,1279.560,0.000,29.650,24.845,0.617567,-1,-1,-1
325,13,1281.726,1047.755,96.677,32.185,0.585456,-1,-1,-1
325,42,1404.400,0.000,27.308,51.448,0.566606,-1,-1,-1
325,98,1887.517,348.279,32.483,108.657,0.511164,-1,-1,-1
325,96,924.510,0.015,27.472,18.722,0.469505,-1,-1,-1
325,71,405.255,0.046,41.100,11.740,0.376277,-1,-1,-1
326,69,755.864,426.297,68.382,155.133,0.882749,-1,-1,-1
326,22,926.116,603.922,78.938,194.627,0.881924,-1,-1,-1
326,91,1431.039,836.037,90.646,172.564,0.875595,-1,-1,-1
326,81,1540.824,631.515,91.266,183.148,0.873004,-1,-1,-1
326,14,1575.364,37.613,73.038,119.770,0.870767,-1,-1,-1
326,20,1037.485,0.000,47.613,101.566,0.868786,-1,-1,-1
326,54,1276.558,29.649,47.865,124.784,0.868513,-1,-1,-1
326,55,737.585,127.768,56.922,148.910,0.867654,-1,-1,-1
326,60,929.174,146.428,72.037,144.312,0.864703,-1,-1,-1
326,87,38.560,657.587,98.640,183.088,0.863473,-1,-1,-1
326,77,1025.857,627.967,81.239,171.004,0.862849,-1,-1,-1
326,86,1807.946,48.352,69.973,114.531,0.862456,-1,-1,-1
326,85,1701.634,0.000,66.420,122.615,0.861909,-1,-1,-1
326,49,24.571,128.941,64.378,121.981,0.857282,-1,-1,-1
326,82,1780.396,0.000,54.799,120.363,0.855164,-1,-1,-1
326,63,1004.498,153.088,45.373,126.054,0.849415,-1,-1,-1
326,79,0.000,337.714,63.370,151.632,0.848276,-1,-1,-1
326,24,1382.398,20.846,39.442,132.215,0.844672,-1,-1,-1
326,43,133.278,233.395,74.302,142.354,0.844346,-1,-1,-1
326,27,1152.841,0.001,36.728,76.199,0.840730,-1,-1,-1
326,38,386.289,468.295,98.347,168.747,0.836152,-1,-1,-1
326,40,335.370,450.843,67.508,159.711,0.834592,-1,-1,-1
326,50,1049.949,76.397,36.454,118.901,0.834168,-1,-1,-1
326,33,888.050,8.542,50.061,101.442,0.834082,-1,-1,-1
326,93,1810.835,108.683,64.027,119.126,0.828740,-1,-1,-1
326,78,1638.815,31.956,46.652,119.548,0.827170,-1,-1,-1
326,34,1216.558,0.000,32.102,73.203,0.824800,-1,-1,-1
326,70,991.670,46.280,38.665,114.865,0.819793,-1,-1,-1
326,92,947.717,5.827,40.405,116.625,0.815234,-1,-1,-1
326,84,984.588,0.006,33.838,61.032,0.808629,-1,-1,-1
326,100,1405.314,1003.703,108.366,76.273,0.801919,-1,-1,-1
326,72,1118.149,0.465,28.932,77.555,0.789567,-1,-1,-1
326,9,1845.244,596.991,74.660,234.026,0.771062,-1,-1,-1
326,56,441.184,470.919,68.440,141.060,0.709618,-1,-1,-1
326,99,1148.287,1027.584,86.454,52.374,0.671593,-1,-1,-1
326,94,634.517,0.000,29.509,41.790,0.664023,-1,-1,-1
326,98,1885.687,336.990,34.313,119.443,0.647313,-1,-1,-1
326,23,1280.229,0.000,28.201,21.696,0.620716,-1,-1,-1
326,96,924.429,0.000,27.229,20.425,0.530512,-1,-1,-1
326,42,1400.167,0.033,34.854,44.055,0.319241,-1,-1,-1
326,71,406.817,0.003,48.758,11.952,0.301777,-1,-1,-1
327,22,927.684,606.580,77.537,193.411,0.881774,-1,-1,-1
327,69,756.263,424.535,67.548,157.040,0.881459,-1,-1,-1
327,91,1430.717,831.589,91.062,162.115,0.873479,-1,-1,-1
327,54,1276.138,27.394,48.908,125.905,0.870248,-1,-1,-1
327,55,738.555,125.638,56.315,150.377,0.869249,-1,-1,-1
327,14,1574.546,36.824,71.604,121.960,0.865823,-1,-1,-1
327,20,1037.279,0.000,47.214,96.735,0.865427,-1,-1,-1
327,81,1542.863,627.167,89.249,187.079,0.863990,-1,-1,-1
327,87,42.390,659.254,94.861,181.837,0.861741,-1,-1,-1
327,86,1807.842,46.326,68.469,116.220,0.861539,-1,-1,-1
327,60,930.953,147.173,70.402,143.992,0.860580,-1,-1,-1
327,49,24.701,129.052,62.275,121.290,0.858559,-1,-1,-1
327,82,1780.805,0.000,53.633,118.923,0.858150,-1,-1,-1
327,79,0.000,339.768,67.740,152.771,0.855175,-1,-1,-1
327,85,1696.588,0.000,70.191,122.220,0.852065,-1,-1,-1
327,43,132.920,234.180,73.687,141.606,0.851391,-1,-1,-1
327,63,1004.658,153.779,45.677,125.140,0.849948,-1,-1,-1
327,24,1383.336,20.716,38.898,132.097,0.844316,-1,-1,-1
327,38,386.072,468.079,83.465,168.706,0.836675,-1,-1,-1
327,93,1810.275,104.659,62.756,126.858,0.833811,-1,-1,-1
327,77,1026.005,623.889,76.479,169.050,0.833259,-1,-1,-1
327,50,1050.400,74.651,36.446,118.353,0.831531,-1,-1,-1
327,27,1153.264,0.023,36.599,75.880,0.831204,-1,-1,-1
327,40,335.563,450.425,67.130,160.270,0.830711,-1,-1,-1
327,34,1216.617,0.000,32.235,72.499,0.829880,-1,-1,-1
327,78,1636.882,29.437,45.525,116.671,0.828525,-1,-1,-1
327,70,990.791,46.148,40.805,114.283,0.824310,-1,-1,-1
327,33,891.293,7.435,49.387,105.635,0.824123,-1,-1,-1
327,92,948.336,6.454,40.202,117.014,0.820712,-1,-1,-1
327,100,1404.443,999.879,107.737,80.053,0.817311,-1,-1,-1
327,84,984.511,0.000,34.608,59.133,0.804361,-1,-1,-1
327,72,1118.794,0.381,29.089,76.880,0.770423,-1,-1,-1
327,99,1148.502,1022.998,90.923,56.923,0.733676,-1,-1,-1
327,56,426.825,468.496,83.176,143.030,0.701741,-1,-1,-1
327,94,634.407,0.000,29.977,43.929,0.665641,-1,-1,-1
327,9,1845.798,601.084,74.133,181.849,0.628340,-1,-1,-1
327,98,1884.327,330.524,35.673,125.911,0.612959,-1,-1,-1
327,23,1280.273,0.000,29.155,19.012,0.559478,-1,-1,-1
327,96,923.512,0.000,28.618,20.542,0.405745,-1,-1,-1
327,71,405.475,0.000,56.656,11.407,0.326180,-1,-1,-1
327,42,1401.024,0.003,29.046,44.192,0.259426,-1,-1,-1
328,69,756.793,422.158,67.548,159.070,0.889481,-1,-1,-1
328,22,926.686,608.923,77.167,190.258,0.877432,-1,-1,-1
328,77,1020.061,619.801,80.477,173.325,0.871728,-1,-1,-1
328,54,1275.965,25.521,49.577,127.546,0.870527,-1,-1,-1
328,14,1574.151,35.918,68.707,124.024,0.869091,-1,-1,-1
328,81,1544.081,624.338,98.756,189.676,0.867147,-1,-1,-1
328,93,1811.285,101.878,59.713,133.719,0.866926,-1,-1,-1
328,20,1037.198,0.000,46.964,94.834,0.863936,-1,-1,-1
328,43,132.160,235.656,74.282,143.128,0.863895,-1,-1,-1
328,49,24.469,128.817,59.567,121.229,0.861829,-1,-1,-1
328,55,739.934,123.708,55.398,151.203,0.861277,-1,-1,-1
328,60,930.166,147.637,71.013,143.765,0.861026,-1,-1,-1
328,79,0.000,340.792,69.113,153.310,0.860567,-1,-1,-1
328,86,1807.300,44.520,67.631,118.936,0.859777,-1,-1,-1
328,91,1428.433,826.048,93.488,165.471,0.859502,-1,-1,-1
328,85,1695.987,0.000,68.985,121.127,0.858331,-1,-1,-1
328,63,1005.062,153.989,46.432,124.954,0.857061,-1,-1,-1
328,87,43.931,661.120,93.389,179.312,0.851724,-1,-1,-1
328,24,1383.617,18.949,39.098,133.458,0.848865,-1,-1,-1
328,78,1635.047,28.371,45.504,115.023,0.848763,-1,-1,-1
328,82,1780.566,0.000,52.751,117.919,0.848106,-1,-1,-1
328,38,386.232,467.827,81.489,168.764,0.834723,-1,-1,-1
328,34,1216.585,0.000,32.318,72.357,0.834173,-1,-1,-1
328,27,1153.221,0.042,36.713,75.685,0.831380,-1,-1,-1
328,50,1049.990,73.114,36.777,118.319,0.830003,-1,-1,-1
328,100,1403.060,993.940,111.007,86.057,0.826134,-1,-1,-1
328,40,336.118,449.945,66.404,160.164,0.825359,-1,-1,-1
328,70,990.606,46.674,41.660,113.919,0.813595,-1,-1,-1
328,33,896.046,6.439,45.748,107.771,0.806877,-1,-1,-1
328,92,950.059,7.378,38.316,117.103,0.786311,-1,-1,-1
328,99,1146.709,1016.545,85.311,63.415,0.763929,-1,-1,-1
328,84,984.175,0.000,35.162,60.558,0.759911,-1,-1,-1
328,72,1118.986,0.294,47.521,76.670,0.746210,-1,-1,-1
328,9,1845.792,593.707,74.067,241.502,0.716977,-1,-1,-1
328,98,1883.961,325.227,36.039,129.997,0.705398,-1,-1,-1
328,56,426.948,468.363,83.352,142.839,0.677296,-1,-1,-1
328,94,633.275,0.000,30.720,44.989,0.676776,-1,-1,-1
328,23,1279.625,0.000,28.926,16.964,0.484618,-1,-1,-1
328,42,1399.378,0.050,29.127,42.299,0.344975,-1,-1,-1
328,96,924.192,0.061,27.633,21.963,0.315458,-1,-1,-1
329,69,757.080,418.706,68.295,161.077,0.883972,-1,-1,-1
329,22,927.769,613.571,75.824,185.009,0.880925,-1,-1,-1
329,14,1573.892,33.575,64.580,124.290,0.869147,-1,-1,-1
329,54,1275.334,24.047,51.144,128.100,0.868131,-1,-1,-1
329,85,1694.764,0.000,67.997,117.793,0.867797,-1,-1,-1
329,79,0.000,346.460,70.221,152.034,0.867694,-1,-1,-1
329,60,930.035,148.910,70.959,142.414,0.866876,-1,-1,-1
329,87,43.303,667.000,101.261,180.966,0.862086,-1,-1,-1
329,91,1424.137,818.033,97.035,170.981,0.861290,-1,-1,-1
329,93,1807.452,39.607,65.083,184.935,0.857978,-1,-1,-1
329,63,1005.785,156.593,47.004,121.501,0.857716,-1,-1,-1
329,20,1036.787,0.000,46.152,93.844,0.857087,-1,-1,-1
329,49,24.037,128.482,55.245,121.287,0.856775,-1,-1,-1
329,77,1013.541,614.221,81.517,178.293,0.856679,-1,-1,-1
329,55,741.685,120.030,53.947,148.903,0.855930,-1,-1,-1
329,82,1779.804,0.000,51.226,116.481,0.850335,-1,-1,-1
329,24,1383.586,20.548,39.633,130.963,0.847432,-1,-1,-1
329,100,1401.094,976.543,109.219,103.383,0.843505,-1,-1,-1
329,78,1631.595,25.655,45.630,117.072,0.842565,-1,-1,-1
329,27,1152.962,0.007,37.333,75.100,0.839834,-1,-1,-1
329,43,130.281,238.689,78.330,148.479,0.838974,-1,-1,-1
329,50,1049.721,69.461,37.416,117.523,0.836417,-1,-1,-1
329,34,1216.677,0.000,32.793,71.455,0.832209,-1,-1,-1
329,81,1545.439,618.819,87.375,193.685,0.822919,-1,-1,-1
329,40,336.178,449.313,66.942,160.210,0.808672,-1,-1,-1
329,70,994.751,47.654,38.755,115.365,0.800998,-1,-1,-1
329,92,951.220,8.799,37.822,115.808,0.800864,-1,-1,-1
329,38,386.018,467.150,86.645,169.106,0.791700,-1,-1,-1
329,33,907.942,6.142,32.827,105.292,0.767805,-1,-1,-1
329,72,1119.506,0.106,29.451,76.366,0.762752,-1,-1,-1
329,84,983.374,0.000,36.040,62.197,0.740102,-1,-1,-1
329,56,427.031,468.415,83.309,141.949,0.735423,-1,-1,-1
329,94,631.344,0.000,32.733,47.792,0.677645,-1,-1,-1
329,98,1884.502,348.142,35.498,106.583,0.669290,-1,-1,-1
329,9,1848.257,614.074,71.639,181.320,0.595432,-1,-1,-1
329,42,1397.933,0.096,30.116,35.747,0.450396,-1,-1,-1
329,71,408.613,0.000,68.248,10.497,0.378025,-1,-1,-1
329,23,1279.642,0.000,25.756,14.742,0.348637,-1,-1,-1
330,79,0.000,348.633,70.653,152.459,0.880779,-1,-1,-1
330,69,757.677,416.514,68.123,162.824,0.879764,-1,-1,-1
330,22,919.249,615.807,83.239,182.088,0.875653,-1,-1,-1
330,85,1693.946,0.000,67.304,114.928,0.868833,-1,-1,-1
330,54,1275.188,23.274,51.465,128.544,0.866948,-1,-1,-1
330,14,1574.189,32.297,62.274,125.079,0.865787,-1,-1,-1
330,63,1007.403,157.193,45.119,120.398,0.862265,-1,-1,-1
330,91,1424.914,814.560,95.028,176.201,0.861299,-1,-1,-1
330,60,931.495,149.497,68.743,141.719,0.860708,-1,-1,-1
330,93,1807.931,37.184,63.937,182.172,0.860280,-1,-1,-1
330,49,23.843,128.584,52.990,121.214,0.858423,-1,-1,-1
330,20,1036.316,0.000,45.833,92.354,0.856876,-1,-1,-1
330,55,742.076,117.544,53.591,148.422,0.856187,-1,-1,-1
330,87,46.566,668.432,103.592,189.463,0.853220,-1,-1,-1
330,82,1779.875,0.000,50.230,114.384,0.849205,-1,-1,-1
330,43,129.659,240.478,77.722,149.690,0.845726,-1,-1,-1
330,24,1383.740,20.813,40.123,130.381,0.844653,-1,-1,-1
330,78,1630.816,24.076,44.515,118.474,0.842003,-1,-1,-1
330,100,1399.855,972.844,108.394,107.118,0.840261,-1,-1,-1
330,27,1153.112,0.041,37.317,74.309,0.839841,-1,-1,-1
330,50,1050.014,66.466,36.536,116.070,0.839650,-1,-1,-1
330,70,993.801,48.763,40.231,114.970,0.836038,-1,-1,-1
330,81,1548.311,615.940,93.643,194.693,0.835588,-1,-1,-1
330,34,1216.707,0.000,32.907,70.723,0.830437,-1,-1,-1
330,77,1010.418,611.240,81.243,181.581,0.829980,-1,-1,-1
330,38,385.501,466.808,101.575,169.279,0.814708,-1,-1,-1
330,92,952.034,9.116,37.583,115.619,0.811934,-1,-1,-1
330,84,983.349,0.000,35.766,59.888,0.807946,-1,-1,-1
330,40,336.660,449.182,67.529,161.199,0.800679,-1,-1,-1
330,9,1846.186,620.700,73.709,213.269,0.782083,-1,-1,-1
330,33,913.135,0.397,35.897,109.152,0.768961,-1,-1,-1
330,72,1119.792,0.134,28.760,76.228,0.768315,-1,-1,-1
330,56,428.068,467.259,82.533,142.982,0.735636,-1,-1,-1
330,98,1884.532,345.907,35.468,108.389,0.733465,-1,-1,-1
330,94,631.296,0.000,32.330,48.853,0.674126,-1,-1,-1
330,42,1394.256,0.051,33.997,40.946,0.474879,-1,-1,-1
331,79,0.000,350.447,71.255,152.252,0.883296,-1,-1,-1
331,69,757.958,414.361,68.073,163.662,0.874741,-1,-1,-1
331,22,925.234,618.262,74.860,179.981,0.871219,-1,-1,-1
331,85,1693.507,0.000,66.641,112.798,0.868280,-1,-1,-1
331,14,1573.706,30.061,60.045,122.976,0.866402,-1,-1,-1
331,60,933.039,150.219,67.076,140.402,0.865760,-1,-1,-1
331,54,1275.266,22.338,51.400,129.313,0.865585,-1,-1,-1
331,63,1007.711,158.682,45.288,119.375,0.865023,-1,-1,-1
331,82,1775.252,0.000,53.990,112.040,0.859154,-1,-1,-1
331,55,742.340,115.409,54.095,146.485,0.858470,-1,-1,-1
331,93,1807.858,34.729,63.681,182.183,0.851418,-1,-1,-1
331,49,23.943,128.967,50.701,119.878,0.850545,-1,-1,-1
331,77,1008.541,609.257,80.059,183.171,0.850445,-1,-1,-1
331,20,1036.688,0.000,45.120,91.529,0.847331,-1,-1,-1
331,87,50.907,669.906,103.810,197.931,0.846237,-1,-1,-1
331,24,1383.786,21.438,40.996,129.758,0.845567,-1,-1,-1
331,50,1050.369,64.094,36.483,114.933,0.843568,-1,-1,-1
331,100,1399.077,968.790,109.842,111.210,0.843031,-1,-1,-1
331,27,1153.047,0.014,37.961,74.330,0.842891,-1,-1,-1
331,91,1427.001,811.342,91.461,186.329,0.842878,-1,-1,-1
331,38,384.885,466.605,86.106,168.929,0.841582,-1,-1,-1
331,70,995.298,50.386,39.711,112.839,0.838834,-1,-1,-1
331,43,129.159,242.125,78.360,151.072,0.838378,-1,-1,-1
331,34,1216.566,0.000,33.279,70.455,0.831654,-1,-1,-1
331,78,1624.616,23.154,47.871,120.594,0.823567,-1,-1,-1
331,81,1545.297,611.718,87.717,195.278,0.819017,-1,-1,-1
331,84,982.926,0.013,36.476,62.633,0.805803,-1,-1,-1
331,40,337.018,448.871,67.226,160.430,0.794003,-1,-1,-1
331,92,952.250,8.999,37.314,115.688,0.792821,-1,-1,-1
331,72,1119.343,0.125,28.895,75.657,0.770436,-1,-1,-1
331,9,1846.016,662.104,73.890,172.319,0.761268,-1,-1,-1
331,33,916.670,6.586,28.584,103.066,0.739092,-1,-1,-1
331,98,1884.649,343.441,35.351,111.453,0.736299,-1,-1,-1
331,56,427.870,465.977,82.927,143.964,0.724659,-1,-1,-1
331,94,631.154,0.000,33.522,48.895,0.668250,-1,-1,-1
331,42,1389.555,0.019,41.889,26.920,0.459100,-1,-1,-1
332,79,0.000,351.458,71.880,151.180,0.880757,-1,-1,-1
332,69,758.518,411.408,68.110,164.166,0.874647,-1,-1,-1
332,85,1693.106,0.000,66.354,108.445,0.874449,-1,-1,-1
332,60,934.822,150.677,65.680,139.356,0.872680,-1,-1,-1
332,22,928.605,621.040,70.580,176.092,0.872132,-1,-1,-1
332,14,1573.713,28.735,58.642,121.527,0.871997,-1,-1,-1
332,54,1275.481,21.258,51.305,130.019,0.865701,-1,-1,-1
332,63,1008.931,159.524,44.440,122.179,0.860700,-1,-1,-1
332,55,741.477,113.372,55.322,142.755,0.859769,-1,-1,-1
332,82,1770.354,0.000,58.564,111.756,0.858328,-1,-1,-1
332,20,1035.692,0.000,45.357,92.115,0.854908,-1,-1,-1
332,93,1808.005,32.594,63.000,184.425,0.852233,-1,-1,-1
332,87,54.922,671.794,102.142,204.192,0.851249,-1,-1,-1
332,77,1005.998,607.120,80.466,183.933,0.850880,-1,-1,-1
332,49,23.643,128.705,49.658,119.979,0.849577,-1,-1,-1
332,100,1398.565,963.626,108.501,116.360,0.847120,-1,-1,-1
332,38,385.652,466.199,94.146,168.808,0.846541,-1,-1,-1
332,70,996.180,51.557,39.938,113.085,0.844900,-1,-1,-1
332,50,1050.569,61.685,36.112,114.678,0.844824,-1,-1,-1
332,43,128.535,243.671,79.035,151.049,0.843590,-1,-1,-1
332,24,1383.878,19.018,41.300,132.055,0.842178,-1,-1,-1
332,81,1554.588,608.001,78.178,193.844,0.841151,-1,-1,-1
332,78,1620.907,21.673,48.800,120.725,0.839354,-1,-1,-1
332,27,1153.418,0.063,37.627,74.099,0.836746,-1,-1,-1
332,34,1216.557,0.000,33.579,70.499,0.833659,-1,-1,-1
332,91,1426.893,807.768,89.837,195.807,0.830113,-1,-1,-1
332,40,337.035,448.194,65.396,160.870,0.810516,-1,-1,-1
332,84,982.733,0.000,36.291,67.967,0.803688,-1,-1,-1
332,92,952.638,8.788,36.088,115.593,0.795351,-1,-1,-1
332,33,917.715,2.326,30.913,106.447,0.786091,-1,-1,-1
332,72,1119.568,0.085,28.576,75.748,0.774238,-1,-1,-1
332,98,1885.036,316.576,34.964,137.603,0.770819,-1,-1,-1
332,9,1850.413,643.194,69.500,191.939,0.762416,-1,-1,-1
332,56,427.131,465.736,84.268,144.049,0.719837,-1,-1,-1
332,94,630.521,0.000,34.354,49.891,0.674503,-1,-1,-1
333,79,0.000,352.362,71.735,149.709,0.883772,-1,-1,-1
333,69,758.615,408.560,67.667,163.492,0.882386,-1,-1,-1
333,54,1275.822,19.426,51.082,129.728,0.866688,-1,-1,-1
333,85,1693.075,0.000,65.894,103.781,0.864913,-1,-1,-1
333,82,1768.050,0.000,60.829,110.993,0.864271,-1,-1,-1
333,22,928.929,624.142,69.442,172.927,0.860720,-1,-1,-1
333,63,1009.232,160.549,44.698,125.509,0.860411,-1,-1,-1
333,60,938.789,151.205,62.101,138.860,0.859364,-1,-1,-1
333,14,1572.881,27.179,59.075,121.715,0.859161,-1,-1,-1
333,55,740.354,110.067,56.965,141.470,0.858517,-1,-1,-1
333,20,1035.385,0.000,45.319,90.451,0.853374,-1,-1,-1
333,87,55.928,674.683,104.316,206.523,0.850600,-1,-1,-1
333,24,1384.240,19.966,42.464,130.856,0.849450,-1,-1,-1
333,93,1808.487,31.360,61.859,185.174,0.849035,-1,-1,-1
333,50,1051.029,59.962,35.832,113.331,0.848799,-1,-1,-1
333,91,1426.252,802.323,88.218,188.094,0.847929,-1,-1,-1
333,81,1540.714,603.421,98.371,194.833,0.845794,-1,-1,-1
333,43,127.712,244.794,79.862,152.166,0.845166,-1,-1,-1
333,49,22.894,128.437,50.189,119.919,0.845033,-1,-1,-1
333,100,1399.004,954.042,107.279,125.885,0.840576,-1,-1,-1
333,70,997.857,52.520,39.594,113.170,0.839293,-1,-1,-1
333,27,1135.550,0.007,55.891,73.917,0.838533,-1,-1,-1
333,78,1616.714,21.441,51.247,121.109,0.836688,-1,-1,-1
333,34,1216.486,0.000,34.002,70.054,0.835561,-1,-1,-1
333,38,386.455,470.189,74.639,164.533,0.833961,-1,-1,-1
333,40,336.864,447.770,66.053,160.790,0.814717,-1,-1,-1
333,84,981.675,0.000,37.354,72.022,0.788461,-1,-1,-1
333,98,1885.061,307.936,34.939,145.847,0.788068,-1,-1,-1
333,92,951.562,8.325,33.589,115.664,0.780666,-1,-1,-1
333,56,452.932,473.160,58.356,136.265,0.772062,-1,-1,-1
333,33,917.468,1.779,34.136,109.932,0.766926,-1,-1,-1
333,72,1119.696,0.178,28.680,75.110,0.764579,-1,-1,-1
333,9,1853.022,637.103,66.947,198.728,0.755502,-1,-1,-1
333,77,1001.494,601.281,81.965,189.774,0.725477,-1,-1,-1
333,94,631.014,0.000,33.673,49.234,0.688356,-1,-1,-1
333,42,1391.257,0.014,37.487,32.559,0.574059,-1,-1,-1
334,79,0.000,354.023,72.302,148.334,0.881396,-1,-1,-1
334,69,760.258,403.018,66.139,160.390,0.879990,-1,-1,-1
334,81,1556.593,593.926,86.381,184.049,0.876344,-1,-1,-1
334,82,1763.526,0.000,64.823,110.133,0.873562,-1,-1,-1
334,100,1397.795,944.819,108.076,135.062,0.873133,-1,-1,-1
334,77,1000.240,597.511,77.153,189.368,0.868961,-1,-1,-1
334,54,1276.002,15.764,50.595,129.880,0.866148,-1,-1,-1
334,14,1569.158,24.539,58.842,123.747,0.864910,-1,-1,-1
334,60,942.920,153.842,59.094,138.566,0.858626,-1,-1,-1
334,63,1009.598,163.931,44.990,128.269,0.858034,-1,-1,-1
334,85,1692.810,0.006,64.510,103.331,0.857219,-1,-1,-1
334,91,1424.442,793.221,85.351,181.819,0.852008,-1,-1,-1
334,22,929.676,632.430,68.210,183.593,0.849007,-1,-1,-1
334,24,1384.559,19.959,42.904,130.759,0.848328,-1,-1,-1
334,93,1808.239,29.754,60.831,186.411,0.847575,-1,-1,-1
334,49,22.647,129.237,50.500,119.926,0.847121,-1,-1,-1
334,78,1613.677,20.370,48.953,121.711,0.846984,-1,-1,-1
334,20,1033.765,0.000,45.797,89.530,0.846823,-1,-1,-1
334,87,59.802,682.037,103.549,204.995,0.845815,-1,-1,-1
334,70,1000.190,53.907,39.583,114.217,0.844544,-1,-1,-1
334,50,1052.959,57.207,33.868,114.631,0.842870,-1,-1,-1
334,27,1153.610,0.056,37.675,73.617,0.837875,-1,-1,-1
334,34,1216.403,0.000,33.895,69.780,0.835240,-1,-1,-1
334,43,125.933,249.505,80.839,151.418,0.830119,-1,-1,-1
334,40,336.990,447.260,65.483,161.327,0.821835,-1,-1,-1
334,38,390.535,465.669,74.220,169.391,0.811014,-1,-1,-1
334,98,1875.071,290.555,44.929,162.458,0.810119,-1,-1,-1
334,33,920.405,0.132,41.028,108.158,0.796987,-1,-1,-1
334,55,741.991,105.887,55.738,140.734,0.791992,-1,-1,-1
334,84,980.220,0.000,38.834,75.109,0.789578,-1,-1,-1
334,9,1848.866,641.393,71.099,192.387,0.778465,-1,-1,-1
334,72,1119.255,0.074,29.237,74.660,0.772087,-1,-1,-1
334,92,952.850,10.551,32.434,114.093,0.759031,-1,-1,-1
334,94,632.097,0.000,36.549,49.102,0.741609,-1,-1,-1
334,56,428.669,466.639,82.229,142.595,0.735299,-1,-1,-1
334,42,1392.653,0.000,33.898,24.736,0.669264,-1,-1,-1
335,82,1761.715,0.000,66.246,109.388,0.880397,-1,-1,-1
335,79,0.000,355.167,73.799,146.773,0.876980,-1,-1,-1
335,69,760.842,399.653,65.420,154.853,0.875090,-1,-1,-1
335,81,1558.870,588.896,83.526,179.917,0.869257,-1,-1,-1
335,60,943.614,155.166,59.138,140.952,0.868901,-1,-1,-1
335,14,1566.807,23.565,59.833,124.658,0.868379,-1,-1,-1
335,54,1275.929,12.814,50.366,130.026,0.865308,-1,-1,-1
335,93,1806.344,29.143,62.115,186.514,0.862314,-1,-1,-1
335,87,61.173,685.052,103.006,203.749,0.860066,-1,-1,-1
335,77,953.057,593.706,120.942,190.029,0.857540,-1,-1,-1
335,63,1010.011,166.129,44.635,128.225,0.855026,-1,-1,-1
335,85,1692.832,0.000,63.151,102.313,0.853978,-1,-1,-1
335,78,1605.702,19.523,55.327,121.634,0.853796,-1,-1,-1
335,100,1397.408,932.165,109.109,147.694,0.851369,-1,-1,-1
335,70,1001.226,53.363,39.605,115.355,0.851348,-1,-1,-1
335,24,1384.659,20.524,42.832,130.141,0.849479,-1,-1,-1
335,49,22.481,129.467,50.562,120.682,0.847017,-1,-1,-1
335,91,1423.472,787.467,85.204,177.487,0.843628,-1,-1,-1
335,50,1053.620,56.630,32.889,115.004,0.843152,-1,-1,-1
335,20,1033.268,0.000,45.758,89.317,0.836684,-1,-1,-1
335,27,1153.500,0.049,37.718,73.632,0.836614,-1,-1,-1
335,34,1216.445,0.000,33.847,69.821,0.836499,-1,-1,-1
335,22,930.107,636.745,68.043,192.046,0.832257,-1,-1,-1
335,43,124.637,250.919,81.732,151.134,0.826600,-1,-1,-1
335,40,336.997,446.955,65.423,161.379,0.817041,-1,-1,-1
335,98,1870.908,288.757,49.092,163.736,0.816100,-1,-1,-1
335,55,746.089,103.888,51.687,142.468,0.808375,-1,-1,-1
335,38,389.098,465.056,97.625,169.653,0.804424,-1,-1,-1
335,33,921.066,0.000,63.735,126.497,0.798041,-1,-1,-1
335,84,976.901,0.000,42.455,78.568,0.795296,-1,-1,-1
335,9,1845.828,648.239,73.967,186.998,0.784092,-1,-1,-1
335,72,1119.612,0.125,29.064,74.666,0.762115,-1,-1,-1
335,94,631.576,0.000,36.919,49.221,0.751048,-1,-1,-1
335,56,428.482,466.437,82.236,142.439,0.717740,-1,-1,-1
335,42,1391.288,0.000,34.993,24.401,0.710190,-1,-1,-1
335,92,951.153,10.059,34.680,114.825,0.696522,-1,-1,-1
336,82,1761.042,0.000,67.063,109.100,0.879209,-1,-1,-1
336,79,0.000,355.924,74.236,146.205,0.875062,-1,-1,-1
336,69,760.952,396.300,64.699,151.820,0.874728,-1,-1,-1
336,100,1395.104,933.404,110.150,146.460,0.873944,-1,-1,-1
336,81,1558.085,583.911,88.508,175.743,0.871617,-1,-1,-1
336,60,945.004,157.144,58.433,144.821,0.869198,-1,-1,-1
336,14,1562.040,23.001,62.229,125.593,0.868745,-1,-1,-1
336,54,1276.038,9.747,50.268,128.570,0.868155,-1,-1,-1
336,93,1802.141,28.478,64.950,187.014,0.866383,-1,-1,-1
336,85,1692.369,0.000,62.686,101.493,0.859420,-1,-1,-1
336,91,1422.009,783.341,85.768,164.742,0.857971,-1,-1,-1
336,63,1010.460,166.711,44.222,129.561,0.853922,-1,-1,-1
336,87,63.746,687.912,101.180,202.829,0.853160,-1,-1,-1
336,78,1608.084,18.040,50.094,121.949,0.852497,-1,-1,-1
336,49,21.997,129.518,51.096,122.013,0.850518,-1,-1,-1
336,70,1002.320,53.516,40.138,116.266,0.849693,-1,-1,-1
336,77,994.690,590.491,76.028,188.193,0.848141,-1,-1,-1
336,24,1384.779,20.392,43.131,130.190,0.848075,-1,-1,-1
336,22,929.298,641.005,68.578,196.350,0.844614,-1,-1,-1
336,43,122.903,252.119,82.105,148.414,0.844273,-1,-1,-1
336,50,1053.428,55.658,33.054,115.576,0.837074,-1,-1,-1
336,34,1216.386,0.000,33.775,69.705,0.836634,-1,-1,-1
336,27,1153.689,0.017,37.461,73.625,0.836354,-1,-1,-1
336,20,1032.942,0.000,46.026,90.817,0.836312,-1,-1,-1
336,98,1864.556,289.701,55.444,162.857,0.828608,-1,-1,-1
336,55,747.115,101.672,50.711,144.427,0.818620,-1,-1,-1
336,40,337.116,446.810,66.237,161.248,0.810637,-1,-1,-1
336,38,391.305,464.492,87.735,169.934,0.806618,-1,-1,-1
336,33,921.822,6.639,35.541,101.066,0.804762,-1,-1,-1
336,84,976.537,0.000,42.066,80.661,0.780729,-1,-1,-1
336,92,952.729,10.369,33.144,117.591,0.756984,-1,-1,-1
336,94,630.976,0.000,37.594,49.420,0.753238,-1,-1,-1
336,9,1864.235,655.563,55.728,191.136,0.740634,-1,-1,-1
336,56,433.590,467.782,76.581,141.017,0.717597,-1,-1,-1
336,72,1119.858,0.000,28.110,74.397,0.715816,-1,-1,-1
336,42,1387.837,0.000,41.206,24.291,0.672879,-1,-1,-1
337,100,1388.511,927.363,115.580,152.400,0.891920,-1,-1,-1
337,69,760.372,393.177,66.440,147.888,0.876172,-1,-1,-1
337,81,1557.002,579.248,87.609,174.481,0.874641,-1,-1,-1
337,79,0.000,357.266,75.741,150.301,0.871805,-1,-1,-1
337,14,1557.491,22.656,63.616,126.022,0.871263,-1,-1,-1
337,54,1276.358,7.634,49.942,126.046,0.867534,-1,-1,-1
337,82,1760.685,0.000,66.567,107.538,0.867147,-1,-1,-1
337,60,945.346,159.137,58.750,145.977,0.866673,-1,-1,-1
337,93,1799.245,27.739,69.323,186.588,0.864297,-1,-1,-1
337,85,1690.761,0.010,63.014,101.845,0.863167,-1,-1,-1
337,91,1420.550,778.665,87.372,170.739,0.856385,-1,-1,-1
337,49,21.447,129.628,51.508,122.569,0.852553,-1,-1,-1
337,63,1010.393,168.511,44.463,127.953,0.852321,-1,-1,-1
337,24,1384.979,20.739,43.253,129.786,0.848789,-1,-1,-1
337,70,1003.383,54.401,40.540,117.229,0.845820,-1,-1,-1
337,98,1859.707,281.301,60.293,170.490,0.845633,-1,-1,-1
337,22,929.164,644.528,72.752,199.247,0.844032,-1,-1,-1
337,87,64.188,689.929,101.239,202.828,0.842212,-1,-1,-1
337,78,1610.354,17.356,44.671,122.264,0.841981,-1,-1,-1
337,77,992.933,586.604,75.154,184.880,0.839766,-1,-1,-1
337,20,1032.385,0.000,46.348,89.803,0.838041,-1,-1,-1
337,50,1053.388,55.286,33.219,116.147,0.836493,-1,-1,-1
337,27,1153.710,0.026,37.431,73.619,0.836163,-1,-1,-1
337,34,1216.447,0.000,33.671,69.727,0.835241,-1,-1,-1
337,43,121.598,253.332,81.609,148.125,0.826351,-1,-1,-1
337,55,747.482,100.505,50.321,145.644,0.814111,-1,-1,-1
337,40,337.064,446.104,65.513,161.995,0.809893,-1,-1,-1
337,38,389.522,469.970,71.425,164.446,0.803749,-1,-1,-1
337,33,922.692,6.750,41.081,101.448,0.790244,-1,-1,-1
337,84,975.303,0.000,43.463,79.140,0.775747,-1,-1,-1
337,94,629.929,0.052,38.445,50.681,0.746326,-1,-1,-1
337,72,1119.412,0.000,28.385,73.722,0.725308,-1,-1,-1
337,56,431.074,466.927,79.117,141.887,0.724076,-1,-1,-1
337,92,956.876,11.459,28.252,120.217,0.714729,-1,-1,-1
337,9,1869.371,658.186,50.558,201.783,0.705272,-1,-1,-1
337,42,1385.717,0.000,42.557,24.420,0.653966,-1,-1,-1
338,100,1385.054,921.308,117.516,157.688,0.884767,-1,-1,-1
338,14,1553.350,21.899,65.262,126.109,0.875604,-1,-1,-1
338,69,760.503,390.651,66.799,147.403,0.874353,-1,-1,-1
338,93,1796.821,26.318,72.034,186.437,0.872403,-1,-1,-1
338,81,1556.830,576.834,84.360,176.110,0.868091,-1,-1,-1
338,54,1277.098,5.586,49.239,125.957,0.865762,-1,-1,-1
338,60,945.619,161.119,59.879,145.637,0.865759,-1,-1,-1
338,79,0.068,358.919,76.932,157.549,0.865180,-1,-1,-1
338,77,990.630,582.699,73.515,178.940,0.864202,-1,-1,-1
338,85,1688.159,0.075,64.288,101.646,0.863924,-1,-1,-1
338,91,1420.075,773.221,87.420,172.762,0.863607,-1,-1,-1
338,82,1760.105,0.000,67.261,107.502,0.861070,-1,-1,-1
338,63,1010.279,169.847,44.745,126.948,0.856006,-1,-1,-1
338,49,20.976,129.614,52.068,122.990,0.850991,-1,-1,-1
338,22,929.655,649.360,72.283,197.401,0.850465,-1,-1,-1
338,98,1856.957,277.549,63.043,173.582,0.849519,-1,-1,-1
338,24,1384.778,21.270,43.935,129.183,0.846337,-1,-1,-1
338,70,1005.274,54.848,40.389,117.102,0.846072,-1,-1,-1
338,20,1031.698,0.000,47.109,88.731,0.846015,-1,-1,-1
338,87,66.053,693.197,100.859,199.782,0.841679,-1,-1,-1
338,27,1153.148,0.000,38.349,73.538,0.834720,-1,-1,-1
338,34,1216.365,0.000,33.838,69.746,0.834366,-1,-1,-1
338,43,120.264,254.585,81.652,147.749,0.833724,-1,-1,-1
338,50,1053.403,54.557,33.552,116.760,0.832222,-1,-1,-1
338,78,1608.234,15.808,45.295,122.871,0.830324,-1,-1,-1
338,40,336.841,445.735,65.224,162.159,0.818723,-1,-1,-1
338,38,388.851,464.403,75.314,170.077,0.804105,-1,-1,-1
338,55,746.784,99.558,50.902,146.414,0.778434,-1,-1,-1
338,33,923.875,0.046,61.339,134.123,0.775630,-1,-1,-1
338,84,974.793,0.000,43.002,81.132,0.768238,-1,-1,-1
338,56,453.338,473.214,57.355,135.650,0.757044,-1,-1,-1
338,94,630.666,0.011,37.878,53.988,0.751499,-1,-1,-1
338,42,1384.652,0.000,45.061,24.713,0.697698,-1,-1,-1
338,92,955.637,12.297,29.512,122.648,0.692863,-1,-1,-1
338,72,1117.712,0.000,29.474,75.276,0.659971,-1,-1,-1
338,9,1868.757,662.842,51.169,180.629,0.656912,-1,-1,-1
339,69,759.679,386.311,68.785,151.478,0.883550,-1,-1,-1
339,100,1382.873,910.188,114.038,169.415,0.881281,-1,-1,-1
339,14,1544.933,21.743,68.533,126.656,0.878310,-1,-1,-1
339,60,947.111,164.429,60.697,145.224,0.866797,-1,-1,-1
339,93,1795.997,22.712,68.985,184.929,0.866321,-1,-1,-1
339,54,1279.206,2.538,47.532,124.306,0.866214,-1,-1,-1
339,85,1686.851,0.000,62.890,101.554,0.865774,-1,-1,-1
339,81,1553.974,571.898,90.072,180.870,0.864343,-1,-1,-1
339,77,989.830,575.121,71.131,168.043,0.861051,-1,-1,-1
339,82,1759.247,0.121,68.761,102.924,0.860028,-1,-1,-1
339,79,1.346,363.060,76.410,164.525,0.858688,-1,-1,-1
339,63,1010.539,172.233,44.861,124.701,0.857426,-1,-1,-1
339,98,1853.244,270.984,66.756,175.633,0.856424,-1,-1,-1
339,22,931.165,656.183,71.419,197.314,0.848447,-1,-1,-1
339,49,20.085,129.866,52.442,123.418,0.847775,-1,-1,-1
339,24,1385.155,21.876,43.802,128.534,0.846531,-1,-1,-1
339,70,1009.136,56.122,38.429,115.760,0.842979,-1,-1,-1
339,87,70.287,698.125,98.861,195.350,0.841988,-1,-1,-1
339,20,1030.105,0.000,48.241,91.344,0.841127,-1,-1,-1
339,34,1216.035,0.000,34.170,69.726,0.835922,-1,-1,-1
339,55,750.044,98.227,47.944,147.794,0.834486,-1,-1,-1
339,91,1417.552,764.878,88.757,178.071,0.834237,-1,-1,-1
339,94,627.208,0.006,41.598,59.317,0.833819,-1,-1,-1
339,50,1054.484,52.569,33.693,117.245,0.833021,-1,-1,-1
339,27,1153.763,0.007,37.740,73.705,0.830894,-1,-1,-1
339,78,1604.685,11.718,45.620,119.888,0.828774,-1,-1,-1
339,38,386.530,463.926,94.106,170.102,0.814319,-1,-1,-1
339,40,336.581,445.748,65.807,162.168,0.809307,-1,-1,-1
339,33,924.876,0.081,58.192,138.674,0.805679,-1,-1,-1
339,43,117.391,256.597,80.473,145.074,0.804998,-1,-1,-1
339,84,972.888,0.000,41.840,97.377,0.794842,-1,-1,-1
339,56,427.115,464.462,83.413,144.415,0.737969,-1,-1,-1
339,72,1113.815,0.000,34.482,75.404,0.690899,-1,-1,-1
339,42,1381.752,0.000,45.909,24.509,0.646720,-1,-1,-1
339,9,1867.021,668.276,52.943,166.318,0.587262,-1,-1,-1
340,14,1541.956,21.372,68.659,127.057,0.889561,-1,-1,-1
340,69,759.642,384.198,68.919,153.400,0.882249,-1,-1,-1
340,100,1383.546,910.902,108.466,168.914,0.881250,-1,-1,-1
340,81,1553.475,570.144,93.225,182.896,0.870128,-1,-1,-1
340,85,1686.896,0.000,61.021,101.433,0.867728,-1,-1,-1
340,54,1279.532,2.120,47.322,124.721,0.866558,-1,-1,-1
340,60,948.129,165.378,60.301,144.888,0.865966,-1,-1,-1
340,93,1795.513,20.759,67.617,182.315,0.865024,-1,-1,-1
340,91,1417.596,761.656,87.542,173.274,0.861904,-1,-1,-1
340,63,1010.948,173.753,44.961,123.814,0.859764,-1,-1,-1
340,98,1851.547,271.247,68.342,173.781,0.859491,-1,-1,-1
340,79,1.658,365.637,76.457,162.872,0.858576,-1,-1,-1
340,22,930.543,658.016,74.569,197.782,0.855666,-1,-1,-1
340,24,1385.232,22.290,43.844,128.206,0.849354,-1,-1,-1
340,49,19.279,130.544,53.010,123.566,0.847885,-1,-1,-1
340,43,116.440,257.152,79.733,143.700,0.844860,-1,-1,-1
340,78,1602.726,11.601,45.097,117.473,0.844775,-1,-1,-1
340,34,1216.121,0.000,33.874,69.689,0.839030,-1,-1,-1
340,87,73.181,700.072,96.230,193.827,0.836739,-1,-1,-1
340,82,1759.496,0.000,66.823,99.455,0.836606,-1,-1,-1
340,70,1009.731,57.027,39.646,115.957,0.836050,-1,-1,-1
340,55,750.083,97.812,48.287,147.977,0.835373,-1,-1,-1
340,94,626.907,0.001,42.240,61.194,0.833840,-1,-1,-1
340,27,1153.556,0.000,37.913,73.720,0.831698,-1,-1,-1
340,40,336.441,445.502,65.292,162.498,0.826476,-1,-1,-1
340,50,1053.890,50.128,34.603,118.774,0.817656,-1,-1,-1
340,20,1029.337,0.000,49.227,93.003,0.809389,-1,-1,-1
340,38,387.647,463.890,97.534,170.126,0.809247,-1,-1,-1
340,77,988.101,571.978,69.239,168.552,0.803389,-1,-1,-1
340,84,971.739,0.000,42.106,100.457,0.797786,-1,-1,-1
340,56,428.695,465.782,81.453,142.921,0.709527,-1,-1,-1
340,9,1872.078,674.839,47.794,160.693,0.706153,-1,-1,-1
340,33,931.295,4.977,51.562,137.379,0.675516,-1,-1,-1
340,42,1381.489,0.000,44.055,24.279,0.663578,-1,-1,-1
340,72,1109.712,0.000,37.529,75.815,0.657621,-1,-1,-1
340,96,923.804,0.042,26.011,26.485,0.647268,-1,-1,-1
341,14,1539.903,21.514,67.385,126.342,0.889051,-1,-1,-1
341,100,1382.748,907.331,106.043,172.139,0.883506,-1,-1,-1
341,81,1553.968,568.501,93.372,184.334,0.881799,-1,-1,-1
341,69,759.832,382.947,68.135,154.562,0.879436,-1,-1,-1
341,60,949.244,166.426,60.530,143.499,0.873609,-1,-1,-1
341,85,1686.896,0.000,59.554,101.524,0.867305,-1,-1,-1
341,99,1139.948,929.447,107.395,150.519,0.867162,-1,-1,-1
341,54,1279.527,1.756,47.297,125.236,0.865820,-1,-1,-1
341,91,1416.517,758.123,87.663,180.845,0.862497,-1,-1,-1
341,93,1794.845,18.881,68.150,180.835,0.856996,-1,-1,-1
341,63,1010.812,174.902,45.582,122.583,0.854968,-1,-1,-1
341,79,2.053,368.356,77.091,163.524,0.852386,-1,-1,-1
341,98,1851.741,267.523,68.080,172.676,0.851276,-1,-1,-1
341,24,1385.387,22.218,43.928,128.439,0.849984,-1,-1,-1
341,49,19.144,130.781,53.074,124.074,0.849488,-1,-1,-1
341,78,1600.160,10.513,45.346,116.166,0.847753,-1,-1,-1
341,43,114.944,257.630,80.014,142.616,0.845835,-1,-1,-1
341,82,1758.850,0.000,69.407,96.002,0.844234,-1,-1,-1
341,22,931.850,661.922,73.332,194.372,0.841727,-1,-1,-1
341,70,1008.357,57.656,42.555,117.728,0.840167,-1,-1,-1
341,34,1216.011,0.000,33.816,70.084,0.839096,-1,-1,-1
341,87,76.545,701.943,93.405,191.191,0.834127,-1,-1,-1
341,27,1153.276,0.000,38.153,73.725,0.831197,-1,-1,-1
341,40,336.197,445.621,65.783,162.411,0.818963,-1,-1,-1
341,20,1029.377,0.000,49.098,92.050,0.817043,-1,-1,-1
341,38,386.032,463.711,88.445,170.310,0.816980,-1,-1,-1
341,77,985.552,569.958,69.439,168.729,0.813829,-1,-1,-1
341,50,1054.029,49.610,35.236,117.720,0.812312,-1,-1,-1
341,94,628.037,0.000,41.040,62.471,0.806582,-1,-1,-1
341,55,750.387,97.097,48.514,148.448,0.806454,-1,-1,-1
341,84,971.415,0.000,41.578,100.704,0.783913,-1,-1,-1
341,56,428.087,464.297,82.177,144.546,0.731508,-1,-1,-1
341,42,1381.560,0.000,44.020,23.880,0.676807,-1,-1,-1
341,72,1120.497,0.000,26.210,75.371,0.671093,-1,-1,-1
341,9,1871.571,672.921,48.306,162.716,0.655419,-1,-1,-1
341,33,935.729,4.826,45.089,136.968,0.632300,-1,-1,-1
341,96,923.067,0.061,26.700,29.140,0.626313,-1,-1,-1
